"SubredditName","SubredditCovidComments","SubredditTotalComments","CovidPct"
"AskReddit","809","195594","0.41361186948474904"
"Coronavirus","732","9639","7.594148770619359"
"politics","676","73812","0.9158402427789519"
"news","625","22925","2.7262813522355507"
"nfl","431","62668","0.6877513244399055"
"Conservative","377","14674","2.569169960474308"
"NoNewNormal","323","3645","8.861454046639231"
"worldnews","280","24558","1.1401579933219317"
"conspiracy","270","16026","1.6847622613253463"
"ontario","247","3958","6.2405255179383525"
"AmItheAsshole","228","48042","0.4745847383539403"
"wallstreetbets","203","33800","0.6005917159763313"
"toronto","195","3446","5.658734764944864"
"melbourne","194","6136","3.1616688396349413"
"ukpolitics","184","6587","2.793380901776226"
"nba","177","31134","0.5685103102717286"
"fantasyfootball","176","28812","0.6108565875329723"
"PublicFreakout","171","28948","0.5907143844134309"
"SquaredCircle","170","20769","0.8185276132697771"
"hockey","157","20470","0.7669760625305325"
"LockdownSkepticism","152","1934","7.859358841778697"
"aww","144","16957","0.8492068172436162"
"nyc","134","3270","4.097859327217125"
"DDnews","128","300","42.666666666666664"
"soccer","126","22415","0.5621235779611867"
"PikabuNews","123","1082","11.367837338262477"
"canada","121","4287","2.822486587357126"
"unitedkingdom","115","3771","3.0495889684433837"
"CoronavirusUK","114","1904","5.987394957983193"
"relationship_advice","114","26440","0.43116490166414523"
"memes","112","81586","0.13727845463682495"
"COVID19positive","105","733","14.324693042291951"
"ireland","104","5221","1.991955564068186"
"pics","103","22416","0.45949321912919344"
"trump","95","6087","1.5607031378347298"
"ottawa","91","2178","4.178145087235996"
"Unemployment","90","4957","1.8156142828323583"
"unpopularopinion","90","22738","0.39581317618084266"
"neoliberal","89","14101","0.6311609105737181"
"IAmA","87","860","10.116279069767442"
"funny","76","22248","0.3416037396619921"
"vancouver","75","2871","2.6123301985370952"
"CoronavirusDownunder","72","1220","5.901639344262295"
"montreal","71","1120","6.339285714285714"
"australia","63","3688","1.70824295010846"
"france","63","4705","1.3390010626992561"
"Winnipeg","61","1422","4.289732770745429"
"insanepeoplefacebook","61","6955","0.8770668583752695"
"Portland","57","3009","1.8943170488534398"
"RoastMe","57","5913","0.9639776763064434"
"COVID19","56","456","12.280701754385966"
"China_Flu","56","266","21.05263157894737"
"Quebec","55","2071","2.6557218734910673"
"distantsocializing","55","22304","0.2465925394548063"
"AskTrumpSupporters","52","2819","1.844625753813409"
"CanadaPolitics","52","1065","4.882629107981221"
"CoronavirusCirclejerk","52","719","7.232267037552155"
"CoronavirusUS","52","486","10.699588477366255"
"CovIdiots","51","583","8.747855917667238"
"chicago","51","1631","3.126916002452483"
"Tennesseetitans","50","930","5.376344086021505"
"CanadaCoronavirus","49","502","9.760956175298805"
"teenagers","49","33991","0.14415580594863348"
"singapore","48","4586","1.0466637592673353"
"ChoosingBeggars","47","1991","2.360622802611753"
"Christianity","47","5604","0.8386866523911491"
"Advice","46","4853","0.9478672985781991"
"PoliticalHumor","46","9180","0.5010893246187363"
"askTO","46","902","5.099778270509978"
"leagueoflegends","46","31916","0.14412833688432133"
"pregnant","46","1693","2.7170702894270526"
"barstoolsports","45","6560","0.6859756097560976"
"thebachelor","45","4462","1.0085163603765128"
"EICERB","44","1031","4.267701260911736"
"NoStupidQuestions","44","9418","0.4671904863028244"
"steelers","43","1276","3.3699059561128526"
"Edmonton","42","881","4.767309875141884"
"LiverpoolFC","42","4515","0.9302325581395349"
"Teachers","42","1435","2.926829268292683"
"Calgary","41","1606","2.5529265255292652"
"JoeBiden","41","3154","1.2999365884590997"
"clevercomebacks","40","1564","2.557544757033248"
"donaldtrump","40","3190","1.2539184952978057"
"Anxiety","39","846","4.609929078014185"
"WhitePeopleTwitter","39","7315","0.5331510594668489"
"CFB","38","3494","1.0875787063537492"
"CoronavirusMa","38","304","12.5"
"FuckYouKaren","38","2847","1.3347383210396908"
"baseball","38","7929","0.47925337369151216"
"sports","38","617","6.158833063209076"
"reddevils","37","5610","0.6595365418894831"
"seattler4r","37","59","62.71186440677966"
"television","37","4410","0.8390022675736961"
"AskWomen","36","3166","1.137081490840177"
"PS5","36","11244","0.32017075773745995"
"PoliticalCompassMemes","36","20636","0.1744524132583834"
"Libertarian","35","5945","0.5887300252312868"
"halifax","35","1289","2.7152831652443754"
"Michigan","34","746","4.557640750670242"
"Sacramento","34","857","3.9673278879813303"
