"Country","Date","fips","Cases","Cases_daily","time","Cases_log","Cases_sum","n","coef.intercept","Exp_rate"
"Alabama",2020-03-20,"01",106,28,1,4.66343909411207,2499,20,NA,NA
"Alabama",2020-03-21,"01",131,25,2,4.87519732320115,2499,20,NA,NA
"Alabama",2020-03-22,"01",157,26,3,5.05624580534831,2499,20,NA,NA
"Alabama",2020-03-23,"01",196,39,4,5.27811465923052,2499,20,NA,NA
"Alabama",2020-03-24,"01",242,46,5,5.48893772615669,2499,20,NA,NA
"Alabama",2020-03-25,"01",386,144,6,5.95583736946483,2499,20,NA,NA
"Alabama",2020-03-26,"01",538,152,7,6.28785856016178,2499,20,4.30548573231292,26.6686800410175
"Alabama",2020-03-27,"01",639,101,8,6.45990445437753,2499,20,4.21903698302897,28.1966771906801
"Alabama",2020-03-28,"01",720,81,9,6.5792512120101,2499,20,4.21555354576043,27.6125594438733
"Alabama",2020-03-29,"01",830,110,10,6.72142570079064,2499,20,4.35653315927389,25.052239933214
"Alabama",2020-03-30,"01",947,117,11,6.85329909318608,2499,20,4.64502961213877,21.1273336271004
"Alabama",2020-03-31,"01",999,52,12,6.90675477864855,2499,20,5.17324763623008,15.1612662143317
"Alabama",2020-04-01,"01",1106,107,13,7.00850518208228,2499,20,5.49896828465117,11.8917442695697
"Alabama",2020-04-02,"01",1270,164,14,7.14677217945264,2499,20,5.59124315273886,11.0872864043842
"Alabama",2020-04-03,"01",1535,265,15,7.3362856600213,2499,20,5.53161237649003,11.7035799651921
"Alabama",2020-04-04,"01",1633,98,16,7.39817409297047,2499,20,5.55049294662235,11.5579846821929
"Alabama",2020-04-05,"01",1841,208,17,7.51806418123308,2499,20,5.51437926715156,11.803265609728
"Alabama",2020-04-06,"01",2006,165,18,7.60389796852188,2499,20,5.47302049821891,12.0069624337122
"Alabama",2020-04-07,"01",2197,191,19,7.69484807238461,2499,20,5.58375889366246,11.2680670366331
"Alabama",2020-04-08,"01",2499,302,20,7.82364593083495,2499,20,5.70992011130181,10.5481069800893
"Alaska",2020-03-28,"02",102,17,1,4.62497281328427,224,12,NA,NA
"Alaska",2020-03-29,"02",114,12,2,4.7361984483945,224,12,NA,NA
"Alaska",2020-03-30,"02",119,5,3,4.77912349311153,224,12,NA,NA
"Alaska",2020-03-31,"02",133,14,4,4.89034912822175,224,12,NA,NA
"Alaska",2020-04-01,"02",143,10,5,4.96284463025991,224,12,NA,NA
"Alaska",2020-04-02,"02",146,3,6,4.98360662170834,224,12,NA,NA
"Alaska",2020-04-03,"02",156,10,7,5.04985600724954,224,12,4.58196629665114,6.97566809168522
"Alaska",2020-04-04,"02",169,13,8,5.12989871492307,224,12,4.60887112745475,6.48508329052976
"Alaska",2020-04-05,"02",185,16,9,5.22035582507832,224,12,4.59733187158764,6.74931266533093
"Alaska",2020-04-06,"02",189,4,10,5.24174701505964,224,12,4.6395026702302,6.12681479773301
"Alaska",2020-04-07,"02",211,22,11,5.35185813347607,224,12,4.60464638848502,6.62078969349959
"Alaska",2020-04-08,"02",224,13,12,5.41164605185504,224,12,4.55557628179044,7.14275301082051
"Arizona",2020-03-21,"04",104,34,1,4.64439089914137,2726,19,NA,NA
"Arizona",2020-03-22,"04",153,49,2,5.03043792139244,2726,19,NA,NA
"Arizona",2020-03-23,"04",234,81,3,5.4553211153577,2726,19,NA,NA
"Arizona",2020-03-24,"04",326,92,4,5.78689738136671,2726,19,NA,NA
"Arizona",2020-03-25,"04",402,76,5,5.99645208861902,2726,19,NA,NA
"Arizona",2020-03-26,"04",508,106,6,6.23048144757848,2726,19,NA,NA
"Arizona",2020-03-27,"04",665,157,7,6.49978704065585,2726,19,4.44805163484782,30.3835944649174
"Arizona",2020-03-28,"04",773,108,8,6.65027904858742,2726,19,4.62994384579519,26.4001403514037
"Arizona",2020-03-29,"04",929,156,9,6.83410873881384,2726,19,4.84337644652986,22.7373612744524
"Arizona",2020-03-30,"04",1169,240,10,7.06390396147207,2726,19,4.95588301201325,21.1647522918381
"Arizona",2020-03-31,"04",1298,129,11,7.16857989726403,2726,19,5.05835598846148,19.705536256715
"Arizona",2020-04-01,"04",1413,115,12,7.25347038268453,2726,19,5.26503018519474,17.2149193979255
"Arizona",2020-04-02,"04",1600,187,13,7.37775890822787,2726,19,5.48728062918635,14.9098908191445
"Arizona",2020-04-03,"04",1769,169,14,7.47816969415979,2726,19,5.64068417358944,13.4304953455629
"Arizona",2020-04-04,"04",2019,250,15,7.61035761831284,2726,19,5.81242540806087,12.0230611244153
"Arizona",2020-04-05,"04",2269,250,16,7.72709448477984,2726,19,5.94448562793405,11.0636654410578
"Arizona",2020-04-06,"04",2465,196,17,7.80994708647679,2726,19,5.93736548360102,11.0855302925495
"Arizona",2020-04-07,"04",2575,110,18,7.85360481309784,2726,19,6.02628733484252,10.4060872798494
"Arizona",2020-04-08,"04",2726,151,19,7.91059061225648,2726,19,6.22452913497257,9.10341006473524
"Arkansas",2020-03-21,"05",118,18,1,4.77068462446567,1077,19,NA,NA
"Arkansas",2020-03-22,"05",165,47,2,5.10594547390058,1077,19,NA,NA
"Arkansas",2020-03-23,"05",201,36,3,5.30330490805908,1077,19,NA,NA
"Arkansas",2020-03-24,"05",232,31,4,5.44673737166631,1077,19,NA,NA
"Arkansas",2020-03-25,"05",308,76,5,5.73009978297357,1077,19,NA,NA
"Arkansas",2020-03-26,"05",351,43,6,5.86078622346587,1077,19,NA,NA
"Arkansas",2020-03-27,"05",386,35,7,5.95583736946483,1077,19,4.66878016356476,19.614052175152
"Arkansas",2020-03-28,"05",409,23,8,6.0137151560428,1077,19,4.83762825132512,15.8657957894205
"Arkansas",2020-03-29,"05",449,40,9,6.10702288774225,1077,19,4.96589043685343,13.4673110510492
"Arkansas",2020-03-30,"05",508,59,10,6.23048144757848,1077,19,5.09188104881359,11.6357406066101
"Arkansas",2020-03-31,"05",564,56,11,6.33505425149806,1077,19,5.2603026249448,9.66228347170047
"Arkansas",2020-04-01,"05",624,60,12,6.43615036836943,1077,19,5.26587708585112,9.6474731796887
"Arkansas",2020-04-02,"05",683,59,13,6.52649485957079,1077,19,5.23465295620704,9.94597949545335
"Arkansas",2020-04-03,"05",738,55,14,6.60394382460047,1077,19,5.21582727179563,10.0546388218609
"Arkansas",2020-04-04,"05",743,5,15,6.61069604471776,1077,19,5.35738416927822,8.74780297515442
"Arkansas",2020-04-05,"05",853,110,16,6.74875954749168,1077,19,5.443052640142,8.12111193717873
"Arkansas",2020-04-06,"05",927,74,17,6.83195356556585,1077,19,5.48466303746172,7.85756244855308
"Arkansas",2020-04-07,"05",997,70,18,6.90475076996184,1077,19,5.50814217236545,7.71976549878064
"Arkansas",2020-04-08,"05",1077,80,19,6.98193467715639,1077,19,5.49310997596489,7.81853880117011
"California",2020-03-08,"06",112,12,1,4.71849887129509,19043,32,NA,NA
"California",2020-03-09,"06",172,60,2,5.14749447681345,19043,32,NA,NA
"California",2020-03-10,"06",179,7,3,5.18738580584075,19043,32,NA,NA
"California",2020-03-11,"06",202,23,4,5.30826769740121,19043,32,NA,NA
"California",2020-03-12,"06",252,50,5,5.52942908751142,19043,32,NA,NA
"California",2020-03-13,"06",320,68,6,5.76832099579377,19043,32,NA,NA
"California",2020-03-14,"06",381,61,7,5.9427993751267,19043,32,4.62079978266518,18.7735636825933
"California",2020-03-15,"06",478,97,8,6.16961073249146,19043,32,4.67953880942581,17.9901042999945
"California",2020-03-16,"06",588,110,9,6.37672694789863,19043,32,4.53234585230141,20.3717135141764
"California",2020-03-17,"06",732,144,10,6.59578051396131,19043,32,4.46624193038111,21.2800853826872
"California",2020-03-18,"06",893,161,11,6.7945865808765,19043,32,4.48694515075076,21.0154253185794
"California",2020-03-19,"06",1067,174,12,6.97260625130175,19043,32,4.52851164122714,20.5092855696193
"California",2020-03-20,"06",1283,216,13,7.15695636461564,19043,32,4.54903752408697,20.2368629966617
"California",2020-03-21,"06",1544,261,14,7.34213173058472,19043,32,4.62965261683297,19.4815984466224
"California",2020-03-22,"06",1851,307,15,7.5234813125735,19043,32,4.69660910982576,18.9119118250378
"California",2020-03-23,"06",2240,389,16,7.71423114484909,19043,32,4.75087238341522,18.5095244119296
"California",2020-03-24,"06",2644,404,17,7.88004820097158,19043,32,4.78749757172723,18.2362842690634
"California",2020-03-25,"06",3183,539,18,8.06557942728209,19043,32,4.79150351803409,18.2042950532759
"California",2020-03-26,"06",4060,877,19,8.30893825259578,19043,32,4.70767637864849,18.7835998061901
"California",2020-03-27,"06",4914,854,20,8.49984355308112,19043,32,4.62911624208273,19.2692772498813
"California",2020-03-28,"06",5565,651,21,8.62425226370964,19043,32,4.67934991547536,18.9372418624883
"California",2020-03-29,"06",6266,701,22,8.74289347151214,19043,32,4.86352213792798,17.8880686830869
"California",2020-03-30,"06",7421,1155,23,8.91206909797013,19043,32,5.02908575918204,17.0214456806058
"California",2020-03-31,"06",8582,1161,24,9.05742226555147,19043,32,5.28294109725229,15.8030004428138
"California",2020-04-01,"06",9816,1234,25,9.19176898639075,19043,32,5.57916033679821,14.4695230735218
"California",2020-04-02,"06",11190,1374,26,9.32277580130597,19043,32,5.6886373258691,13.9941392288432
"California",2020-04-03,"06",12569,1379,27,9.43898874392484,19043,32,5.71258952834881,13.8702642451924
"California",2020-04-04,"06",13796,1227,28,9.53213397405673,19043,32,5.87926253501448,13.1675511974918
"California",2020-04-05,"06",15076,1280,29,9.62085935438703,19043,32,6.2109182269882,11.8679069421261
"California",2020-04-06,"06",16284,1208,30,9.69793830962287,19043,32,6.52650712982519,10.6753108605626
"California",2020-04-07,"06",17540,1256,31,9.77223926592617,19043,32,6.83735131081406,9.54859452036529
"California",2020-04-08,"06",19043,1503,32,9.85445485895882,19043,32,7.09159382890844,8.66908054474055
"Colorado",2020-03-14,"08",103,25,1,4.63472898822964,5655,26,NA,NA
"Colorado",2020-03-15,"08",136,33,2,4.91265488573605,5655,26,NA,NA
"Colorado",2020-03-16,"08",161,25,3,5.08140436498446,5655,26,NA,NA
"Colorado",2020-03-17,"08",183,22,4,5.20948615284142,5655,26,NA,NA
"Colorado",2020-03-18,"08",216,33,5,5.37527840768417,5655,26,NA,NA
"Colorado",2020-03-19,"08",278,62,6,5.62762111369064,5655,26,NA,NA
"Colorado",2020-03-20,"08",364,86,7,5.89715386763674,5655,26,4.46103523485327,19.6824326315364
"Colorado",2020-03-21,"08",475,111,8,6.16331480403464,5655,26,4.43069949218517,20.7200490037484
"Colorado",2020-03-22,"08",591,116,9,6.3818160174061,5655,26,4.31998902126747,22.6098847128712
"Colorado",2020-03-23,"08",721,130,10,6.58063913728495,5655,26,4.22520153430305,23.7936709397088
"Colorado",2020-03-24,"08",912,191,11,6.81563999007433,5655,26,4.2025567785078,23.9706533718875
"Colorado",2020-03-25,"08",1086,174,12,6.99025650049388,5655,26,4.31235503841672,22.6507240661972
"Colorado",2020-03-26,"08",1432,346,13,7.26682734752059,5655,26,4.37197545019365,22.1311707329938
"Colorado",2020-03-27,"08",1735,303,14,7.45876269238096,5655,26,4.42511447798343,21.664227458846
"Colorado",2020-03-28,"08",2061,326,15,7.63094658089046,5655,26,4.46577282739674,21.2672362788977
"Colorado",2020-03-29,"08",2315,254,16,7.74716496652033,5655,26,4.61349605945466,19.9953459329482
"Colorado",2020-03-30,"08",2628,313,17,7.8739783796045,5655,26,4.87117811263408,18.0462547643332
"Colorado",2020-03-31,"08",2990,362,18,8.00302866638473,5655,26,5.13459099983877,16.2179315570705
"Colorado",2020-04-01,"08",3346,356,19,8.11552088154677,5655,26,5.51223601709254,13.8487298171433
"Colorado",2020-04-02,"08",3728,382,20,8.22362717580548,5655,26,5.72781498563831,12.570020540895
"Colorado",2020-04-03,"08",4182,454,21,8.33854487998858,5655,26,5.85787619294423,11.8473636350248
"Colorado",2020-04-04,"08",4574,392,22,8.42814337458273,5655,26,5.93783447659237,11.4023811942004
"Colorado",2020-04-05,"08",4950,376,23,8.50714285556274,5655,26,6.08946457141614,10.6169530096875
"Colorado",2020-04-06,"08",5172,222,24,8.55101473989175,5655,26,6.33578587789701,9.39899416903653
"Colorado",2020-04-07,"08",5429,257,25,8.59951023390545,5655,26,6.60701825096549,8.12621843150979
"Colorado",2020-04-08,"08",5655,226,26,8.64029538855022,5655,26,6.91330572255275,6.76716682634638
"Connecticut",2020-03-19,"09",159,63,1,5.06890420222023,8781,21,NA,NA
"Connecticut",2020-03-20,"09",194,35,2,5.26785815906333,8781,21,NA,NA
"Connecticut",2020-03-21,"09",223,29,3,5.40717177146012,8781,21,NA,NA
"Connecticut",2020-03-22,"09",327,104,4,5.78996017089725,8781,21,NA,NA
"Connecticut",2020-03-23,"09",415,88,5,6.0282785202307,8781,21,NA,NA
"Connecticut",2020-03-24,"09",618,203,6,6.42648845745769,8781,21,NA,NA
"Connecticut",2020-03-25,"09",875,257,7,6.77422388635761,8781,21,4.6726512528165,28.7654514213266
"Connecticut",2020-03-26,"09",1012,137,8,6.91968384984741,8781,21,4.60086111848993,29.736105673956
"Connecticut",2020-03-27,"09",1291,279,9,7.16317239084664,8781,21,4.58555531054531,29.5478377935244
"Connecticut",2020-03-28,"09",1524,233,10,7.32909373624659,8781,21,4.78788990142315,26.3585136773916
"Connecticut",2020-03-29,"09",1993,469,11,7.59739632021279,8781,21,4.91933031959617,24.648258792904
"Connecticut",2020-03-30,"09",2571,578,12,7.85205020726589,8781,21,5.11630269146897,22.6158571554791
"Connecticut",2020-03-31,"09",3128,557,13,8.0481491016652,8781,21,5.19741982387535,21.859758179021
"Connecticut",2020-04-01,"09",3557,429,14,8.17667277194846,8781,21,5.20150822369918,21.656702353427
"Connecticut",2020-04-02,"09",3824,267,15,8.24905227417129,8781,21,5.4578478991238,19.2983946529646
"Connecticut",2020-04-03,"09",4915,1091,16,8.50004703258127,8781,21,5.57783996698283,18.35997986287
"Connecticut",2020-04-04,"09",5276,361,17,8.5709235138372,8781,21,5.9333024010924,15.7767085857503
"Connecticut",2020-04-05,"09",5675,399,18,8.6438258423496,8781,21,6.28568332578058,13.3723213936713
"Connecticut",2020-04-06,"09",6906,1231,19,8.84014587794994,8781,21,6.35716365388762,12.9720275332943
"Connecticut",2020-04-07,"09",7781,875,20,8.95944014361693,8781,21,6.33206684200681,13.1223861868966
"Connecticut",2020-04-08,"09",8781,1000,21,9.08034557536,8781,21,6.32504029371292,13.1496017491078
"Delaware",2020-03-24,"10",104,17,1,4.64439089914137,1116,16,NA,NA
"Delaware",2020-03-25,"10",119,15,2,4.77912349311153,1116,16,NA,NA
"Delaware",2020-03-26,"10",143,24,3,4.96284463025991,1116,16,NA,NA
"Delaware",2020-03-27,"10",165,22,4,5.10594547390058,1116,16,NA,NA
"Delaware",2020-03-28,"10",214,49,5,5.36597601502185,1116,16,NA,NA
"Delaware",2020-03-29,"10",232,18,6,5.44673737166631,1116,16,NA,NA
"Delaware",2020-03-30,"10",264,32,7,5.57594910314632,1116,16,4.47827617605165,16.1894062638798
"Delaware",2020-03-31,"10",319,55,8,5.76519110278484,1116,16,4.4778946570276,16.1614416877089
"Delaware",2020-04-01,"10",368,49,9,5.90808293816893,1116,16,4.51206539007409,15.5863545343574
"Delaware",2020-04-02,"10",393,25,10,5.97380961186926,1116,16,4.59010523310718,14.308071397567
"Delaware",2020-04-03,"10",450,57,11,6.10924758276437,1116,16,4.70182966972996,12.9146179237717
"Delaware",2020-04-04,"10",593,143,12,6.38519439899773,1116,16,4.56577033874136,14.6092376796956
"Delaware",2020-04-05,"10",673,80,13,6.51174532964473,1116,16,4.51540289658358,15.173428273273
"Delaware",2020-04-06,"10",783,110,14,6.6631326959908,1116,16,4.49384774265019,15.4019083917783
"Delaware",2020-04-07,"10",928,145,15,6.8330317327862,1116,16,4.38803905618518,16.2713939249116
"Delaware",2020-04-08,"10",1116,188,16,7.01750614294126,1116,16,4.24424712523899,17.3449863937598
"District of Columbia",2020-03-22,"11",116,18,1,4.75359019110636,1440,18,NA,NA
"District of Columbia",2020-03-23,"11",138,22,2,4.92725368515721,1440,18,NA,NA
"District of Columbia",2020-03-24,"11",183,45,3,5.20948615284142,1440,18,NA,NA
"District of Columbia",2020-03-25,"11",231,48,4,5.44241771052179,1440,18,NA,NA
"District of Columbia",2020-03-26,"11",267,36,5,5.58724865840025,1440,18,NA,NA
"District of Columbia",2020-03-27,"11",304,37,6,5.71702770140622,1440,18,NA,NA
"District of Columbia",2020-03-28,"11",342,38,7,5.8348107370626,1440,18,4.61012323722432,18.5749006283057
"District of Columbia",2020-03-29,"11",342,0,8,5.8348107370626,1440,18,4.7490203555212,15.1711796965821
"District of Columbia",2020-03-30,"11",495,153,9,6.20455776256869,1440,18,4.82914500263927,14.3484391461635
"District of Columbia",2020-03-31,"11",495,0,10,6.20455776256869,1440,18,4.92249908847949,12.9957907147641
"District of Columbia",2020-04-01,"11",586,91,11,6.37331978957701,1440,18,4.90718458084621,13.2250733620047
"District of Columbia",2020-04-02,"11",653,67,12,6.48157712927643,1440,18,4.89067591967069,13.358619336234
"District of Columbia",2020-04-03,"11",757,104,13,6.62936325343745,1440,18,4.84973089573603,13.735544144859
"District of Columbia",2020-04-04,"11",902,145,14,6.80461452006262,1440,18,4.77624089808269,14.4144346337333
"District of Columbia",2020-04-05,"11",998,96,15,6.90575327631146,1440,18,4.9892161333675,12.7133697145594
"District of Columbia",2020-04-06,"11",1097,99,16,7.00033446027523,1440,18,4.875715457863,13.4829802049098
"District of Columbia",2020-04-07,"11",1211,114,17,7.09920174355309,1440,18,5.01053389409911,12.4698233814281
"District of Columbia",2020-04-08,"11",1440,229,18,7.27239839257005,1440,18,5.00553787310979,12.5280739654455
"Florida",2020-03-15,"12",109,39,1,4.69134788222914,15690,25,NA,NA
"Florida",2020-03-16,"12",141,32,2,4.94875989037817,15690,25,NA,NA
"Florida",2020-03-17,"12",210,69,3,5.34710753071747,15690,25,NA,NA
"Florida",2020-03-18,"12",326,116,4,5.78689738136671,15690,25,NA,NA
"Florida",2020-03-19,"12",434,108,5,6.07304453410041,15690,25,NA,NA
"Florida",2020-03-20,"12",564,130,6,6.33505425149806,15690,25,NA,NA
"Florida",2020-03-21,"12",764,200,7,6.63856778916652,15690,25,4.35437054471737,33.3578051658388
"Florida",2020-03-22,"12",1000,236,8,6.90775527898214,15690,25,4.39672960216539,32.171655545862
"Florida",2020-03-23,"12",1222,222,9,7.10824413973154,15690,25,4.58009965565058,28.8951745619257
"Florida",2020-03-24,"12",1467,245,10,7.29097477814298,15690,25,4.80267234315811,25.5547586752685
"Florida",2020-03-25,"12",1965,498,11,7.58324752430336,15690,25,4.87323364957108,24.6861656230847
"Florida",2020-03-26,"12",2477,512,12,7.81480342948936,15690,25,4.93957679409214,23.9708089407444
"Florida",2020-03-27,"12",3198,721,13,8.0702808933939,15690,25,4.99332519107697,23.51513927953
"Florida",2020-03-28,"12",4038,840,14,8.30350479887278,15690,25,4.97602090963896,23.6969668512251
"Florida",2020-03-29,"12",4942,904,15,8.50552538654856,15690,25,4.93782421392556,23.9426326821471
"Florida",2020-03-30,"12",5694,752,16,8.64716826783798,15690,25,5.05850471413896,22.8637055819958
"Florida",2020-03-31,"12",6741,1047,17,8.81596356085344,15690,25,5.34958084043456,20.7075795696505
"Florida",2020-04-01,"12",7765,1024,18,8.95738173558279,15690,25,5.62560915920881,18.7955847220163
"Florida",2020-04-02,"12",9000,1235,19,9.10497985631836,15690,25,5.93080696477354,16.8653176303509
"Florida",2020-04-03,"12",10260,1260,20,9.23600811872476,15690,25,6.18104916652388,15.3808298815727
"Florida",2020-04-04,"12",11537,1277,21,9.35331454092729,15690,25,6.36786512787244,14.3216552156239
"Florida",2020-04-05,"12",12342,805,22,9.42076335888101,15690,25,6.58336282301948,13.1218343443528
"Florida",2020-04-06,"12",13621,1279,23,9.51936799844734,15690,25,6.85446042139992,11.7332544428111
"Florida",2020-04-07,"12",14739,1118,24,9.59825232083676,15690,25,7.11075938697051,10.4862260006291
"Florida",2020-04-08,"12",15690,951,25,9.66077884572708,15690,25,7.4035430678609,9.13549582132224
"Georgia",2020-03-16,"13",118,21,1,4.77068462446567,10204,24,NA,NA
"Georgia",2020-03-17,"13",142,24,2,4.95582705760126,10204,24,NA,NA
"Georgia",2020-03-18,"13",193,51,3,5.26269018890489,10204,24,NA,NA
"Georgia",2020-03-19,"13",282,89,4,5.64190707093811,10204,24,NA,NA
"Georgia",2020-03-20,"13",482,200,5,6.1779441140506,10204,24,NA,NA
"Georgia",2020-03-21,"13",552,70,6,6.31354804627709,10204,24,NA,NA
"Georgia",2020-03-22,"13",620,68,7,6.42971947803914,10204,24,4.42064573100842,30.7421445114922
"Georgia",2020-03-23,"13",800,180,8,6.68461172766793,10204,24,4.46088296124566,29.2573341564553
"Georgia",2020-03-24,"13",1097,297,9,7.00033446027523,10204,24,4.59793983554489,26.9647053269971
"Georgia",2020-03-25,"13",1387,290,10,7.23489842031483,10204,24,4.79886158273071,24.2672086498937
"Georgia",2020-03-26,"13",1643,256,11,7.40427911803727,10204,24,5.00867055430271,21.7582883652556
"Georgia",2020-03-27,"13",2198,555,12,7.69530313496357,10204,24,4.8303120140706,23.7309687096521
"Georgia",2020-03-28,"13",2447,249,13,7.80261806344267,10204,24,4.84167233304726,23.3715115305855
"Georgia",2020-03-29,"13",2683,236,14,7.89469085042562,10204,24,5.15070146138159,20.3400331759168
"Georgia",2020-03-30,"13",3032,349,15,8.01697774676226,10204,24,5.53507725699388,17.0280488038861
"Georgia",2020-03-31,"13",4117,1085,16,8.3228800217699,10204,24,5.59046793993785,16.745463490276
"Georgia",2020-04-01,"13",4748,631,17,8.46547875572956,10204,24,5.6166191994427,16.6182584643184
"Georgia",2020-04-02,"13",5444,696,18,8.60226936377136,10204,24,5.71709761115494,15.9814615797908
"Georgia",2020-04-03,"13",5967,523,19,8.69399956752208,10204,24,5.66395773969078,16.2064376710607
"Georgia",2020-04-04,"13",6383,416,20,8.76139348525606,10204,24,5.82359157388345,15.1197888857586
"Georgia",2020-04-05,"13",6742,359,21,8.81611189579401,10204,24,6.27369071431927,12.5105363780717
"Georgia",2020-04-06,"13",7558,816,22,8.93036188390943,10204,24,6.83557486151421,9.58155710011497
"Georgia",2020-04-07,"13",9156,1598,23,9.12216468107246,10204,24,6.80714341573873,9.8155540877742
"Georgia",2020-04-08,"13",10204,1048,24,9.2305350792617,10204,24,6.69697616462928,10.3931991865185
"Guam",2020-03-31,"66",139,79,1,4.93447393313069,409,9,NA,NA
"Guam",2020-04-01,"66",147,8,2,4.99043258677874,409,9,NA,NA
"Guam",2020-04-02,"66",152,5,3,5.02388052084628,409,9,NA,NA
"Guam",2020-04-03,"66",154,2,4,5.03695260241363,409,9,NA,NA
"Guam",2020-04-04,"66",223,69,5,5.40717177146012,409,9,NA,NA
"Guam",2020-04-05,"66",265,42,6,5.57972982598622,409,9,NA,NA
"Guam",2020-04-06,"66",266,1,7,5.5834963087817,409,9,4.72102638477365,12.5319744856494
"Guam",2020-04-07,"66",274,8,8,5.61312810638807,409,9,4.68888178925935,12.607483422398
"Guam",2020-04-08,"66",409,135,9,6.0137151560428,409,9,4.54440073080411,15.3506408959287
"Hawaii",2020-03-26,"15",106,11,1,4.66343909411207,433,14,NA,NA
"Hawaii",2020-03-27,"15",120,14,2,4.78749174278205,433,14,NA,NA
"Hawaii",2020-03-28,"15",151,31,3,5.01727983681492,433,14,NA,NA
"Hawaii",2020-03-29,"15",175,24,4,5.16478597392351,433,14,NA,NA
"Hawaii",2020-03-30,"15",204,29,5,5.31811999384422,433,14,NA,NA
"Hawaii",2020-03-31,"15",224,20,6,5.41164605185504,433,14,NA,NA
"Hawaii",2020-04-01,"15",258,34,7,5.55295958492162,433,14,4.52828743294993,15.0632508842998
"Hawaii",2020-04-02,"15",283,25,8,5.64544689764324,433,14,4.57608911191056,13.9003037097446
"Hawaii",2020-04-03,"15",317,34,9,5.75890177387728,433,14,4.67679989118913,12.2179544632283
"Hawaii",2020-04-04,"15",349,32,10,5.85507192220243,433,14,4.73300617993685,11.3793651810395
"Hawaii",2020-04-05,"15",369,20,11,5.91079664404053,433,14,4.81589930112937,10.2529424294263
"Hawaii",2020-04-06,"15",385,16,12,5.95324333428778,433,14,4.90719449730194,9.10746782176876
"Hawaii",2020-04-07,"15",408,23,13,6.01126717440416,433,14,5.04738015023244,7.65146611392849
"Hawaii",2020-04-08,"15",433,25,14,6.07073772800249,433,14,5.14840500540879,6.70990965791741
"Idaho",2020-03-25,"16",123,50,1,4.81218435537242,1232,15,NA,NA
"Idaho",2020-03-26,"16",189,66,2,5.24174701505964,1232,15,NA,NA
"Idaho",2020-03-27,"16",231,42,3,5.44241771052179,1232,15,NA,NA
"Idaho",2020-03-28,"16",261,30,4,5.56452040732269,1232,15,NA,NA
"Idaho",2020-03-29,"16",310,49,5,5.73657229747919,1232,15,NA,NA
"Idaho",2020-03-30,"16",415,105,6,6.0282785202307,1232,15,NA,NA
"Idaho",2020-03-31,"16",526,111,7,6.26530121273771,1232,15,4.69492190704696,22.2377434621264
"Idaho",2020-04-01,"16",669,143,8,6.50578406012823,1232,15,4.77251084397114,21.07727233052
"Idaho",2020-04-02,"16",891,222,9,6.79234442747081,1232,15,4.6633805826166,23.075129898988
"Idaho",2020-04-03,"16",1013,122,10,6.92067150424868,1232,15,4.59469171728075,23.7767967523526
"Idaho",2020-04-04,"16",1077,64,11,6.98193467715639,1232,15,4.73357915083577,21.5997011492881
"Idaho",2020-04-05,"16",1101,24,12,7.00397413672268,1232,15,5.10771368403132,17.0544329372634
"Idaho",2020-04-06,"16",1170,69,13,7.0647590277918,1232,15,5.51055848945206,12.8012280287027
"Idaho",2020-04-07,"16",1210,40,14,7.09837563859079,1232,15,5.96451434410347,8.59252345894165
"Idaho",2020-04-08,"16",1232,22,15,7.11639414409346,1232,15,6.39247260693026,5.03707774709854
"Illinois",2020-03-16,"17",104,10,1,4.64439089914137,15078,24,NA,NA
"Illinois",2020-03-17,"17",159,55,2,5.06890420222023,15078,24,NA,NA
"Illinois",2020-03-18,"17",286,127,3,5.65599181081985,15078,24,NA,NA
"Illinois",2020-03-19,"17",420,134,4,6.04025471127741,15078,24,NA,NA
"Illinois",2020-03-20,"17",583,163,5,6.36818718635049,15078,24,NA,NA
"Illinois",2020-03-21,"17",751,168,6,6.62140565176413,15078,24,NA,NA
"Illinois",2020-03-22,"17",1047,296,7,6.95368421087054,15078,24,4.37253435180544,38.3752793207355
"Illinois",2020-03-23,"17",1285,238,8,7.15851399732932,15078,24,4.58003362331968,33.7334468782692
"Illinois",2020-03-24,"17",1535,250,9,7.3362856600213,15078,24,4.90571107315582,28.0817755151007
"Illinois",2020-03-25,"17",1875,340,10,7.53636393840451,15078,24,5.11883395014479,24.8629749081718
"Illinois",2020-03-26,"17",2538,663,11,7.83913164827433,15078,24,5.22326706808693,23.6619693150109
"Illinois",2020-03-27,"17",3029,491,12,8.01598781102724,15078,24,5.31618107241844,22.6160403345432
"Illinois",2020-03-28,"17",3547,518,13,8.17385745477362,15078,24,5.47400590747223,20.9939762405647
"Illinois",2020-03-29,"17",4613,1066,14,8.43663368355782,15078,24,5.43238232302182,21.3897375743317
"Illinois",2020-03-30,"17",5070,457,15,8.53109609658523,15078,24,5.53003806759299,20.4274878803489
"Illinois",2020-03-31,"17",5994,924,16,8.69851424787661,15078,24,5.71939305191445,18.8965203484596
"Illinois",2020-04-01,"17",6980,986,17,8.85080419575642,15078,24,5.98506329785759,16.990389849845
"Illinois",2020-04-02,"17",7695,715,18,8.94832604627298,15078,24,6.15818024510983,15.7599598286486
"Illinois",2020-04-03,"17",8904,1209,19,9.09425589295538,15078,24,6.33090500874156,14.6581719255242
"Illinois",2020-04-04,"17",10357,1453,20,9.24541789858888,15078,24,6.52064155823092,13.5803001293924
"Illinois",2020-04-05,"17",11276,919,21,9.330431852234,15078,24,6.55573543360076,13.3402366627494
"Illinois",2020-04-06,"17",12262,986,22,9.41426032832263,15078,24,6.77356854008764,12.1556621664612
"Illinois",2020-04-07,"17",13549,1287,23,9.51406802284643,15078,24,6.94405488767669,11.2779857308856
"Illinois",2020-04-08,"17",15078,1529,24,9.62099200677165,15078,24,7.03983043573994,10.8088020393281
"Indiana",2020-03-21,"18",126,47,1,4.83628190695148,5943,19,NA,NA
"Indiana",2020-03-22,"18",201,75,2,5.30330490805908,5943,19,NA,NA
"Indiana",2020-03-23,"18",259,58,3,5.55682806169954,5943,19,NA,NA
"Indiana",2020-03-24,"18",366,107,4,5.90263333340137,5943,19,NA,NA
"Indiana",2020-03-25,"18",479,113,5,6.17170059741091,5943,19,NA,NA
"Indiana",2020-03-26,"18",656,177,6,6.48616078894409,5943,19,NA,NA
"Indiana",2020-03-27,"18",982,326,7,6.88959130835447,5943,19,4.57228405759008,32.644687506037
"Indiana",2020-03-28,"18",1232,250,8,7.11639414409346,5943,19,4.6523158672526,31.0297202034134
"Indiana",2020-03-29,"18",1514,282,9,7.32251043399739,5943,19,4.68316135629561,30.1516408900762
"Indiana",2020-03-30,"18",1788,274,10,7.48885295573346,5943,19,4.84563539216108,27.4661139118522
"Indiana",2020-03-31,"18",2159,371,11,7.67740043051481,5943,19,5.03454353456884,24.8407248519048
"Indiana",2020-04-01,"18",2565,406,12,7.84971375760487,5943,19,5.32049541498154,21.5669141497965
"Indiana",2020-04-02,"18",3039,474,13,8.01928379291679,5943,19,5.61960430430675,18.6093095615258
"Indiana",2020-04-03,"18",3437,398,14,8.14235427684983,5943,19,5.76110257389535,17.2581711356404
"Indiana",2020-04-04,"18",3953,516,15,8.28223006329669,5943,19,5.88545871904513,16.1715889019023
"Indiana",2020-04-05,"18",4411,458,16,8.39185670010494,5943,19,6.02356159553872,15.0403964925828
"Indiana",2020-04-06,"18",4956,545,17,8.50835424274903,5943,19,6.20440938453535,13.714619971724
"Indiana",2020-04-07,"18",5507,551,18,8.61377528926248,5943,19,6.37260191866972,12.570813992473
"Indiana",2020-04-08,"18",5943,436,19,8.68996933536666,5943,19,6.56053319629106,11.3607958272402
"Iowa",2020-03-23,"19",105,15,1,4.65396035015752,1145,17,NA,NA
"Iowa",2020-03-24,"19",124,19,2,4.82028156560504,1145,17,NA,NA
"Iowa",2020-03-25,"19",145,21,3,4.97673374242057,1145,17,NA,NA
"Iowa",2020-03-26,"19",179,34,4,5.18738580584075,1145,17,NA,NA
"Iowa",2020-03-27,"19",235,56,5,5.45958551414416,1145,17,NA,NA
"Iowa",2020-03-28,"19",298,63,6,5.6970934865054,1145,17,NA,NA
"Iowa",2020-03-29,"19",336,38,7,5.8171111599632,1145,17,4.4123176545279,20.4497430105049
"Iowa",2020-03-30,"19",424,88,8,6.04973345523196,1145,17,4.37991457127468,20.9957792308239
"Iowa",2020-03-31,"19",498,74,9,6.21060007702465,1145,17,4.38893047407288,20.6564998157632
"Iowa",2020-04-01,"19",549,51,10,6.30809844150953,1145,17,4.51431366965791,18.6314535767639
"Iowa",2020-04-02,"19",614,65,11,6.41999492814714,1145,17,4.70982327490982,16.0597395324238
"Iowa",2020-04-03,"19",699,85,12,6.54965074223381,1145,17,4.85760323407096,14.3635867493952
"Iowa",2020-04-04,"19",786,87,13,6.66695679242921,1145,17,4.94646139860414,13.4241654375865
"Iowa",2020-04-05,"19",868,82,14,6.76619171466035,1145,17,5.12660210703365,11.7987161064949
"Iowa",2020-04-06,"19",946,78,15,6.85224256905188,1145,17,5.21564394358006,11.0288424523764
"Iowa",2020-04-07,"19",1048,102,16,6.95463886488099,1145,17,5.24294815696773,10.7880625869657
"Iowa",2020-04-08,"19",1145,97,17,7.04315991598834,1145,17,5.31802658262136,10.2312749480022
"Kansas",2020-03-25,"20",132,33,1,4.88280192258637,1055,15,NA,NA
"Kansas",2020-03-26,"20",171,39,2,5.14166355650266,1055,15,NA,NA
"Kansas",2020-03-27,"20",212,41,3,5.35658627467201,1055,15,NA,NA
"Kansas",2020-03-28,"20",271,59,4,5.6021188208797,1055,15,NA,NA
"Kansas",2020-03-29,"20",332,61,5,5.80513496891649,1055,15,NA,NA
"Kansas",2020-03-30,"20",373,41,6,5.92157841964382,1055,15,NA,NA
"Kansas",2020-03-31,"20",434,61,7,6.07304453410041,1055,15,4.74340317746179,19.9253794823889
"Kansas",2020-04-01,"20",488,54,8,6.19031540585315,1055,15,4.85250391406825,17.4940416631156
"Kansas",2020-04-02,"20",554,66,9,6.31716468674728,1055,15,4.96812659339684,15.450135611988
"Kansas",2020-04-03,"20",624,70,10,6.43615036836943,1055,15,5.10063540598786,13.5531823726433
"Kansas",2020-04-04,"20",701,77,11,6.55250788703459,1055,15,5.18073295168005,12.55493858733
"Kansas",2020-04-05,"20",763,62,12,6.63725803128446,1055,15,5.22663831437047,11.9707160832378
"Kansas",2020-04-06,"20",853,90,13,6.74875954749168,1055,15,5.29489524751023,11.2727624690134
"Kansas",2020-04-07,"20",905,52,14,6.80793494369993,1055,15,5.38113026801915,10.418414278372
"Kansas",2020-04-08,"20",1055,150,15,6.96129604591017,1055,15,5.40634669210247,10.2579103164527
"Kentucky",2020-03-22,"21",103,19,1,4.63472898822964,1393,18,NA,NA
"Kentucky",2020-03-23,"21",124,21,2,4.82028156560504,1393,18,NA,NA
"Kentucky",2020-03-24,"21",157,33,3,5.05624580534831,1393,18,NA,NA
"Kentucky",2020-03-25,"21",198,41,4,5.28826703069454,1393,18,NA,NA
"Kentucky",2020-03-26,"21",248,50,5,5.51342874616498,1393,18,NA,NA
"Kentucky",2020-03-27,"21",302,54,6,5.71042701737487,1393,18,NA,NA
"Kentucky",2020-03-28,"21",394,92,7,5.97635090929793,1393,18,4.39105577930772,22.365498598433
"Kentucky",2020-03-29,"21",439,45,8,6.08449941307517,1393,18,4.41153154518905,21.6250847749643
"Kentucky",2020-03-30,"21",480,41,9,6.17378610390194,1393,18,4.5272847557893,19.314313655554
"Kentucky",2020-03-31,"21",590,110,10,6.38012253689976,1393,18,4.63268041503955,17.7512629635354
"Kentucky",2020-04-01,"21",682,92,11,6.52502965784346,1393,18,4.74576949245423,16.3272463167473
"Kentucky",2020-04-02,"21",755,73,12,6.62671774924902,1393,18,4.87968065006163,14.7923314876362
"Kentucky",2020-04-03,"21",770,15,13,6.64639051484773,1393,18,5.1140570396812,12.3064251533523
"Kentucky",2020-04-04,"21",917,147,14,6.82110747225646,1393,18,5.12902512366651,12.1486721849455
"Kentucky",2020-04-05,"21",1048,131,15,6.95463886488099,1393,18,5.15573226684499,11.9496036094815
"Kentucky",2020-04-06,"21",1057,9,16,6.96318998587024,1393,18,5.40115181555249,10.0100374428354
"Kentucky",2020-04-07,"21",1289,232,17,7.16162200293919,1393,18,5.36861453470244,10.3248923520102
"Kentucky",2020-04-08,"21",1393,104,18,7.23921497377981,1393,18,5.30360602873065,10.7501327263894
"Louisiana",2020-03-15,"22",103,26,1,4.63472898822964,17030,25,NA,NA
"Louisiana",2020-03-16,"22",137,34,2,4.91998092582813,17030,25,NA,NA
"Louisiana",2020-03-17,"22",196,59,3,5.27811465923052,17030,25,NA,NA
"Louisiana",2020-03-18,"22",280,84,4,5.63478960316925,17030,25,NA,NA
"Louisiana",2020-03-19,"22",392,112,5,5.97126183979046,17030,25,NA,NA
"Louisiana",2020-03-20,"22",537,145,6,6.28599809450886,17030,25,NA,NA
"Louisiana",2020-03-21,"22",763,226,7,6.63725803128446,17030,25,4.2756233564222,33.6884594538782
"Louisiana",2020-03-22,"22",837,74,8,6.72982407048948,17030,25,4.35120662678739,31.4250881051127
"Louisiana",2020-03-23,"22",1172,335,9,7.06646697013696,17030,25,4.46743288290419,29.3611502101921
"Louisiana",2020-03-24,"22",1388,216,10,7.23561914106675,17030,25,4.64956418032936,26.5597316084504
"Louisiana",2020-03-25,"22",1795,407,11,7.49276030092238,17030,25,4.80475651678162,24.6176657691572
"Louisiana",2020-03-26,"22",2305,510,12,7.74283595543075,17030,25,4.9099011257782,23.5261185450671
"Louisiana",2020-03-27,"22",2746,441,13,7.91790058632792,17030,25,5.01243616302326,22.479445592137
"Louisiana",2020-03-28,"22",3315,569,14,8.10621290261996,17030,25,4.97981156190949,22.6401805112049
"Louisiana",2020-03-29,"22",3540,225,15,8.17188200612782,17030,25,5.32656558759698,19.5806175588734
"Louisiana",2020-03-30,"22",4025,485,16,8.30028018985266,17030,25,5.57025424206932,17.5557267998494
"Louisiana",2020-03-31,"22",5237,1212,17,8.56350409427949,17030,25,5.75164594215118,16.3610759596966
"Louisiana",2020-04-01,"22",6424,1187,18,8.7677962556266,17030,25,5.78140428232892,16.2862685847264
"Louisiana",2020-04-02,"22",9150,2726,19,9.12150915826957,17030,25,5.37808959330635,19.0200518213925
"Louisiana",2020-04-03,"22",10297,1147,20,9.23960786965675,17030,25,5.10874751056708,20.5962688255994
"Louisiana",2020-04-04,"22",12496,2199,21,9.43316387207947,17030,25,4.80078090705042,22.2160929337614
"Louisiana",2020-04-05,"22",13010,514,22,9.47347357150655,17030,25,5.09692232385144,20.4668261235421
"Louisiana",2020-04-06,"22",14867,1857,23,9.60689927061335,17030,25,5.70571138845353,17.332838837755
"Louisiana",2020-04-07,"22",16284,1417,24,9.69793830962287,17030,25,6.33803712037323,14.2681146018793
"Louisiana",2020-04-08,"22",17030,746,25,9.74273177365673,17030,25,7.15256730570761,10.5502290165273
"Maine",2020-03-23,"23",107,18,1,4.67282883446191,537,17,NA,NA
"Maine",2020-03-24,"23",118,11,2,4.77068462446567,537,17,NA,NA
"Maine",2020-03-25,"23",142,24,3,4.95582705760126,537,17,NA,NA
"Maine",2020-03-26,"23",155,13,4,5.04342511691925,537,17,NA,NA
"Maine",2020-03-27,"23",168,13,5,5.12396397940326,537,17,NA,NA
"Maine",2020-03-28,"23",211,43,6,5.35185813347607,537,17,NA,NA
"Maine",2020-03-29,"23",253,42,7,5.53338948872752,537,17,4.50568733320504,13.9720210807845
"Maine",2020-03-30,"23",275,22,8,5.61677109766657,537,17,4.48480683932064,14.292204637186
"Maine",2020-03-31,"23",303,28,9,5.71373280550937,537,17,4.51345937249835,13.6779811233687
"Maine",2020-04-01,"23",344,41,10,5.8406416573734,537,17,4.50151526614091,13.7003579920185
"Maine",2020-04-02,"23",376,32,11,5.92958914338989,537,17,4.56576779892475,12.767092344773
"Maine",2020-04-03,"23",432,56,12,6.06842558824411,537,17,4.70442434134022,11.3070436904847
"Maine",2020-04-04,"23",456,24,13,6.12249280951439,537,17,4.80126491241925,10.3088402907007
"Maine",2020-04-05,"23",470,14,14,6.1527326947041,537,17,4.87830239841716,9.47567403569054
"Maine",2020-04-06,"23",499,29,15,6.21260609575152,537,17,5.01415770856424,8.26323432682986
"Maine",2020-04-07,"23",519,20,16,6.25190388316589,537,17,5.20785384061728,6.72902745914542
"Maine",2020-04-08,"23",537,18,17,6.28599809450886,537,17,5.38310139374959,5.45105974799145
"Maryland",2020-03-19,"24",108,23,1,4.68213122712422,5529,21,NA,NA
"Maryland",2020-03-20,"24",150,42,2,5.01063529409626,5529,21,NA,NA
"Maryland",2020-03-21,"24",195,45,3,5.27299955856375,5529,21,NA,NA
"Maryland",2020-03-22,"24",245,50,4,5.50125821054473,5529,21,NA,NA
"Maryland",2020-03-23,"24",290,45,5,5.66988092298052,5529,21,NA,NA
"Maryland",2020-03-24,"24",349,59,6,5.85507192220243,5529,21,NA,NA
"Maryland",2020-03-25,"24",423,74,7,6.04737217904628,5529,21,4.55112454830898,22.0767052728403
"Maryland",2020-03-26,"24",581,158,8,6.36475075685191,5529,21,4.6094053097391,21.3032333603205
"Maryland",2020-03-27,"24",775,194,9,6.65286302935335,5529,21,4.57115663399565,22.3002384323176
"Maryland",2020-03-28,"24",1066,291,10,6.97166860472579,5529,21,4.43011938904471,24.5959793926369
"Maryland",2020-03-29,"24",1244,178,11,7.12608727329912,5529,21,4.32472687940574,25.7403688082486
"Maryland",2020-03-30,"24",1414,170,12,7.25417784645652,5529,21,4.37260622019517,24.8630921755066
"Maryland",2020-03-31,"24",1662,248,13,7.41577697541539,5529,21,4.56278066207036,22.7046171866512
"Maryland",2020-04-01,"24",1985,323,14,7.59337419312129,5529,21,4.8956611731286,19.622169438082
"Maryland",2020-04-02,"24",2331,346,15,7.75405263903576,5529,21,5.17971306250624,17.2738203855518
"Maryland",2020-04-03,"24",2758,427,16,7.92226105835325,5529,21,5.36927988051296,15.8818015679301
"Maryland",2020-04-04,"24",3125,367,17,8.0471895621705,5529,21,5.36868545839343,15.8491034072427
"Maryland",2020-04-05,"24",3609,484,18,8.19118600464279,5529,21,5.38110805061668,15.724058976075
"Maryland",2020-04-06,"24",4045,436,19,8.30523682949259,5529,21,5.51435954694203,14.8469289586048
"Maryland",2020-04-07,"24",4371,326,20,8.38274709486331,5529,21,5.75764946340785,13.3550429729618
"Maryland",2020-04-08,"24",5529,1158,21,8.61776224633793,5529,21,5.75068124353954,13.4648148651741
"Massachusetts",2020-03-12,"25",108,13,1,4.68213122712422,16790,28,NA,NA
"Massachusetts",2020-03-13,"25",123,15,2,4.81218435537242,16790,28,NA,NA
"Massachusetts",2020-03-14,"25",138,15,3,4.92725368515721,16790,28,NA,NA
"Massachusetts",2020-03-15,"25",164,26,4,5.0998664278242,16790,28,NA,NA
"Massachusetts",2020-03-16,"25",197,33,5,5.28320372873799,16790,28,NA,NA
"Massachusetts",2020-03-17,"25",218,21,6,5.38449506278909,16790,28,NA,NA
"Massachusetts",2020-03-18,"25",256,38,7,5.54517744447956,16790,28,4.52065740300065,14.6061075374291
"Massachusetts",2020-03-19,"25",328,72,8,5.79301360838414,16790,28,4.46664134599123,15.9391568308743
"Massachusetts",2020-03-20,"25",413,85,9,6.02344759296103,16790,28,4.37874040713197,17.6316064295463
"Massachusetts",2020-03-21,"25",525,112,10,6.26339826259162,16790,28,4.28261414509524,19.2128634940836
"Massachusetts",2020-03-22,"25",646,121,11,6.4707995037826,16790,28,4.16654392246933,20.7102281186442
"Massachusetts",2020-03-23,"25",777,131,12,6.65544035036765,16790,28,4.04760377076713,21.9088022698187
"Massachusetts",2020-03-24,"25",1159,382,13,7.05531284333975,16790,28,3.86429437535478,23.9378985406041
"Massachusetts",2020-03-25,"25",1838,679,14,7.51643330291563,16790,28,3.54375119514152,27.2358274004569
"Massachusetts",2020-03-26,"25",2417,579,15,7.79028238070348,16790,28,3.22883584090917,29.9681706551161
"Massachusetts",2020-03-27,"25",3240,823,16,8.08332860878638,16790,28,2.95940122590308,31.9991062320501
"Massachusetts",2020-03-28,"25",4257,1017,17,8.35631996582815,16790,28,2.79462013064875,33.0260980012065
"Massachusetts",2020-03-29,"25",4955,698,18,8.50815244676409,16790,28,3.03412114265241,31.1680208572745
"Massachusetts",2020-03-30,"25",5752,797,19,8.65730289940088,16790,28,3.79219261195977,26.2694501464464
"Massachusetts",2020-03-31,"25",6620,868,20,8.79785064893105,16790,28,4.59948905304283,21.43970326221
"Massachusetts",2020-04-01,"25",7738,1118,21,8.95389853526046,16790,28,5.09331369096798,18.6459838483322
"Massachusetts",2020-04-02,"25",8966,1228,22,9.10119492471538,16790,28,5.55719859397114,16.2087653172093
"Massachusetts",2020-04-03,"25",10402,1436,23,9.24975337433302,16790,28,5.82993838697845,14.8677886331314
"Massachusetts",2020-04-04,"25",11736,1334,24,9.37041631982282,16790,28,5.89208938769963,14.5537030172315
"Massachusetts",2020-04-05,"25",12500,764,25,9.43348392329039,16790,28,6.11878424812408,13.4626044733022
"Massachusetts",2020-04-06,"25",13837,1337,26,9.53510144266938,16790,28,6.3801239989749,12.2862305442225
"Massachusetts",2020-04-07,"25",15202,1365,27,9.62918227712599,16790,28,6.68695170492081,10.9906957516499
"Massachusetts",2020-04-08,"25",16790,1588,28,9.72853875007159,16790,28,6.93040442627096,10.0199085875039
"Michigan",2020-03-19,"26",334,254,1,5.8111409929767,20220,21,NA,NA
"Michigan",2020-03-20,"26",548,214,2,6.30627528694802,20220,21,NA,NA
"Michigan",2020-03-21,"26",787,239,3,6.6682282484174,20220,21,NA,NA
"Michigan",2020-03-22,"26",1033,246,4,6.94022246911964,20220,21,NA,NA
"Michigan",2020-03-23,"26",1324,291,5,7.18841273649695,20220,21,NA,NA
"Michigan",2020-03-24,"26",1791,467,6,7.49052940206071,20220,21,NA,NA
"Michigan",2020-03-25,"26",2294,503,7,7.73805229768932,20220,21,5.63906211446657,30.96223797301
"Michigan",2020-03-26,"26",2878,584,8,7.96485088744731,20220,21,5.81635271956441,27.3774351177957
"Michigan",2020-03-27,"26",3657,779,9,8.20439841814938,20220,21,5.91194058554503,25.7407389537273
"Michigan",2020-03-28,"26",4635,978,10,8.44139147799996,20220,21,5.95724398673308,25.0349995547586
"Michigan",2020-03-29,"26",5486,851,11,8.60995467149755,20220,21,6.05317110523722,23.6882002762155
"Michigan",2020-03-30,"26",6508,1022,12,8.78078746833893,20220,21,6.21784938070352,21.753998346442
"Michigan",2020-03-31,"26",7630,1122,13,8.9398431242785,20220,21,6.36746765830764,20.1528639103535
"Michigan",2020-04-01,"26",9293,1663,14,9.13701670755734,20220,21,6.48994141174556,19.0242245104546
"Michigan",2020-04-02,"26",10791,1498,15,9.28646773236373,20220,21,6.64254557665272,17.7405244804956
"Michigan",2020-04-03,"26",12670,1879,16,9.44699227331519,20220,21,6.75468082541966,16.8787776674875
"Michigan",2020-04-04,"26",14225,1555,17,9.56275625899453,20220,21,6.84039740064218,16.2051392161739
"Michigan",2020-04-05,"26",15635,1410,18,9.65726726989194,20220,21,7.01663945504379,14.9472901423178
"Michigan",2020-04-06,"26",17130,1495,19,9.74858659131817,20220,21,7.25812139257762,13.3679287586393
"Michigan",2020-04-07,"26",18852,1722,20,9.84437428804362,20220,21,7.54899613338864,11.6306623426588
"Michigan",2020-04-08,"26",20220,1368,21,9.91442749257446,20220,21,7.7958200736635,10.2302630086168
"Minnesota",2020-03-20,"27",115,26,1,4.74493212836325,1154,20,NA,NA
"Minnesota",2020-03-21,"27",138,23,2,4.92725368515721,1154,20,NA,NA
"Minnesota",2020-03-22,"27",171,33,3,5.14166355650266,1154,20,NA,NA
"Minnesota",2020-03-23,"27",235,64,4,5.45958551414416,1154,20,NA,NA
"Minnesota",2020-03-24,"27",262,27,5,5.5683445037611,1154,20,NA,NA
"Minnesota",2020-03-25,"27",287,25,6,5.65948221575962,1154,20,NA,NA
"Minnesota",2020-03-26,"27",346,59,7,5.84643877505772,1154,20,4.59314891859986,18.5559212448096
"Minnesota",2020-03-27,"27",398,52,8,5.98645200528444,1154,20,4.6579168045404,17.0965789253832
"Minnesota",2020-03-28,"27",441,43,9,6.08904487544685,1154,20,4.78429351862027,14.9070400371777
"Minnesota",2020-03-29,"27",504,63,10,6.22257626807137,1154,20,4.91879632383412,13.0619385524213
"Minnesota",2020-03-30,"27",576,72,11,6.35610766069589,1154,20,4.89489699320614,13.328870270775
"Minnesota",2020-03-31,"27",629,53,12,6.44413125670044,1154,20,4.9261517791462,12.8907469888777
"Minnesota",2020-04-01,"27",689,60,13,6.53524127101366,1154,20,5.05113145319974,11.6029599141031
"Minnesota",2020-04-02,"27",742,53,14,6.60934924316738,1154,20,5.14866342478548,10.6522839050412
"Minnesota",2020-04-03,"27",789,47,15,6.67076632084587,1154,20,5.26195502940297,9.63515677395314
"Minnesota",2020-04-04,"27",865,76,16,6.76272950693188,1154,20,5.3931668145063,8.6249822262444
"Minnesota",2020-04-05,"27",935,70,17,6.84054652928869,1154,20,5.48967689176952,7.95013627169101
"Minnesota",2020-04-06,"27",986,51,18,6.89365635460264,1154,20,5.5477568149959,7.5448788357898
"Minnesota",2020-04-07,"27",1069,83,19,6.97447891102505,1154,20,5.5803341044979,7.3432405405267
"Minnesota",2020-04-08,"27",1154,85,20,7.05098944706805,1154,20,5.57622965629605,7.3688308561825
"Mississippi",2020-03-21,"28",140,60,1,4.9416424226093,2003,19,NA,NA
"Mississippi",2020-03-22,"28",207,67,2,5.33271879326537,2003,19,NA,NA
"Mississippi",2020-03-23,"28",249,42,3,5.51745289646471,2003,19,NA,NA
"Mississippi",2020-03-24,"28",320,71,4,5.76832099579377,2003,19,NA,NA
"Mississippi",2020-03-25,"28",377,57,5,5.93224518744801,2003,19,NA,NA
"Mississippi",2020-03-26,"28",487,110,6,6.18826412308259,2003,19,NA,NA
"Mississippi",2020-03-27,"28",579,92,7,6.361302477573,2003,19,4.80815482581828,22.8030825553886
"Mississippi",2020-03-28,"28",669,90,8,6.50578406012823,2003,19,4.93893441730546,20.0958503217642
"Mississippi",2020-03-29,"28",759,90,9,6.63200177739563,2003,19,5.00484663221513,18.7415359342381
"Mississippi",2020-03-30,"28",848,89,10,6.7428806357919,2003,19,5.14422188465377,16.5739715604831
"Mississippi",2020-03-31,"28",937,89,11,6.84268328223842,2003,19,5.28323833206183,14.6830236057589
"Mississippi",2020-04-01,"28",1073,136,12,6.9782137426307,2003,19,5.459898464379,12.7489537272817
"Mississippi",2020-04-02,"28",1177,104,13,7.07072410726028,2003,19,5.5605822408206,11.7278777103914
"Mississippi",2020-04-03,"28",1358,181,14,7.21376830811864,2003,19,5.5835781442258,11.5597518233548
"Mississippi",2020-04-04,"28",1455,97,15,7.28276117960559,2003,19,5.62810712916079,11.1503370582329
"Mississippi",2020-04-05,"28",1638,183,16,7.40123126441302,2003,19,5.64104074575432,11.038436593163
"Mississippi",2020-04-06,"28",1738,100,17,7.46049030582534,2003,19,5.72280657667779,10.3981899523954
"Mississippi",2020-04-07,"28",1915,177,18,7.55747290161475,2003,19,5.83168052793655,9.65990296563091
"Mississippi",2020-04-08,"28",2003,88,19,7.60240133566582,2003,19,5.96402420125559,8.78632142295921
"Missouri",2020-03-22,"29",130,37,1,4.86753445045558,3327,18,NA,NA
"Missouri",2020-03-23,"29",183,53,2,5.20948615284142,3327,18,NA,NA
"Missouri",2020-03-24,"29",255,72,3,5.54126354515843,3327,18,NA,NA
"Missouri",2020-03-25,"29",377,122,4,5.93224518744801,3327,18,NA,NA
"Missouri",2020-03-26,"29",507,130,5,6.22851100359118,3327,18,NA,NA
"Missouri",2020-03-27,"29",671,164,6,6.50876913697168,3327,18,NA,NA
"Missouri",2020-03-28,"29",838,167,7,6.73101810048208,3327,18,4.59179474288223,31.7009442027599
"Missouri",2020-03-29,"29",903,65,8,6.80572255341699,3327,18,4.75372683607681,27.6597937924917
"Missouri",2020-03-30,"29",1050,147,9,6.95654544315157,3327,18,4.99444481228678,23.1975268671725
"Missouri",2020-03-31,"29",1351,301,10,7.2086003379602,3327,18,5.22896545794173,19.9360276682237
"Missouri",2020-04-01,"29",1581,230,11,7.36581283720947,3327,18,5.39011270311148,17.9896258767907
"Missouri",2020-04-02,"29",1834,253,12,7.51425465281641,3327,18,5.50580635708014,16.7461564483293
"Missouri",2020-04-03,"29",2113,279,13,7.65586401761606,3327,18,5.53366351171515,16.4316762294953
"Missouri",2020-04-04,"29",2291,178,14,7.7367436824535,3327,18,5.55368824066624,16.0619816103383
"Missouri",2020-04-05,"29",2367,76,15,7.76937860951398,3327,18,5.83609821075427,13.5172763160015
"Missouri",2020-04-06,"29",2722,355,16,7.90912218321141,3327,18,6.14048878046883,11.1828075357134
"Missouri",2020-04-07,"29",3037,315,17,8.01862546504575,3327,18,6.27912786731113,10.2203126292742
"Missouri",2020-04-08,"29",3327,290,18,8.10982627601848,3327,18,6.37807198458392,9.58791523294112
"Montana",2020-03-27,"30",121,31,1,4.79579054559674,332,13,NA,NA
"Montana",2020-03-28,"30",147,26,2,4.99043258677874,332,13,NA,NA
"Montana",2020-03-29,"30",161,14,3,5.08140436498446,332,13,NA,NA
"Montana",2020-03-30,"30",177,16,4,5.17614973257383,332,13,NA,NA
"Montana",2020-03-31,"30",198,21,5,5.28826703069454,332,13,NA,NA
"Montana",2020-04-01,"30",217,19,6,5.37989735354046,332,13,NA,NA
"Montana",2020-04-02,"30",241,24,7,5.48479693349065,332,13,4.73484674067774,10.9028977246974
"Montana",2020-04-03,"30",262,21,8,5.5683445037611,332,13,4.79127955280945,9.80095896045037
"Montana",2020-04-04,"30",281,19,9,5.63835466933375,332,13,4.80565129300729,9.47060842220894
"Montana",2020-04-05,"30",298,17,10,5.6970934865054,332,13,4.84897996480508,8.75519174747783
"Montana",2020-04-06,"30",319,21,11,5.76519110278484,332,13,4.9120715205747,7.92400792158541
"Montana",2020-04-07,"30",319,0,12,5.76519110278484,332,13,5.02095391025756,6.59078060380661
"Montana",2020-04-08,"30",332,13,13,5.80513496891649,332,13,5.14574963187669,5.29122763491464
"Nebraska",2020-03-28,"31",122,22,1,4.80402104473326,538,12,NA,NA
"Nebraska",2020-03-29,"31",137,15,2,4.91998092582813,538,12,NA,NA
"Nebraska",2020-03-30,"31",185,48,3,5.22035582507832,538,12,NA,NA
"Nebraska",2020-03-31,"31",193,8,4,5.26269018890489,538,12,NA,NA
"Nebraska",2020-04-01,"31",249,56,5,5.51745289646471,538,12,NA,NA
"Nebraska",2020-04-02,"31",273,24,6,5.60947179518496,538,12,NA,NA
"Nebraska",2020-04-03,"31",296,23,7,5.69035945432406,538,12,4.66989115594941,15.4824787102588
"Nebraska",2020-04-04,"31",339,43,8,5.82600010738045,538,12,4.72003616876855,14.3030228908162
"Nebraska",2020-04-05,"31",377,38,9,5.93224518744801,538,12,4.8436833902723,12.2685517211412
"Nebraska",2020-04-06,"31",438,61,10,6.08221891037645,538,12,4.82674502679631,12.51678235206
"Nebraska",2020-04-07,"31",490,52,11,6.19440539110467,538,12,4.91652554963281,11.4937051693815
"Nebraska",2020-04-08,"31",538,48,12,6.28785856016178,538,12,4.88553567430472,11.7838248981704
"Nevada",2020-03-20,"32",165,66,1,5.10594547390058,2318,20,NA,NA
"Nevada",2020-03-21,"32",165,0,2,5.10594547390058,2318,20,NA,NA
"Nevada",2020-03-22,"32",190,25,3,5.24702407216049,2318,20,NA,NA
"Nevada",2020-03-23,"32",265,75,4,5.57972982598622,2318,20,NA,NA
"Nevada",2020-03-24,"32",315,50,5,5.75257263882563,2318,20,NA,NA
"Nevada",2020-03-25,"32",405,90,6,6.00388706710654,2318,20,NA,NA
"Nevada",2020-03-26,"32",535,130,7,6.28226674689601,2318,20,4.74956796095896,20.8228413287977
"Nevada",2020-03-27,"32",621,86,8,6.43133108193348,2318,20,4.61632251977805,23.1099979096073
"Nevada",2020-03-28,"32",738,117,9,6.60394382460047,2318,20,4.63503877736879,22.5130567045888
"Nevada",2020-03-29,"32",920,182,10,6.82437367004309,2318,20,4.74512835684768,20.9432782805258
"Nevada",2020-03-30,"32",1044,124,11,6.95081476844258,2318,20,4.81920520757014,19.8477738301015
"Nevada",2020-03-31,"32",1113,69,12,7.01481435127554,2318,20,5.05640863170724,17.0104302989636
"Nevada",2020-04-01,"32",1279,166,13,7.15383380157884,2318,20,5.27714737547616,14.7447808806242
"Nevada",2020-04-02,"32",1458,179,14,7.2848209125686,2318,20,5.3820763658475,13.7524647396235
"Nevada",2020-04-03,"32",1549,91,15,7.34536484041687,2318,20,5.59049092457379,11.9577734487017
"Nevada",2020-04-04,"32",1758,209,16,7.47193207824512,2318,20,5.75573759293793,10.7206497494562
"Nevada",2020-04-05,"32",1880,122,17,7.539027055824,2318,20,5.81631372373237,10.2514405532908
"Nevada",2020-04-06,"32",1971,91,18,7.58629630715272,2318,20,5.91090015218827,9.54265550642268
"Nevada",2020-04-07,"32",2101,130,19,7.650168700845,2318,20,6.12699612673369,8.16292036562085
"Nevada",2020-04-08,"32",2318,217,20,7.7484600238997,2318,20,6.23397006614058,7.5531760134184
"New Hampshire",2020-03-23,"33",101,23,1,4.61512051684126,788,17,NA,NA
"New Hampshire",2020-03-24,"33",108,7,2,4.68213122712422,788,17,NA,NA
"New Hampshire",2020-03-25,"33",137,29,3,4.91998092582813,788,17,NA,NA
"New Hampshire",2020-03-26,"33",158,21,4,5.06259503302697,788,17,NA,NA
"New Hampshire",2020-03-27,"33",187,29,5,5.23110861685459,788,17,NA,NA
"New Hampshire",2020-03-28,"33",214,27,6,5.36597601502185,788,17,NA,NA
"New Hampshire",2020-03-29,"33",258,44,7,5.55295958492162,788,17,4.41964820693655,16.0440516823672
"New Hampshire",2020-03-30,"33",314,56,8,5.74939298590825,788,17,4.37146284543117,17.0397270590499
"New Hampshire",2020-03-31,"33",367,53,9,5.90536184805457,788,17,4.40142722126465,16.6128201446748
"New Hampshire",2020-04-01,"33",415,48,10,6.0282785202307,788,17,4.39928118399254,16.5320496246342
"New Hampshire",2020-04-02,"33",479,64,11,6.17170059741091,788,17,4.42960167685189,16.0670829114987
"New Hampshire",2020-04-03,"33",540,61,12,6.29156913955832,788,17,4.48652258457967,15.3326676175373
"New Hampshire",2020-04-04,"33",621,81,13,6.43133108193348,788,17,4.59515426982681,14.2350198131859
"New Hampshire",2020-04-05,"33",669,48,14,6.50578406012823,788,17,4.74661598306067,12.8014368205192
"New Hampshire",2020-04-06,"33",715,46,15,6.57228254269401,788,17,4.89429954932892,11.4835844579855
"New Hampshire",2020-04-07,"33",747,32,16,6.61606518513282,788,17,5.08373000115721,9.92406716372309
"New Hampshire",2020-04-08,"33",788,41,17,6.66949808985788,788,17,5.32379351347702,8.15477153303723
"New Jersey",2020-03-16,"34",176,78,1,5.17048399503815,47437,24,NA,NA
"New Jersey",2020-03-17,"34",268,92,2,5.59098698051086,47437,24,NA,NA
"New Jersey",2020-03-18,"34",427,159,3,6.05678401322862,47437,24,NA,NA
"New Jersey",2020-03-19,"34",735,308,4,6.59987049921284,47437,24,NA,NA
"New Jersey",2020-03-20,"34",896,161,5,6.79794041297493,47437,24,NA,NA
"New Jersey",2020-03-21,"34",1336,440,6,7.19743535409659,47437,24,NA,NA
"New Jersey",2020-03-22,"34",1914,578,7,7.5569505720129,47437,24,4.8367141356047,39.6909031351501
"New Jersey",2020-03-23,"34",2844,930,8,7.95296679092313,47437,24,4.91401969547835,38.1565621560326
"New Jersey",2020-03-24,"34",3675,831,9,8.20930841164694,47437,24,5.06958459250367,35.4384854918339
"New Jersey",2020-03-25,"34",4402,727,10,8.38981426208641,47437,24,5.292159076867,31.9574954385403
"New Jersey",2020-03-26,"34",6876,2474,11,8.83579236650274,47437,24,5.23412359112135,32.6809697007039
"New Jersey",2020-03-27,"34",8825,1949,12,9.0853438818015,47437,24,5.39236202739149,30.9223451544917
"New Jersey",2020-03-28,"34",11124,2299,13,9.31686021535386,47437,24,5.55994554767699,29.1820252379836
"New Jersey",2020-03-29,"34",13386,2262,14,9.50196466366059,47437,24,5.78693953818379,26.9915244476475
"New Jersey",2020-03-30,"34",16636,3250,15,9.7193243008628,47437,24,5.90745130613909,25.8407725701681
"New Jersey",2020-03-31,"34",18696,2060,16,9.83606487621869,47437,24,6.21246370918776,23.2944160463431
"New Jersey",2020-04-01,"34",22255,3559,17,10.01032198145,47437,24,6.7584914383861,19.3839104256607
"New Jersey",2020-04-02,"34",25590,3335,18,10.1499569291538,47437,24,7.02701443185338,17.5530817385976
"New Jersey",2020-04-03,"34",29895,4305,19,10.305446521315,47437,24,7.23271071002661,16.2597897480611
"New Jersey",2020-04-04,"34",34124,4229,20,10.4377562280286,47437,24,7.38763042231134,15.3339685247984
"New Jersey",2020-04-05,"34",37505,3381,21,10.5322295364037,47437,24,7.61051387113547,14.0615105360987
"New Jersey",2020-04-06,"34",41090,3585,22,10.6235200618775,47437,24,7.76412732815626,13.1927855919951
"New Jersey",2020-04-07,"34",44416,3326,23,10.7013550438665,47437,24,8.07507770902389,11.5964588135198
"New Jersey",2020-04-08,"34",47437,3021,24,10.767157793898,47437,24,8.38060126861793,10.1042266899439
"New Mexico",2020-03-25,"35",112,12,1,4.71849887129509,865,15,NA,NA
"New Mexico",2020-03-26,"35",136,24,2,4.91265488573605,865,15,NA,NA
"New Mexico",2020-03-27,"35",191,55,3,5.25227342804663,865,15,NA,NA
"New Mexico",2020-03-28,"35",208,17,4,5.33753807970132,865,15,NA,NA
"New Mexico",2020-03-29,"35",237,29,5,5.46806014113513,865,15,NA,NA
"New Mexico",2020-03-30,"35",281,44,6,5.63835466933375,865,15,NA,NA
"New Mexico",2020-03-31,"35",315,34,7,5.75257263882563,865,15,4.61579216159973,17.0335985102697
"New Mexico",2020-04-01,"35",363,48,8,5.89440283426485,865,15,4.70679044372461,15.166638774203
"New Mexico",2020-04-02,"35",403,40,9,5.99893656194668,865,15,4.84068446292534,12.993683601849
"New Mexico",2020-04-03,"35",495,92,10,6.20455776256869,865,15,4.77663108446464,13.9959287684155
"New Mexico",2020-04-04,"35",543,48,11,6.29710931993394,865,15,4.7888798051477,13.8068487356692
"New Mexico",2020-04-05,"35",624,81,12,6.43615036836943,865,15,4.81267136186873,13.5450549558125
"New Mexico",2020-04-06,"35",686,62,13,6.53087762772588,865,15,4.83187859019888,13.2735099746328
"New Mexico",2020-04-07,"35",794,108,14,6.67708346124714,865,15,4.85992103367359,13.0125593510929
"New Mexico",2020-04-08,"35",865,71,15,6.76272950693188,865,15,4.92812128405862,12.3935662146587
"New York",2020-03-08,"36",106,17,1,4.66343909411207,149401,32,NA,NA
"New York",2020-03-09,"36",142,36,2,4.95582705760126,149401,32,NA,NA
"New York",2020-03-10,"36",173,31,3,5.15329159449778,149401,32,NA,NA
"New York",2020-03-11,"36",217,44,4,5.37989735354046,149401,32,NA,NA
"New York",2020-03-12,"36",326,109,5,5.78689738136671,149401,32,NA,NA
"New York",2020-03-13,"36",421,95,6,6.04263283368238,149401,32,NA,NA
"New York",2020-03-14,"36",610,189,7,6.41345895716736,149401,32,4.334023906253,28.7759890292751
"New York",2020-03-15,"36",732,122,8,6.59578051396131,149401,32,4.31416035337367,28.9390377662901
"New York",2020-03-16,"36",950,218,9,6.85646198459459,149401,32,4.28238028834449,29.1708538104742
"New York",2020-03-17,"36",1374,424,10,7.22548147278229,149401,32,4.27140133132711,29.3893901587864
"New York",2020-03-18,"36",2382,1008,11,7.77569574991525,149401,32,4.1637454387035,31.339626468831
"New York",2020-03-19,"36",4152,1770,12,8.33134542484572,149401,32,3.74930774598337,36.5011154207386
"New York",2020-03-20,"36",7102,2950,13,8.86813171350303,149401,32,3.2400573109326,41.9799352003447
"New York",2020-03-21,"36",10356,3254,14,9.24532134087143,149401,32,2.70488528589918,46.7065210378953
"New York",2020-03-22,"36",15168,4812,15,9.6269432244948,149401,32,2.51410037894386,48.0127122123811
"New York",2020-03-23,"36",20875,5707,16,9.94630754971906,149401,32,2.78394884487821,45.6391039142682
"New York",2020-03-24,"36",25665,4790,17,10.1528834749944,149401,32,3.57508317177542,39.7153533427712
"New York",2020-03-25,"36",33066,7401,18,10.4062608431113,149401,32,4.42429408881259,33.9115570950968
"New York",2020-03-26,"36",38987,5921,19,10.5709835362105,149401,32,5.28447611292815,28.4156240110781
"New York",2020-03-27,"36",44635,5648,20,10.7062735836135,149401,32,6.00695547307904,24.0388951608922
"New York",2020-03-28,"36",53363,8728,21,10.8848729008982,149401,32,6.65590427158199,20.3993612793395
"New York",2020-03-29,"36",59568,6205,22,10.9948737961125,149401,32,7.19163237286882,17.5346083267501
"New York",2020-03-30,"36",67174,7606,23,11.1150415468824,149401,32,7.56332032143613,15.6342481655499
"New York",2020-03-31,"36",75832,8658,24,11.2362756461329,149401,32,7.94486978252814,13.8098594389552
"New York",2020-04-01,"36",83889,8057,25,11.3372497753974,149401,32,8.15803251400542,12.8177553163697
"New York",2020-04-02,"36",92770,8881,26,11.4378785906473,149401,32,8.3574121105703,11.9320379290012
"New York",2020-04-03,"36",102870,10100,27,11.5412213341251,149401,32,8.5834049838005,10.9902254188049
"New York",2020-04-04,"36",114996,12126,28,11.6526526241318,149401,32,8.62779636347413,10.8117821537773
"New York",2020-04-05,"36",122911,7915,29,11.7192157952104,149401,32,8.7884888034878,10.1758866418201
"New York",2020-04-06,"36",130703,7792,30,11.7806828526771,149401,32,9.01066638461497,9.32831318836889
"New York",2020-04-07,"36",140081,9378,31,11.8499761057121,149401,32,9.21520046361105,8.57779277174684
"New York",2020-04-08,"36",149401,9320,32,11.9143892450989,149401,32,9.44667806690223,7.76811333955028
"North Carolina",2020-03-19,"37",104,38,1,4.64439089914137,3423,21,NA,NA
"North Carolina",2020-03-20,"37",144,40,2,4.969813299576,3423,21,NA,NA
"North Carolina",2020-03-21,"37",184,40,3,5.21493575760899,3423,21,NA,NA
"North Carolina",2020-03-22,"37",269,85,4,5.59471137960184,3423,21,NA,NA
"North Carolina",2020-03-23,"37",303,34,5,5.71373280550937,3423,21,NA,NA
"North Carolina",2020-03-24,"37",399,96,6,5.98896141688986,3423,21,NA,NA
"North Carolina",2020-03-25,"37",563,164,7,6.33327962813969,3423,21,4.40800938813486,27.1562838197253
"North Carolina",2020-03-26,"37",638,75,8,6.45833828334479,3423,21,4.4861616655144,25.3446883201993
"North Carolina",2020-03-27,"37",783,145,9,6.6631326959908,3423,21,4.56142925702755,23.8978265902203
"North Carolina",2020-03-28,"37",972,189,10,6.87935580446044,3423,21,4.67754566434972,22.2218211499771
"North Carolina",2020-03-29,"37",1167,195,11,7.06219163228656,3423,21,4.68385080285341,21.9857797261565
"North Carolina",2020-03-30,"37",1304,137,12,7.1731917424866,3423,21,4.90535758066423,19.3983303792843
"North Carolina",2020-03-31,"37",1528,224,13,7.33171496972647,3423,21,5.12014643686944,17.2288281404989
"North Carolina",2020-04-01,"37",1582,54,14,7.3664451483276,3423,21,5.27960532934242,15.5547181444497
"North Carolina",2020-04-02,"37",1857,275,15,7.52671756135271,3423,21,5.49991138440733,13.6944879330712
"North Carolina",2020-04-03,"37",2093,236,16,7.646353722446,3423,21,5.69432125325913,12.2260679211785
"North Carolina",2020-04-04,"37",2402,309,17,7.78405700263993,3423,21,5.75949178002111,11.8104380807327
"North Carolina",2020-04-05,"37",2585,183,18,7.85748078694253,3423,21,5.79221239771394,11.5623563332612
"North Carolina",2020-04-06,"37",2870,285,19,7.96206730875367,3423,21,5.85042365111345,11.1802419128525
"North Carolina",2020-04-07,"37",3220,350,20,8.07713663853845,3423,21,5.79445411311343,11.4782179640394
"North Carolina",2020-04-08,"37",3423,203,21,8.13827263853019,3423,21,6.00828564213765,10.2651477493968
"North Dakota",2020-03-30,"38",109,11,1,4.69134788222914,251,10,NA,NA
"North Dakota",2020-03-31,"38",126,17,2,4.83628190695148,251,10,NA,NA
"North Dakota",2020-04-01,"38",147,21,3,4.99043258677874,251,10,NA,NA
"North Dakota",2020-04-02,"38",159,12,4,5.06890420222023,251,10,NA,NA
"North Dakota",2020-04-03,"38",173,14,5,5.15329159449778,251,10,NA,NA
"North Dakota",2020-04-04,"38",186,13,6,5.2257466737132,251,10,NA,NA
"North Dakota",2020-04-05,"38",207,21,7,5.33271879326537,251,10,4.63326033790068,10.2353616941113
"North Dakota",2020-04-06,"38",225,18,8,5.41610040220442,251,10,4.68534117097855,9.21739417937526
"North Dakota",2020-04-07,"38",237,12,9,5.46806014113513,251,10,4.74217157158673,8.23822236358986
"North Dakota",2020-04-08,"38",251,14,10,5.52545293913178,251,10,4.76551213418455,7.81977511607353
"Ohio",2020-03-19,"39",120,30,1,4.78749174278205,5148,21,NA,NA
"Ohio",2020-03-20,"39",169,49,2,5.12989871492307,5148,21,NA,NA
"Ohio",2020-03-21,"39",247,78,3,5.50938833662798,5148,21,NA,NA
"Ohio",2020-03-22,"39",351,104,4,5.86078622346587,5148,21,NA,NA
"Ohio",2020-03-23,"39",444,93,5,6.09582456243222,5148,21,NA,NA
"Ohio",2020-03-24,"39",564,120,6,6.33505425149806,5148,21,NA,NA
"Ohio",2020-03-25,"39",706,142,7,6.55961523749324,5148,21,4.56642018373353,29.6897063681708
"Ohio",2020-03-26,"39",867,161,8,6.76503897678054,5148,21,4.70077543343601,26.7147950547684
"Ohio",2020-03-27,"39",1144,277,9,7.04228617193974,5148,21,4.83735846125702,24.5392488843774
"Ohio",2020-03-28,"39",1406,262,10,7.24850407237061,5148,21,4.93664312667281,23.164505325042
"Ohio",2020-03-29,"39",1665,259,11,7.41758040241454,5148,21,4.98774678323598,22.4101360576377
"Ohio",2020-03-30,"39",1933,268,12,7.56682847920833,5148,21,5.0959702639196,21.052564673441
"Ohio",2020-03-31,"39",2199,266,13,7.69575799055476,5148,21,5.26105108492492,19.2403624804105
"Ohio",2020-04-01,"39",2547,348,14,7.84267147497946,5148,21,5.45981604813151,17.3505912095161
"Ohio",2020-04-02,"39",2902,355,15,7.97315543344413,5148,21,5.71563192732832,15.2111434923968
"Ohio",2020-04-03,"39",3312,410,16,8.10530751550515,5148,21,5.85546347999524,14.1335835258355
"Ohio",2020-04-04,"39",3739,427,17,8.22657347497711,5148,21,5.94188617214085,13.5047669041812
"Ohio",2020-04-05,"39",4043,304,18,8.30474226964077,5148,21,6.0639293158294,12.6357442166704
"Ohio",2020-04-06,"39",4450,407,19,8.40065937516029,5148,21,6.19711605651043,11.7580849452578
"Ohio",2020-04-07,"39",4782,332,20,8.47261414801827,5148,21,6.40179620011666,10.5152523453013
"Ohio",2020-04-08,"39",5148,366,21,8.54636356871602,5148,21,6.60027995940698,9.38686989651815
"Oklahoma",2020-03-24,"40",106,25,1,4.66343909411207,1524,16,NA,NA
"Oklahoma",2020-03-25,"40",164,58,2,5.0998664278242,1524,16,NA,NA
"Oklahoma",2020-03-26,"40",248,84,3,5.51342874616498,1524,16,NA,NA
"Oklahoma",2020-03-27,"40",322,74,4,5.77455154554441,1524,16,NA,NA
"Oklahoma",2020-03-28,"40",377,55,5,5.93224518744801,1524,16,NA,NA
"Oklahoma",2020-03-29,"40",429,52,6,6.06145691892802,1524,16,NA,NA
"Oklahoma",2020-03-30,"40",481,52,7,6.17586727010576,1524,16,4.62022474837939,24.5688641123991
"Oklahoma",2020-03-31,"40",566,85,8,6.33859407820318,1524,16,4.89086477981656,19.028447758579
"Oklahoma",2020-04-01,"40",719,153,9,6.57786135772105,1524,16,5.07521394716431,16.3035892237268
"Oklahoma",2020-04-02,"40",879,160,10,6.77878489768518,1524,16,5.08892707602992,16.3609627008698
"Oklahoma",2020-04-03,"40",988,109,11,6.89568269774787,1524,16,5.04379532225439,16.8820092001042
"Oklahoma",2020-04-04,"40",1159,171,12,7.05531284333975,1524,16,4.99220482938966,17.3621051714336
"Oklahoma",2020-04-05,"40",1252,93,13,7.13249755166004,1524,16,5.05738948700797,16.5041061248672
"Oklahoma",2020-04-06,"40",1327,75,14,7.19067603433221,1524,16,5.30411177220146,14.0787364354273
"Oklahoma",2020-04-07,"40",1472,145,15,7.29437729928882,1524,16,5.61353683229231,11.4648033996771
"Oklahoma",2020-04-08,"40",1524,52,16,7.32909373624659,1524,16,5.89706694336928,9.22742467770936
"Oregon",2020-03-20,"41",114,27,1,4.7361984483945,1239,20,NA,NA
"Oregon",2020-03-21,"41",137,23,2,4.91998092582813,1239,20,NA,NA
"Oregon",2020-03-22,"41",161,24,3,5.08140436498446,1239,20,NA,NA
"Oregon",2020-03-23,"41",191,30,4,5.25227342804663,1239,20,NA,NA
"Oregon",2020-03-24,"41",209,18,5,5.34233425196481,1239,20,NA,NA
"Oregon",2020-03-25,"41",266,57,6,5.5834963087817,1239,20,NA,NA
"Oregon",2020-03-26,"41",316,50,7,5.75574221358691,1239,20,4.57497685616034,16.594971244517
"Oregon",2020-03-27,"41",414,98,8,6.02586597382531,1239,20,4.53059361637193,17.8484061497555
"Oregon",2020-03-28,"41",479,65,9,6.17170059741091,1239,20,4.48079921613036,18.6838633944958
"Oregon",2020-03-29,"41",548,69,10,6.30627528694802,1239,20,4.46103559692062,18.7968140451428
"Oregon",2020-03-30,"41",606,58,11,6.40687998606931,1239,20,4.49742679052095,18.0541197945363
"Oregon",2020-03-31,"41",690,84,12,6.5366915975913,1239,20,4.68450611915024,15.8652525875584
"Oregon",2020-04-01,"41",736,46,13,6.60123011872888,1239,20,4.90302141358856,13.547479827201
"Oregon",2020-04-02,"41",826,90,14,6.71659477352098,1239,20,5.15295264501252,11.2916491155936
"Oregon",2020-04-03,"41",899,73,15,6.80128303447162,1239,20,5.26134944911117,10.3704872035271
"Oregon",2020-04-04,"41",999,100,16,6.90675477864855,1239,20,5.32467562793029,9.89338481369961
"Oregon",2020-04-05,"41",1068,69,17,6.97354301952014,1239,20,5.38605542640239,9.42917277932049
"Oregon",2020-04-06,"41",1132,64,18,7.03174125876313,1239,20,5.49901187398552,8.64262425080569
"Oregon",2020-04-07,"41",1181,49,19,7.07411681619736,1239,20,5.60291594401393,7.93290374263676
"Oregon",2020-04-08,"41",1239,58,20,7.12205988162914,1239,20,5.80087624988801,6.73946202818057
"Pennsylvania",2020-03-17,"42",101,20,1,4.61512051684126,16414,23,NA,NA
"Pennsylvania",2020-03-18,"42",139,38,2,4.93447393313069,16414,23,NA,NA
"Pennsylvania",2020-03-19,"42",187,48,3,5.23110861685459,16414,23,NA,NA
"Pennsylvania",2020-03-20,"42",269,82,4,5.59471137960184,16414,23,NA,NA
"Pennsylvania",2020-03-21,"42",388,119,5,5.96100533962327,16414,23,NA,NA
"Pennsylvania",2020-03-22,"42",504,116,6,6.22257626807137,16414,23,NA,NA
"Pennsylvania",2020-03-23,"42",644,140,7,6.46769872610435,16414,23,4.30897982282686,31.6565572158548
"Pennsylvania",2020-03-24,"42",851,207,8,6.74641212857337,16414,23,4.35527311076258,30.4887846189183
"Pennsylvania",2020-03-25,"42",1151,300,9,7.04838640872188,16414,23,4.41128663964452,29.5068866429501
"Pennsylvania",2020-03-26,"42",1690,539,10,7.43248380791712,16414,23,4.44320318746205,29.328268870161
"Pennsylvania",2020-03-27,"42",2218,528,11,7.70436116791031,16414,23,4.44596905036877,29.3948937398934
"Pennsylvania",2020-03-28,"42",2815,597,12,7.94271754057379,16414,23,4.40643431311865,29.7136442159391
"Pennsylvania",2020-03-29,"42",3441,626,13,8.14351740579748,16414,23,4.47078187570381,28.8430057938166
"Pennsylvania",2020-03-30,"42",4156,715,14,8.33230835221912,16414,23,4.69145424541629,26.6363728490897
"Pennsylvania",2020-03-31,"42",4997,841,15,8.51659301134421,16414,23,5.02715604162993,23.7265183369934
"Pennsylvania",2020-04-01,"42",5805,808,16,8.66647489413199,16414,23,5.4516237098759,20.414384846992
"Pennsylvania",2020-04-02,"42",7016,1211,17,8.85594853405202,16414,23,5.67116963817428,18.8405443253152
"Pennsylvania",2020-04-03,"42",8420,1404,18,9.03836510723637,16414,23,5.7962188180455,18.0213267800347
"Pennsylvania",2020-04-04,"42",10109,1689,19,9.22118139515406,16414,23,5.83379209952671,17.8016464314717
"Pennsylvania",2020-04-05,"42",11589,1480,20,9.35781165133439,16414,23,5.906283030525,17.3484888502497
"Pennsylvania",2020-04-06,"42",13074,1485,21,9.47838080417267,16414,23,6.04072021492295,16.5473919785437
"Pennsylvania",2020-04-07,"42",14582,1508,22,9.58754317036638,16414,23,6.23571499564229,15.4554139751517
"Pennsylvania",2020-04-08,"42",16414,1832,23,9.70588990818966,16414,23,6.53117461172111,13.9477844917555
"Puerto Rico",2020-03-29,"72",127,27,1,4.84418708645859,620,11,NA,NA
"Puerto Rico",2020-03-30,"72",174,47,2,5.15905529921453,620,11,NA,NA
"Puerto Rico",2020-03-31,"72",239,65,3,5.47646355193151,620,11,NA,NA
"Puerto Rico",2020-04-01,"72",286,47,4,5.65599181081985,620,11,NA,NA
"Puerto Rico",2020-04-02,"72",316,30,5,5.75574221358691,620,11,NA,NA
"Puerto Rico",2020-04-03,"72",378,62,6,5.93489419561959,620,11,NA,NA
"Puerto Rico",2020-04-04,"72",452,74,7,6.11368217983223,620,11,4.75722494326811,20.1408633378088
"Puerto Rico",2020-04-05,"72",475,23,8,6.16331480403464,620,11,4.93592805160176,16.3075648395055
"Puerto Rico",2020-04-06,"72",513,38,9,6.24027584517077,620,11,5.12061862177235,13.0857958299739
"Puerto Rico",2020-04-07,"72",573,60,10,6.35088571671474,620,11,5.21014142636582,11.7220342473837
"Puerto Rico",2020-04-08,"72",620,47,11,6.42971947803914,620,11,5.28964249017528,10.6446732174483
"Rhode Island",2020-03-23,"44",106,23,1,4.66343909411207,1450,17,NA,NA
"Rhode Island",2020-03-24,"44",124,18,2,4.82028156560504,1450,17,NA,NA
"Rhode Island",2020-03-25,"44",132,8,3,4.88280192258637,1450,17,NA,NA
"Rhode Island",2020-03-26,"44",165,33,4,5.10594547390058,1450,17,NA,NA
"Rhode Island",2020-03-27,"44",203,38,5,5.31320597904179,1450,17,NA,NA
"Rhode Island",2020-03-28,"44",239,36,6,5.47646355193151,1450,17,NA,NA
"Rhode Island",2020-03-29,"44",294,55,7,5.68357976733868,1450,17,4.44893247224683,17.1542501742436
"Rhode Island",2020-03-30,"44",408,114,8,6.01126717440416,1450,17,4.33746531319885,19.8036806926176
"Rhode Island",2020-03-31,"44",488,80,9,6.19031540585315,1450,17,4.21546325948567,21.7984201396585
"Rhode Island",2020-04-01,"44",566,78,10,6.33859407820318,1450,17,4.23459670355964,21.3820296035828
"Rhode Island",2020-04-02,"44",657,91,11,6.48768401848461,1450,17,4.28460690806921,20.551538604951
"Rhode Island",2020-04-03,"44",711,54,12,6.56667242980324,1450,17,4.43438740523998,18.5934358560931
"Rhode Island",2020-04-04,"44",806,95,13,6.69208374250663,1450,17,4.69799557060857,15.8346108890481
"Rhode Island",2020-04-05,"44",922,116,14,6.82654522355659,1450,17,5.00002526411566,13.1337470441583
"Rhode Island",2020-04-06,"44",1082,160,15,6.98656645940643,1450,17,5.05447083309255,12.7466256263881
"Rhode Island",2020-04-07,"44",1229,147,16,7.11395610956603,1450,17,5.05214283000696,12.7990134631627
"Rhode Island",2020-04-08,"44",1450,221,17,7.27931883541462,1450,17,4.9684265676406,13.4426947400551
"South Carolina",2020-03-20,"45",126,45,1,4.83628190695148,2552,20,NA,NA
"South Carolina",2020-03-21,"45",172,46,2,5.14749447681345,2552,20,NA,NA
"South Carolina",2020-03-22,"45",194,22,3,5.26785815906333,2552,20,NA,NA
"South Carolina",2020-03-23,"45",299,105,4,5.70044357339069,2552,20,NA,NA
"South Carolina",2020-03-24,"45",342,43,5,5.8348107370626,2552,20,NA,NA
"South Carolina",2020-03-25,"45",424,82,6,6.04973345523196,2552,20,NA,NA
"South Carolina",2020-03-26,"45",456,32,7,6.12249280951439,2552,20,4.67557883935755,22.2502258661608
"South Carolina",2020-03-27,"45",539,83,8,6.289715570909,2552,20,4.79371724295684,19.5900802322501
"South Carolina",2020-03-28,"45",660,121,9,6.49223983502047,2552,20,4.86403392816466,18.3548967691423
"South Carolina",2020-03-29,"45",774,114,10,6.65157187358973,2552,20,5.06094481905521,15.7436614721068
"South Carolina",2020-03-30,"45",925,151,11,6.82979373751242,2552,20,5.02194461309977,16.2799030841825
"South Carolina",2020-03-31,"45",1083,158,12,6.98749024700099,2552,20,5.01373547533074,16.3918876213711
"South Carolina",2020-04-01,"45",1293,210,13,7.16472037877186,2552,20,4.91265136374256,17.3563784373156
"South Carolina",2020-04-02,"45",1554,261,14,7.34858753092759,2552,20,4.91514385515215,17.3481976463208
"South Carolina",2020-04-03,"45",1700,146,15,7.43838353004431,2552,20,5.03008857283533,16.312103717881
"South Carolina",2020-04-04,"45",1917,217,16,7.55851674304564,2552,20,5.14385024849695,15.3539695619933
"South Carolina",2020-04-05,"45",2049,132,17,7.6251071482389,2552,20,5.3781145715925,13.5773441983614
"South Carolina",2020-04-06,"45",2232,183,18,7.7106533235012,2552,20,5.63681985349393,11.7863999305457
"South Carolina",2020-04-07,"45",2417,185,19,7.79028238070348,2552,20,5.92658374266945,9.95550431834536
"South Carolina",2020-04-08,"45",2552,135,20,7.84463264446468,2552,20,6.19340962939839,8.37167722280425
"South Dakota",2020-03-30,"46",101,11,1,4.61512051684126,393,10,NA,NA
"South Dakota",2020-03-31,"46",108,7,2,4.68213122712422,393,10,NA,NA
"South Dakota",2020-04-01,"46",129,21,3,4.85981240436167,393,10,NA,NA
"South Dakota",2020-04-02,"46",165,36,4,5.10594547390058,393,10,NA,NA
"South Dakota",2020-04-03,"46",187,22,5,5.23110861685459,393,10,NA,NA
"South Dakota",2020-04-04,"46",212,25,6,5.35658627467201,393,10,NA,NA
"South Dakota",2020-04-05,"46",240,28,7,5.48063892334199,393,10,4.43065455857223,15.4170054538953
"South Dakota",2020-04-06,"46",288,48,8,5.66296048013595,393,10,4.40510091474028,15.8385057063116
"South Dakota",2020-04-07,"46",320,32,9,5.76832099579377,393,10,4.47596343273984,14.6038789044801
"South Dakota",2020-04-08,"46",393,73,10,5.97380961186926,393,10,4.51524078091193,14.2299692044584
"Tennessee",2020-03-19,"47",155,57,1,5.04342511691925,4246,21,NA,NA
"Tennessee",2020-03-20,"47",237,82,2,5.46806014113513,4246,21,NA,NA
"Tennessee",2020-03-21,"47",312,75,3,5.74300318780948,4246,21,NA,NA
"Tennessee",2020-03-22,"47",424,112,4,6.04973345523196,4246,21,NA,NA
"Tennessee",2020-03-23,"47",522,98,5,6.25766758788264,4246,21,NA,NA
"Tennessee",2020-03-24,"47",679,157,6,6.5206211275587,4246,21,NA,NA
"Tennessee",2020-03-25,"47",806,127,7,6.69208374250663,4246,21,4.88697601562305,27.0205794631516
"Tennessee",2020-03-26,"47",981,175,8,6.88857245956536,4246,21,5.04735850434646,23.6806633464705
"Tennessee",2020-03-27,"47",1180,199,9,7.07326971745971,4246,21,5.15294437852175,21.7960491151482
"Tennessee",2020-03-28,"47",1364,184,10,7.21817683840341,4246,21,5.29532498320384,19.6588776452685
"Tennessee",2020-03-29,"47",1570,206,11,7.35883089834235,4246,21,5.40709253081078,18.1420976000774
"Tennessee",2020-03-30,"47",1721,151,12,7.45066079621154,4246,21,5.59749653757066,15.9043489159572
"Tennessee",2020-03-31,"47",2049,328,13,7.6251071482389,4246,21,5.68352591747119,15.0314573977565
"Tennessee",2020-04-01,"47",2690,641,14,7.89729647259588,4246,21,5.64507206715106,15.5797530659217
"Tennessee",2020-04-02,"47",2869,179,15,7.96171881598136,4246,21,5.67363889224196,15.3209386208803
"Tennessee",2020-04-03,"47",3032,163,16,8.01697774676226,4246,21,5.76716034959059,14.4600508454963
"Tennessee",2020-04-04,"47",3265,233,17,8.09101504171053,4246,21,5.93875913193189,13.0921357105302
"Tennessee",2020-04-05,"47",3538,273,18,8.17131687471973,4246,21,6.16622829054883,11.4766617736937
"Tennessee",2020-04-06,"47",3753,215,19,8.23031079913502,4246,21,6.57456442406897,8.90338565237581
"Tennessee",2020-04-07,"47",4010,257,20,8.29654652030061,4246,21,6.94796728747782,6.74740441921063
"Tennessee",2020-04-08,"47",4246,236,21,8.3537326422632,4246,21,6.95521170225893,6.69455279766685
"Texas",2020-03-17,"48",106,19,1,4.66343909411207,9900,23,NA,NA
"Texas",2020-03-18,"48",166,60,2,5.11198778835654,9900,23,NA,NA
"Texas",2020-03-19,"48",248,82,3,5.51342874616498,9900,23,NA,NA
"Texas",2020-03-20,"48",377,129,4,5.93224518744801,9900,23,NA,NA
"Texas",2020-03-21,"48",547,170,5,6.30444880242198,9900,23,NA,NA
"Texas",2020-03-22,"48",632,85,6,6.44888939414686,9900,23,NA,NA
"Texas",2020-03-23,"48",728,96,7,6.59030104819669,9900,23,4.47419013296509,33.0193183217553
"Texas",2020-03-24,"48",857,129,8,6.75343791859778,9900,23,4.73733069763934,27.1240685767356
"Texas",2020-03-25,"48",1119,262,9,7.02019070831193,9900,23,4.98430805907366,23.0304414089824
"Texas",2020-03-26,"48",1543,424,10,7.34148385236316,9900,23,5.13634819032542,21.2991011820581
"Texas",2020-03-27,"48",1942,399,11,7.57147364885127,9900,23,5.14255987731689,21.4862611279847
"Texas",2020-03-28,"48",2161,219,12,7.67832635650689,9900,23,5.05243191101809,22.2810786505523
"Texas",2020-03-29,"48",2712,551,13,7.90544164906029,9900,23,4.99920730493101,22.6660057819585
"Texas",2020-03-30,"48",3043,331,14,8.02059914989697,9900,23,5.14881086640839,21.1029574269215
"Texas",2020-03-31,"48",3576,533,15,8.18200013629341,9900,23,5.4552335519458,18.4915245686467
"Texas",2020-04-01,"48",4261,685,16,8.35725915349991,9900,23,5.7245665733567,16.4666131131593
"Texas",2020-04-02,"48",4880,619,17,8.49290049884719,9900,23,5.8303620548188,15.7096593971676
"Texas",2020-04-03,"48",5669,789,18,8.6427680143243,9900,23,5.82298713158145,15.7317952736751
"Texas",2020-04-04,"48",6566,897,19,8.78966009806154,9900,23,5.93700784947639,15.0281908514722
"Texas",2020-04-05,"48",7094,528,20,8.86700463533357,9900,23,6.02599991620107,14.4287330023945
"Texas",2020-04-06,"48",8115,1021,21,9.00146947994869,9900,23,6.1924426205707,13.4809235494554
"Texas",2020-04-07,"48",8974,859,22,9.10208678653593,9900,23,6.39183223221851,12.4137767225726
"Texas",2020-04-08,"48",9900,926,23,9.20029003612268,9900,23,6.54758597978422,11.6164840647745
"Utah",2020-03-20,"49",112,32,1,4.71849887129509,1875,20,NA,NA
"Utah",2020-03-21,"49",138,26,2,4.92725368515721,1875,20,NA,NA
"Utah",2020-03-22,"49",182,44,3,5.2040066870768,1875,20,NA,NA
"Utah",2020-03-23,"49",257,75,4,5.54907608489522,1875,20,NA,NA
"Utah",2020-03-24,"49",298,41,5,5.6970934865054,1875,20,NA,NA
"Utah",2020-03-25,"49",346,48,6,5.84643877505772,1875,20,NA,NA
"Utah",2020-03-26,"49",402,56,7,5.99645208861902,1875,20,4.539071863915,22.0189879685766
"Utah",2020-03-27,"49",480,78,8,6.17378610390194,1875,20,4.62382763919455,20.0780383910041
"Utah",2020-03-28,"49",608,128,9,6.41017488196617,1875,20,4.73230046726136,18.454582945697
"Utah",2020-03-29,"49",719,111,10,6.57786135772105,1875,20,4.82587391239156,17.2852354937258
"Utah",2020-03-30,"49",806,87,11,6.69208374250663,1875,20,4.81011614041757,17.3626383095624
"Utah",2020-03-31,"49",887,81,12,6.78784498230958,1875,20,4.87009118136355,16.4984185119639
"Utah",2020-04-01,"49",1012,125,13,6.91968384984741,1875,20,4.97979746489564,15.2847210751461
"Utah",2020-04-02,"49",1074,62,14,6.97914527506881,1875,20,5.21665896288994,13.0181395494702
"Utah",2020-04-03,"49",1260,186,15,7.13886699994552,1875,20,5.408132600206,11.4865867713371
"Utah",2020-04-04,"49",1428,168,16,7.26403014289953,1875,20,5.44907908142685,11.226332725616
"Utah",2020-04-05,"49",1605,177,17,7.38087903556412,1875,20,5.40424947165213,11.5640691087517
"Utah",2020-04-06,"49",1675,70,18,7.42356844425917,1875,20,5.4592639479601,11.123020089689
"Utah",2020-04-07,"49",1752,77,19,7.46851327149634,1875,20,5.63790006618522,9.91909513909318
"Utah",2020-04-08,"49",1875,123,20,7.53636393840451,1875,20,5.80097115159248,8.8945958373871
"Vermont",2020-03-25,"50",123,28,1,4.81218435537242,605,15,NA,NA
"Vermont",2020-03-26,"50",158,35,2,5.06259503302697,605,15,NA,NA
"Vermont",2020-03-27,"50",184,26,3,5.21493575760899,605,15,NA,NA
"Vermont",2020-03-28,"50",211,27,4,5.35185813347607,605,15,NA,NA
"Vermont",2020-03-29,"50",235,24,5,5.45958551414416,605,15,NA,NA
"Vermont",2020-03-30,"50",256,21,6,5.54517744447956,605,15,NA,NA
"Vermont",2020-03-31,"50",293,37,7,5.68017260901707,605,15,4.75896135810727,13.6206405013369
"Vermont",2020-04-01,"50",321,28,8,5.77144112313002,605,15,4.86040735853169,11.6083260147458
"Vermont",2020-04-02,"50",338,17,9,5.82304589548302,605,15,4.93144160651921,10.3002981707247
"Vermont",2020-04-03,"50",389,51,10,5.96357934361845,605,15,4.9593215625395,9.9583859705547
"Vermont",2020-04-04,"50",461,72,11,6.13339804299665,605,15,4.91059580432379,10.7182666832185
"Vermont",2020-04-05,"50",512,51,12,6.23832462503951,605,15,4.85779573799679,11.3501093933123
"Vermont",2020-04-06,"50",543,31,13,6.29710931993394,605,15,4.88139253557294,11.0533188717258
"Vermont",2020-04-07,"50",575,32,14,6.35437004079735,605,15,4.9156009231222,10.6130674404461
"Vermont",2020-04-08,"50",605,30,15,6.40522845803084,605,15,5.01993352129772,9.61371556763774
"Virginia",2020-03-20,"51",115,21,1,4.74493212836325,3645,20,NA,NA
"Virginia",2020-03-21,"51",152,37,2,5.02388052084628,3645,20,NA,NA
"Virginia",2020-03-22,"51",219,67,3,5.3890717298165,3645,20,NA,NA
"Virginia",2020-03-23,"51",254,35,4,5.53733426701854,3645,20,NA,NA
"Virginia",2020-03-24,"51",290,36,5,5.66988092298052,3645,20,NA,NA
"Virginia",2020-03-25,"51",391,101,6,5.96870755998537,3645,20,NA,NA
"Virginia",2020-03-26,"51",604,213,7,6.40357419793482,3645,20,4.51299883525548,25.5228195719889
"Virginia",2020-03-27,"51",606,2,8,6.40687998606931,3645,20,4.59108691479437,23.6049165174021
"Virginia",2020-03-28,"51",740,134,9,6.60665018619822,3645,20,4.68483124667168,21.8768574364322
"Virginia",2020-03-29,"51",890,150,10,6.79122146272619,3645,20,4.67940666264842,21.6906162130082
"Virginia",2020-03-30,"51",1021,131,11,6.92853781816467,3645,20,4.78961473935201,20.0859802832053
"Virginia",2020-03-31,"51",1250,229,12,7.13089883029635,3645,20,5.02351062189478,17.5744376001769
"Virginia",2020-04-01,"51",1511,261,13,7.32052696227274,3645,20,5.18376148715379,16.1456557622653
"Virginia",2020-04-02,"51",1706,195,14,7.44190672805162,3645,20,5.03245947474246,17.4018255202362
"Virginia",2020-04-03,"51",2012,306,15,7.60688453121963,3645,20,5.1063483413514,16.76450967794
"Virginia",2020-04-04,"51",2407,395,16,7.78613643778307,3645,20,5.12652320873537,16.6158794608424
"Virginia",2020-04-05,"51",2637,230,17,7.87739718635329,3645,20,5.22005005491995,15.8693246017365
"Virginia",2020-04-06,"51",2878,241,18,7.96485088744731,3645,20,5.46846468976837,14.1422368905194
"Virginia",2020-04-07,"51",3333,455,19,8.11162807830774,3645,20,5.62150193190218,13.1775154358216
"Virginia",2020-04-08,"51",3645,312,20,8.20111164444276,3645,20,5.7514566068995,12.3779153321924
"Washington",2020-03-07,"53",110,24,1,4.70048036579242,9097,33,NA,NA
"Washington",2020-03-08,"53",141,31,2,4.94875989037817,9097,33,NA,NA
"Washington",2020-03-09,"53",179,38,3,5.18738580584075,9097,33,NA,NA
"Washington",2020-03-10,"53",279,100,4,5.63121178182137,9097,33,NA,NA
"Washington",2020-03-11,"53",338,59,5,5.82304589548302,9097,33,NA,NA
"Washington",2020-03-12,"53",419,81,6,6.03787091992214,9097,33,NA,NA
"Washington",2020-03-13,"53",511,92,7,6.2363695902037,9097,33,4.44908206106821,26.5055350784431
"Washington",2020-03-14,"53",609,98,8,6.4118182677099,9097,33,4.52274426469024,24.6207208529352
"Washington",2020-03-15,"53",675,66,9,6.51471269087253,9097,33,4.70109128135197,21.2732761485467
"Washington",2020-03-16,"53",794,119,10,6.67708346124714,9097,33,4.96657780682609,17.4817713458718
"Washington",2020-03-17,"53",908,114,11,6.81124437860129,9097,33,5.06705970552749,16.1477272595487
"Washington",2020-03-18,"53",1026,118,12,6.93342302573071,9097,33,5.1991089124045,14.648825313422
"Washington",2020-03-19,"53",1228,202,13,7.11314210870709,9097,33,5.25323523212442,14.1787812831449
"Washington",2020-03-20,"53",1404,176,14,7.24708058458576,9097,33,5.2601849718298,14.1392333956439
"Washington",2020-03-21,"53",1655,251,15,7.41155628781116,9097,33,5.18728203353698,14.7586527414248
"Washington",2020-03-22,"53",1844,189,16,7.51969240411654,9097,33,5.22519579738285,14.4361007352964
"Washington",2020-03-23,"53",2101,257,17,7.650168700845,9097,33,5.24703811875336,14.2418782235959
"Washington",2020-03-24,"53",2469,368,18,7.81156848934518,9097,33,5.2510716244577,14.2182192666072
"Washington",2020-03-25,"53",2585,116,19,7.85748078694253,9097,33,5.45832461904531,12.8593009187822
"Washington",2020-03-26,"53",3208,623,20,8.07340296898641,9097,33,5.42921545952657,13.0810437024761
"Washington",2020-03-27,"53",3770,562,21,8.23483028044206,9097,33,5.36117164952916,13.5162685490355
"Washington",2020-03-28,"53",4311,541,22,8.36892517474713,9097,33,5.23092900563872,14.2101998240254
"Washington",2020-03-29,"53",4896,585,23,8.49617382419216,9097,33,5.19173700768225,14.3931365512319
"Washington",2020-03-30,"53",5179,283,24,8.55236726642389,9097,33,5.35277136867494,13.554659326772
"Washington",2020-03-31,"53",5292,113,25,8.57395152523485,9097,33,5.66133826895824,12.0310155482216
"Washington",2020-04-01,"53",5588,296,26,8.62837672037685,9097,33,6.34286345809424,9.023592269406
"Washington",2020-04-02,"53",6585,997,27,8.79254961417738,9097,33,6.57544880636367,8.1065671196718
"Washington",2020-04-03,"53",6966,381,28,8.84879645092595,9097,33,6.72625681224346,7.52991022307088
"Washington",2020-04-04,"53",7498,532,29,8.92239159729586,9097,33,6.74698477806452,7.46467777592049
"Washington",2020-04-05,"53",7984,486,30,8.9851948179913,9097,33,6.62101370273658,7.91350903347622
"Washington",2020-04-06,"53",8384,400,31,9.03408040656082,9097,33,6.60261248232656,7.94237436544749
"Washington",2020-04-07,"53",8682,298,32,9.06900719585954,9097,33,6.88651418723651,6.93339777957249
"Washington",2020-04-08,"53",9097,415,33,9.11569996782206,9097,33,7.33657283573377,5.43414771452215
"West Virginia",2020-03-28,"54",113,17,1,4.72738781871234,483,12,NA,NA
"West Virginia",2020-03-29,"54",124,11,2,4.82028156560504,483,12,NA,NA
"West Virginia",2020-03-30,"54",145,21,3,4.97673374242057,483,12,NA,NA
"West Virginia",2020-03-31,"54",162,17,4,5.08759633523238,483,12,NA,NA
"West Virginia",2020-04-01,"54",191,29,5,5.25227342804663,483,12,NA,NA
"West Virginia",2020-04-02,"54",217,26,6,5.37989735354046,483,12,NA,NA
"West Virginia",2020-04-03,"54",242,25,7,5.48893772615669,483,12,4.57909814084059,13.1407892279641
"West Virginia",2020-04-04,"54",282,40,8,5.64190707093811,483,12,4.56009219210221,13.5056625063555
"West Virginia",2020-04-05,"54",324,42,9,5.78074351579233,483,12,4.56744521966742,13.4189824629885
"West Virginia",2020-04-06,"54",345,21,10,5.84354441703136,483,12,4.59971572924821,12.8099790653071
"West Virginia",2020-04-07,"54",412,67,11,6.02102334934953,483,12,4.62251821425755,12.5905345733076
"West Virginia",2020-04-08,"54",483,71,12,6.18001665365257,483,12,4.58388506823238,13.0934517600545
"Wisconsin",2020-03-18,"55",106,34,1,4.66343909411207,2756,22,NA,NA
"Wisconsin",2020-03-19,"55",155,49,2,5.04342511691925,2756,22,NA,NA
"Wisconsin",2020-03-20,"55",216,61,3,5.37527840768417,2756,22,NA,NA
"Wisconsin",2020-03-21,"55",281,65,4,5.63835466933375,2756,22,NA,NA
"Wisconsin",2020-03-22,"55",382,101,5,5.94542060860658,2756,22,NA,NA
"Wisconsin",2020-03-23,"55",418,36,6,6.03548143252476,2756,22,NA,NA
"Wisconsin",2020-03-24,"55",481,63,7,6.17586727010576,2756,22,4.54081817702454,25.3269262861233
"Wisconsin",2020-03-25,"55",623,142,8,6.43454651878745,2756,22,4.70482687955903,22.0416739058529
"Wisconsin",2020-03-26,"55",754,131,9,6.62539236800796,2756,22,4.83865470185478,19.9041865763499
"Wisconsin",2020-03-27,"55",930,176,10,6.8351845861473,2756,22,4.90408933305398,19.1053512696647
"Wisconsin",2020-03-28,"55",1042,112,11,6.94889722231331,2756,22,4.98315250199401,18.0691473080982
"Wisconsin",2020-03-29,"55",1120,78,12,7.02108396428914,2756,22,5.00622369089606,17.5125198823861
"Wisconsin",2020-03-30,"55",1267,147,13,7.14440718032114,2756,22,5.16855434572641,15.7221409855531
"Wisconsin",2020-03-31,"55",1351,84,14,7.2086003379602,2756,22,5.49519477314839,12.6646087867373
"Wisconsin",2020-04-01,"55",1550,199,15,7.34601020991329,2756,22,5.68814155812906,11.0864106691059
"Wisconsin",2020-04-02,"55",1730,180,16,7.45587668749182,2756,22,5.81680708092804,10.156495188945
"Wisconsin",2020-04-03,"55",1916,186,17,7.55799495853081,2756,22,5.79116923779209,10.3517203023215
"Wisconsin",2020-04-04,"55",2112,196,18,7.65539064482615,2756,22,5.74631702571072,10.6334712412929
"Wisconsin",2020-04-05,"55",2267,155,19,7.72621265050753,2756,22,5.81293793970236,10.1820777603879
"Wisconsin",2020-04-06,"55",2440,173,20,7.79975331828725,2756,22,5.87614046351789,9.76206349822843
"Wisconsin",2020-04-07,"55",2578,138,21,7.85476918349913,2756,22,6.09655603122758,8.50802812258962
"Wisconsin",2020-04-08,"55",2756,178,22,7.92153563213355,2756,22,6.26154503971318,7.62459984758193
"Wyoming",2020-03-31,"56",120,25,1,4.78749174278205,230,9,NA,NA
"Wyoming",2020-04-01,"56",137,17,2,4.91998092582813,230,9,NA,NA
"Wyoming",2020-04-02,"56",153,16,3,5.03043792139244,230,9,NA,NA
"Wyoming",2020-04-03,"56",166,13,4,5.11198778835654,230,9,NA,NA
"Wyoming",2020-04-04,"56",187,21,5,5.23110861685459,230,9,NA,NA
"Wyoming",2020-04-05,"56",200,13,6,5.29831736654804,230,9,NA,NA
"Wyoming",2020-04-06,"56",212,12,7,5.35658627467201,230,9,4.72446906626599,9.51652561632815
"Wyoming",2020-04-07,"56",221,9,8,5.39816270151775,230,9,4.78644529719929,8.11847004221265
"Wyoming",2020-04-08,"56",230,9,9,5.4380793089232,230,9,4.85479321545234,6.85982730975759
