"CountryCode","geoId","Country","Date","Deaths","Deaths_daily","time","Deaths_log","Deaths_sum","n","coef.intercept","Exp_rate"
"DZA","DZ","Algeria",2020-03-20,11,2,1,2.39789527279837,235,21,NA,NA
"DZA","DZ","Algeria",2020-03-21,15,4,2,2.70805020110221,235,21,NA,NA
"DZA","DZ","Algeria",2020-03-22,17,2,3,2.83321334405622,235,21,NA,NA
"DZA","DZ","Algeria",2020-03-23,17,0,4,2.83321334405622,235,21,NA,NA
"DZA","DZ","Algeria",2020-03-24,19,2,5,2.94443897916644,235,21,NA,NA
"DZA","DZ","Algeria",2020-03-25,21,2,6,3.04452243772342,235,21,NA,NA
"DZA","DZ","Algeria",2020-03-26,25,4,7,3.2188758248682,235,21,2.39044251988699,11.5968277305791
"DZA","DZ","Algeria",2020-03-27,26,1,8,3.25809653802148,235,21,2.50706347663328,9.40276095017497
"DZA","DZ","Algeria",2020-03-28,29,3,9,3.36729582998647,235,21,2.48714003724912,9.73732389793953
"DZA","DZ","Algeria",2020-03-29,31,2,10,3.43398720448515,235,21,2.4418019625234,10.2200335115176
"DZA","DZ","Algeria",2020-03-30,35,4,11,3.55534806148941,235,21,2.47177304350276,9.85741709146659
"DZA","DZ","Algeria",2020-03-31,44,9,12,3.78418963391826,235,21,2.39424041311979,10.956559743895
"DZA","DZ","Algeria",2020-04-01,58,14,13,4.06044301054642,235,21,2.18084087892678,13.4462142154684
"DZA","DZ","Algeria",2020-04-02,86,28,14,4.45434729625351,235,21,1.60989609218082,19.0187466616038
"DZA","DZ","Algeria",2020-04-03,105,19,15,4.65396035015752,235,21,1.15602075821659,22.8778881896674
"DZA","DZ","Algeria",2020-04-04,130,25,16,4.86753445045558,235,21,0.787676011451688,25.6000856342242
"DZA","DZ","Algeria",2020-04-05,152,22,17,5.02388052084628,235,21,0.759912585145686,25.5921583955583
"DZA","DZ","Algeria",2020-04-06,173,21,18,5.15329159449778,235,21,1.11714523494986,23.0263144876441
"DZA","DZ","Algeria",2020-04-07,193,20,19,5.26269018890489,235,21,1.71113517180731,19.1948225080454
"DZA","DZ","Algeria",2020-04-08,205,12,20,5.32300997913841,235,21,2.46779909741993,14.6757316792558
"DZA","DZ","Algeria",2020-04-09,235,30,21,5.45958551414416,235,21,2.81344137427369,12.7379864906577
"AUT","AT","Austria",2020-03-22,16,8,1,2.77258872223978,295,19,NA,NA
"AUT","AT","Austria",2020-03-23,21,5,2,3.04452243772342,295,19,NA,NA
"AUT","AT","Austria",2020-03-24,28,7,3,3.3322045101752,295,19,NA,NA
"AUT","AT","Austria",2020-03-25,30,2,4,3.40119738166216,295,19,NA,NA
"AUT","AT","Austria",2020-03-26,49,19,5,3.89182029811063,295,19,NA,NA
"AUT","AT","Austria",2020-03-27,58,9,6,4.06044301054642,295,19,NA,NA
"AUT","AT","Austria",2020-03-28,68,10,7,4.21950770517611,295,19,2.54143859760619,24.7579067228228
"AUT","AT","Austria",2020-03-29,86,18,8,4.45434729625351,295,19,2.58212634236458,23.7975949802726
"AUT","AT","Austria",2020-03-30,108,22,9,4.68213122712422,295,19,2.61657147834363,23.1563120967687
"AUT","AT","Austria",2020-03-31,128,20,10,4.85203026391962,295,19,2.64131197134371,22.5965171089524
"AUT","AT","Austria",2020-04-01,146,18,11,4.98360662170834,295,19,2.92879606055194,19.0041321410273
"AUT","AT","Austria",2020-04-02,158,12,12,5.06259503302697,295,19,3.03098617205253,17.6154888149008
"AUT","AT","Austria",2020-04-03,168,10,13,5.12396397940326,295,19,3.2571189856544,15.1119274671875
"AUT","AT","Austria",2020-04-04,186,18,14,5.2257466737132,295,19,3.5730347112181,12.1729585930161
"AUT","AT","Austria",2020-04-05,204,18,15,5.31811999384422,295,19,3.83727490863051,9.98484456229314
"AUT","AT","Austria",2020-04-06,220,16,16,5.39362754635236,295,19,3.99636240816217,8.7748936866294
"AUT","AT","Austria",2020-04-07,243,23,17,5.49306144334055,295,19,4.03638171720422,8.5163768071014
"AUT","AT","Austria",2020-04-08,273,30,18,5.60947179518496,295,19,3.95377694838022,9.09537888209902
"AUT","AT","Austria",2020-04-09,295,22,19,5.68697535633982,295,19,3.90360907074003,9.39794936874835
"BEL","BE","Belgium",2020-03-18,14,4,1,2.63905732961526,2523,23,NA,NA
"BEL","BE","Belgium",2020-03-19,21,7,2,3.04452243772342,2523,23,NA,NA
"BEL","BE","Belgium",2020-03-20,37,16,3,3.61091791264422,2523,23,NA,NA
"BEL","BE","Belgium",2020-03-21,67,30,4,4.20469261939097,2523,23,NA,NA
"BEL","BE","Belgium",2020-03-22,75,8,5,4.31748811353631,2523,23,NA,NA
"BEL","BE","Belgium",2020-03-23,88,13,6,4.47733681447821,2523,23,NA,NA
"BEL","BE","Belgium",2020-03-24,122,34,7,4.80402104473326,2523,23,2.432992310338,35.9538932134131
"BEL","BE","Belgium",2020-03-25,178,56,8,5.18178355029209,2523,23,2.61463860665491,32.3951207034689
"BEL","BE","Belgium",2020-03-26,220,42,9,5.39362754635236,2523,23,2.90094315146314,27.8172989075843
"BEL","BE","Belgium",2020-03-27,289,69,10,5.66642668811243,2523,23,3.05314324479678,25.8640278843228
"BEL","BE","Belgium",2020-03-28,353,64,11,5.8664680569333,2523,23,2.92538566518299,27.1954502824233
"BEL","BE","Belgium",2020-03-29,431,78,12,6.06610809010375,2523,23,2.98001529507671,26.3423249610609
"BEL","BE","Belgium",2020-03-30,513,82,13,6.24027584517077,2523,23,3.26329654898656,23.3937642554172
"BEL","BE","Belgium",2020-03-31,705,192,14,6.55819780281227,2523,23,3.40882578535829,22.2222169899596
"BEL","BE","Belgium",2020-04-01,828,123,15,6.71901315438526,2523,23,3.44422809409466,21.905381577628
"BEL","BE","Belgium",2020-04-02,1011,183,16,6.91869521902047,2523,23,3.52639028292063,21.2642339297735
"BEL","BE","Belgium",2020-04-03,1143,132,17,7.04141166379481,2523,23,3.63279592507242,20.388365670116
"BEL","BE","Belgium",2020-04-04,1283,140,18,7.15695636461564,2523,23,3.86689015731187,18.6975495606856
"BEL","BE","Belgium",2020-04-05,1447,164,19,7.27724772663148,2523,23,4.19835323811956,16.5386831335659
"BEL","BE","Belgium",2020-04-06,1632,185,20,7.39756153552405,2523,23,4.65851316311948,13.831505315082
"BEL","BE","Belgium",2020-04-07,2035,403,21,7.6182510978767,2523,23,4.65976648477382,13.8974375939934
"BEL","BE","Belgium",2020-04-08,2240,205,22,7.71423114484909,2523,23,4.73787408909451,13.5031850591359
"BEL","BE","Belgium",2020-04-09,2523,283,23,7.83320394864106,2523,23,4.69774493581122,13.6818920937531
"BRA","BR","Brazil",2020-03-20,11,5,1,2.39789527279837,950,21,NA,NA
"BRA","BR","Brazil",2020-03-21,15,4,2,2.70805020110221,950,21,NA,NA
"BRA","BR","Brazil",2020-03-22,25,10,3,3.2188758248682,950,21,NA,NA
"BRA","BR","Brazil",2020-03-23,34,9,4,3.52636052461616,950,21,NA,NA
"BRA","BR","Brazil",2020-03-24,46,12,5,3.8286413964891,950,21,NA,NA
"BRA","BR","Brazil",2020-03-25,59,13,6,4.07753744390572,950,21,NA,NA
"BRA","BR","Brazil",2020-03-26,77,18,7,4.34380542185368,950,21,2.13067079731994,32.8088232299781
"BRA","BR","Brazil",2020-03-27,92,15,8,4.52178857704904,950,21,2.27460647692969,29.4366115753608
"BRA","BR","Brazil",2020-03-28,111,19,9,4.70953020131233,950,21,2.5370806429643,24.9213687841527
"BRA","BR","Brazil",2020-03-29,136,25,10,4.91265488573605,950,21,2.68310325074293,22.7318279505339
"BRA","BR","Brazil",2020-03-30,159,23,11,5.06890420222023,950,21,2.84990942399153,20.5598145725455
"BRA","BR","Brazil",2020-03-31,201,42,12,5.30330490805908,950,21,2.93160022155796,19.7084509352863
"BRA","BR","Brazil",2020-04-01,240,39,13,5.48063892334199,950,21,3.00119417158431,19.0460970264032
"BRA","BR","Brazil",2020-04-02,324,84,14,5.78074351579233,950,21,2.86797163376106,20.3919010093293
"BRA","BR","Brazil",2020-04-03,359,35,15,5.88332238848828,950,21,2.87589048523769,20.2474590812934
"BRA","BR","Brazil",2020-04-04,445,86,16,6.09807428216624,950,21,2.87491575781921,20.2233327484283
"BRA","BR","Brazil",2020-04-05,486,41,17,6.18620862390049,950,21,3.01381752422339,19.0861981371478
"BRA","BR","Brazil",2020-04-06,564,78,18,6.33505425149806,950,21,3.28262909306671,17.227564992171
"BRA","BR","Brazil",2020-04-07,686,122,19,6.53087762772588,950,21,3.43514633328741,16.293656499912
"BRA","BR","Brazil",2020-04-08,819,133,20,6.70808408385307,950,21,3.59819830392429,15.4075433999616
"BRA","BR","Brazil",2020-04-09,950,131,21,6.85646198459459,950,21,3.48851428034225,16.0146692697071
"CAN","CA","Canada",2020-03-20,12,3,1,2.484906649788,503,21,NA,NA
"CAN","CA","Canada",2020-03-21,19,7,2,2.94443897916644,503,21,NA,NA
"CAN","CA","Canada",2020-03-22,21,2,3,3.04452243772342,503,21,NA,NA
"CAN","CA","Canada",2020-03-23,25,4,4,3.2188758248682,503,21,NA,NA
"CAN","CA","Canada",2020-03-24,26,1,5,3.25809653802148,503,21,NA,NA
"CAN","CA","Canada",2020-03-25,30,4,6,3.40119738166216,503,21,NA,NA
"CAN","CA","Canada",2020-03-26,38,8,7,3.63758615972639,503,21,2.48635636226449,16.3754622682309
"CAN","CA","Canada",2020-03-27,54,16,8,3.98898404656427,503,21,2.5522994448558,16.0788721535478
"CAN","CA","Canada",2020-03-28,61,7,9,4.11087386417331,503,21,2.42599939086702,18.2812869444526
"CAN","CA","Canada",2020-03-29,64,3,10,4.15888308335967,503,21,2.40373021231216,18.2620110452864
"CAN","CA","Canada",2020-03-30,80,16,11,4.38202663467388,503,21,2.31667841608326,19.144462134997
"CAN","CA","Canada",2020-03-31,101,21,12,4.61512051684126,503,21,2.33834793635551,18.9305335436704
"CAN","CA","Canada",2020-04-01,109,8,13,4.69134788222914,503,21,2.55329214159441,16.7311102805815
"CAN","CA","Canada",2020-04-02,139,30,14,4.93447393313069,503,21,2.66202262220255,15.9059111760447
"CAN","CA","Canada",2020-04-03,179,40,15,5.18738580584075,503,21,2.40142791484998,18.1787099003558
"CAN","CA","Canada",2020-04-04,218,39,16,5.38449506278909,503,21,2.16161184341462,20.0246703461123
"CAN","CA","Canada",2020-04-05,259,41,17,5.55682806169954,503,21,2.18492976559422,19.854254630658
"CAN","CA","Canada",2020-04-06,339,80,18,5.82600010738045,503,21,2.05636791344258,20.7629295007742
"CAN","CA","Canada",2020-04-07,375,36,19,5.92692602597041,503,21,2.01007724810167,20.9258179842218
"CAN","CA","Canada",2020-04-08,407,32,20,6.00881318544259,503,21,2.4235154863802,18.3700115778085
"CAN","CA","Canada",2020-04-09,503,96,21,6.22059017009974,503,21,2.69692507980368,16.851240365553
"CHN","CN","China",2020-01-22,17,17,1,2.83321334405622,3339,79,NA,NA
"CHN","CN","China",2020-01-23,18,1,2,2.89037175789616,3339,79,NA,NA
"CHN","CN","China",2020-01-24,26,8,3,3.25809653802148,3339,79,NA,NA
"CHN","CN","China",2020-01-25,42,16,4,3.73766961828337,3339,79,NA,NA
"CHN","CN","China",2020-01-26,56,14,5,4.02535169073515,3339,79,NA,NA
"CHN","CN","China",2020-01-27,82,26,6,4.40671924726425,3339,79,NA,NA
"CHN","CN","China",2020-01-28,131,49,7,4.87519732320115,3339,79,2.30010249293902,35.4496502460166
"CHN","CN","China",2020-01-29,133,2,8,4.89034912822175,3339,79,2.24353945224672,35.3685118225607
"CHN","CN","China",2020-01-30,171,38,9,5.14166355650266,3339,79,2.44659836293576,31.449663242094
"CHN","CN","China",2020-01-31,213,42,10,5.36129216570943,3339,79,2.73725436200987,27.096861624181
"CHN","CN","China",2020-02-01,259,46,11,5.55682806169954,3339,79,2.95961697245198,24.1787185110179
"CHN","CN","China",2020-02-02,361,102,12,5.88887795833288,3339,79,3.14134228337549,22.4310023131798
"CHN","CN","China",2020-02-03,425,64,13,6.05208916892442,3339,79,3.27272187230278,21.2246346521034
"CHN","CN","China",2020-02-04,491,66,14,6.19644412779452,3339,79,3.12200837466795,22.3811500578046
"CHN","CN","China",2020-02-05,563,72,15,6.33327962813969,3339,79,3.32989070402638,20.5014758796649
"CHN","CN","China",2020-02-06,633,70,16,6.45047042214418,3339,79,3.59618118569921,18.3143002558793
"CHN","CN","China",2020-02-07,718,85,17,6.57646956904822,3339,79,3.9189870364271,15.9403568174426
"CHN","CN","China",2020-02-08,805,87,18,6.69084227741856,3339,79,4.3258461367641,13.2452858994798
"CHN","CN","China",2020-02-09,905,100,19,6.80793494369993,3339,79,4.44420512560527,12.4982984445827
"CHN","CN","China",2020-02-10,1012,107,20,6.91968384984741,3339,79,4.52823825639143,11.997863044834
"CHN","CN","China",2020-02-11,1112,100,21,7.01391547481053,3339,79,4.61992817139862,11.4707134645382
"CHN","CN","China",2020-02-12,1117,5,22,7.0184017990692,3339,79,4.87742323443964,10.0268839811734
"CHN","CN","China",2020-02-13,1369,252,23,7.22183582528845,3339,79,4.89472743193135,9.9899940826163
"CHN","CN","China",2020-02-14,1521,152,24,7.32712329225929,3339,79,4.87344042693685,10.1262955604323
"CHN","CN","China",2020-02-15,1663,142,25,7.41637847919293,3339,79,4.86579421919627,10.1718922920739
"CHN","CN","China",2020-02-16,1766,103,26,7.47647238116391,3339,79,4.9122479714545,9.94290391394422
"CHN","CN","China",2020-02-17,1864,98,27,7.53047999524554,3339,79,5.00604899580518,9.50134778356759
"CHN","CN","China",2020-02-18,2003,139,28,7.60240133566582,3339,79,5.12165969522587,8.99512870931658
"CHN","CN","China",2020-02-19,2116,113,29,7.65728279297819,3339,79,5.63149768760247,7.03928037833892
"CHN","CN","China",2020-02-20,2238,122,30,7.71333788887187,3339,79,5.82862884356913,6.30850489967918
"CHN","CN","China",2020-02-21,2238,0,31,7.71333788887187,3339,79,6.09568663809889,5.32647157923362
"CHN","CN","China",2020-02-22,2443,205,32,7.80098207125774,3339,79,6.14006844659833,5.17921932407225
"CHN","CN","China",2020-02-23,2445,2,33,7.80180040190897,3339,79,6.33082699597017,4.52563495381372
"CHN","CN","China",2020-02-24,2595,150,34,7.86134179559999,3339,79,6.45869330425246,4.11964564303559
"CHN","CN","China",2020-02-25,2665,70,35,7.88795933659994,3339,79,6.54629178817423,3.84464270485222
"CHN","CN","China",2020-02-26,2717,52,36,7.90728360942635,3339,79,6.64380925649666,3.54085636236369
"CHN","CN","China",2020-02-27,2746,29,37,7.91790058632792,3339,79,6.7335399730177,3.25875036927263
"CHN","CN","China",2020-02-28,2790,44,38,7.93379687481541,3339,79,7.02727599774789,2.41638069049025
"CHN","CN","China",2020-02-29,2837,47,39,7.95050243480885,3339,79,7.0959953539659,2.21770538163736
"CHN","CN","China",2020-03-01,2872,35,40,7.96276393016811,3339,79,7.31496990168105,1.62809237682595
"CHN","CN","China",2020-03-02,2914,42,41,7.97728198675515,3339,79,7.37542136783082,1.46975157296465
"CHN","CN","China",2020-03-03,2947,33,42,7.98854298273769,3339,79,7.40298137680894,1.39824277193293
"CHN","CN","China",2020-03-04,2983,36,43,8.00068478451475,3339,79,7.41217570808775,1.37365843696915
"CHN","CN","China",2020-03-05,3015,32,44,8.01135510916129,3339,79,7.44957699128805,1.28149448221076
"CHN","CN","China",2020-03-06,3044,29,45,8.02092771898158,3339,79,7.4896454800506,1.18521788665757
"CHN","CN","China",2020-03-07,3072,28,46,8.03008409426756,3339,79,7.51956453035101,1.11451458276712
"CHN","CN","China",2020-03-08,3100,28,47,8.03915739047324,3339,79,7.55565271591461,1.03196917386007
"CHN","CN","China",2020-03-09,3123,23,48,8.04654935728308,3339,79,7.58617879714297,0.963190430926477
"CHN","CN","China",2020-03-10,3139,16,49,8.05165955684195,3339,79,7.63181134818278,0.862651731131671
"CHN","CN","China",2020-03-11,3161,22,50,8.05864371221562,3339,79,7.66796980734399,0.784981242497388
"CHN","CN","China",2020-03-12,3172,11,51,8.06211758275474,3339,79,7.71297821282942,0.689967834229715
"CHN","CN","China",2020-03-13,3180,8,52,8.06463647577422,3339,79,7.76748108434573,0.577399585769757
"CHN","CN","China",2020-03-14,3193,13,53,8.06871619271478,3339,79,7.81430312825875,0.483245248641832
"CHN","CN","China",2020-03-15,3203,10,54,8.07184314960916,3339,79,7.84933236008449,0.414240758151855
"CHN","CN","China",2020-03-16,3217,14,55,8.07620452723903,3339,79,7.86680000713584,0.38082998549412
"CHN","CN","China",2020-03-17,3230,13,56,8.0802374162167,3339,79,7.8793224093335,0.35772026716704
"CHN","CN","China",2020-03-18,3241,11,57,8.08363720314155,3339,79,7.87336143053713,0.368746702034455
"CHN","CN","China",2020-03-19,3249,8,58,8.0861025356691,3339,79,7.87430765387296,0.36655166837761
"CHN","CN","China",2020-03-20,3253,4,59,8.08733292647335,3339,79,7.89555012298429,0.327863033207563
"CHN","CN","China",2020-03-21,3259,6,60,8.08917567883756,3339,79,7.91897578318529,0.286141091450982
"CHN","CN","China",2020-03-22,3274,15,61,8.09376775793108,3339,79,7.931379986584,0.265221216606005
"CHN","CN","China",2020-03-23,3274,0,62,8.09376775793108,3339,79,7.95301763247331,0.228304563895214
"CHN","CN","China",2020-03-24,3281,7,63,8.0959035329611,3339,79,7.9644604873342,0.209158090858434
"CHN","CN","China",2020-03-25,3285,4,64,8.09712193091871,3339,79,7.97251458342853,0.195683849349482
"CHN","CN","China",2020-03-26,3291,6,65,8.09894674894334,3339,79,7.97664789452295,0.188820523579621
"CHN","CN","China",2020-03-27,3296,5,66,8.10046489102936,3339,79,7.98853808300688,0.169927827098434
"CHN","CN","China",2020-03-28,3299,3,67,8.10137467122858,3339,79,8.00760224825747,0.140207935968963
"CHN","CN","China",2020-03-29,3304,5,68,8.10288913464087,3339,79,8.00195235107991,0.148747738482124
"CHN","CN","China",2020-03-30,3308,4,69,8.10409905614358,3339,79,8.00924901825641,0.137674640275038
"CHN","CN","China",2020-03-31,3309,1,70,8.10440130792161,3339,79,8.01861438210418,0.123453532216806
"CHN","CN","China",2020-04-01,3316,7,71,8.10651451625519,3339,79,8.02179735362381,0.118930430839465
"CHN","CN","China",2020-04-02,3322,6,72,8.10832229017324,3339,79,8.01686225988372,0.126300217019959
"CHN","CN","China",2020-04-03,3326,4,73,8.10952565975287,3339,79,8.01096696328634,0.13476691696154
"CHN","CN","China",2020-04-04,3330,4,74,8.11072758297449,3339,79,8.00954861585716,0.136748337396721
"CHN","CN","China",2020-04-05,3333,3,75,8.11162807830774,3339,79,8.00952925854317,0.136609857485429
"CHN","CN","China",2020-04-06,3335,2,76,8.11222795834972,3339,79,8.01489952489352,0.128972743538204
"CHN","CN","China",2020-04-07,3335,0,77,8.11222795834972,3339,79,8.03866764887441,0.0966217185409491
"CHN","CN","China",2020-04-08,3337,2,78,8.11282747875137,3339,79,8.05637170192446,0.0729304939405572
"CHN","CN","China",2020-04-09,3339,2,79,8.11342663994365,3339,79,8.06700596074791,0.0589379006004087
"CZE","CZ","Czechia",2020-03-28,11,2,1,2.39789527279837,112,13,NA,NA
"CZE","CZ","Czechia",2020-03-29,16,5,2,2.77258872223978,112,13,NA,NA
"CZE","CZ","Czechia",2020-03-30,23,7,3,3.13549421592915,112,13,NA,NA
"CZE","CZ","Czechia",2020-03-31,31,8,4,3.43398720448515,112,13,NA,NA
"CZE","CZ","Czechia",2020-04-01,39,8,5,3.66356164612965,112,13,NA,NA
"CZE","CZ","Czechia",2020-04-02,44,5,6,3.78418963391826,112,13,NA,NA
"CZE","CZ","Czechia",2020-04-03,53,9,7,3.97029191355212,112,13,2.26993563331911,25.9587827707811
"CZE","CZ","Czechia",2020-04-04,59,6,8,4.07753744390572,112,13,2.48847797043768,21.1951571059888
"CZE","CZ","Czechia",2020-04-05,67,8,9,4.20469261939097,112,13,2.7239451060482,17.1479498451753
"CZE","CZ","Czechia",2020-04-06,78,11,10,4.35670882668959,112,13,2.89133767108649,14.7991950825837
"CZE","CZ","Czechia",2020-04-07,88,10,11,4.47733681447821,112,13,2.98468424360145,13.6455878443828
"CZE","CZ","Czechia",2020-04-08,99,11,12,4.59511985013459,112,13,3.01175149673973,13.307327976018
"CZE","CZ","Czechia",2020-04-09,112,13,13,4.71849887129509,112,13,3.07415880535879,12.6872495741925
"DNK","DK","Denmark",2020-03-21,13,4,1,2.56494935746154,237,20,NA,NA
"DNK","DK","Denmark",2020-03-22,13,0,2,2.56494935746154,237,20,NA,NA
"DNK","DK","Denmark",2020-03-23,24,11,3,3.17805383034795,237,20,NA,NA
"DNK","DK","Denmark",2020-03-24,32,8,4,3.46573590279973,237,20,NA,NA
"DNK","DK","Denmark",2020-03-25,34,2,5,3.52636052461616,237,20,NA,NA
"DNK","DK","Denmark",2020-03-26,41,7,6,3.71357206670431,237,20,NA,NA
"DNK","DK","Denmark",2020-03-27,52,11,7,3.95124371858143,237,20,2.30863279455132,24.3015542718337
"DNK","DK","Denmark",2020-03-28,65,13,8,4.17438726989564,237,20,2.32802008190206,23.651891705978
"DNK","DK","Denmark",2020-03-29,72,7,9,4.27666611901606,237,20,2.65414074867416,18.3500814077194
"DNK","DK","Denmark",2020-03-30,77,5,10,4.34380542185368,237,20,2.77277283749275,16.4129819612607
"DNK","DK","Denmark",2020-03-31,90,13,11,4.49980967033027,237,20,2.78191024217802,16.0937019566989
"DNK","DK","Denmark",2020-04-01,104,14,12,4.64439089914137,237,20,2.92444434597103,14.4964519741676
"DNK","DK","Denmark",2020-04-02,123,19,13,4.81218435537242,237,20,3.04822223624917,13.3784740006381
"DNK","DK","Denmark",2020-04-03,139,16,14,4.93447393313069,237,20,3.09186319064997,13.0424354989485
"DNK","DK","Denmark",2020-04-04,161,22,15,5.08140436498446,237,20,2.98127934676068,13.956880162505
"DNK","DK","Denmark",2020-04-05,179,18,16,5.18738580584075,237,20,2.93648719015173,14.228619911639
"DNK","DK","Denmark",2020-04-06,187,8,17,5.23110861685459,237,20,3.13841204665876,12.6753809377992
"DNK","DK","Denmark",2020-04-07,203,16,18,5.31320597904179,237,20,3.36994754595819,11.0614486977702
"DNK","DK","Denmark",2020-04-08,218,15,19,5.38449506278909,237,20,3.63540803632063,9.37178737836549
"DNK","DK","Denmark",2020-04-09,237,19,20,5.46806014113513,237,20,3.81227186918231,8.33128640294148
"DOM","DO","Dominican Republic",2020-03-27,20,10,1,2.99573227355399,118,14,NA,NA
"DOM","DO","Dominican Republic",2020-03-28,28,8,2,3.3322045101752,118,14,NA,NA
"DOM","DO","Dominican Republic",2020-03-29,39,11,3,3.66356164612965,118,14,NA,NA
"DOM","DO","Dominican Republic",2020-03-30,42,3,4,3.73766961828337,118,14,NA,NA
"DOM","DO","Dominican Republic",2020-03-31,51,9,5,3.93182563272433,118,14,NA,NA
"DOM","DO","Dominican Republic",2020-04-01,57,6,6,4.04305126783455,118,14,NA,NA
"DOM","DO","Dominican Republic",2020-04-02,60,3,7,4.0943445622221,118,14,2.97322787757221,17.8064084568489
"DOM","DO","Dominican Republic",2020-04-03,68,8,8,4.21950770517611,118,14,3.17658480130311,13.6744895240672
"DOM","DO","Dominican Republic",2020-04-04,68,0,9,4.21950770517611,118,14,3.38834545955889,9.9786902872237
"DOM","DO","Dominican Republic",2020-04-05,82,14,10,4.40671924726425,118,14,3.40348988108603,9.85346238995634
"DOM","DO","Dominican Republic",2020-04-06,86,4,11,4.45434729625351,118,14,3.50416789026415,8.64308604428914
"DOM","DO","Dominican Republic",2020-04-07,98,12,12,4.58496747867057,118,14,3.47475322380205,9.04630586663939
"DOM","DO","Dominican Republic",2020-04-08,108,10,13,4.68213122712422,118,14,3.4055324842793,9.74685404561677
"DOM","DO","Dominican Republic",2020-04-09,118,10,14,4.77068462446567,118,14,3.39372052755851,9.8465215470401
"ECU","EC","Ecuador",2020-03-22,14,7,1,2.63905732961526,272,19,NA,NA
"ECU","EC","Ecuador",2020-03-23,18,4,2,2.89037175789616,272,19,NA,NA
"ECU","EC","Ecuador",2020-03-24,27,9,3,3.29583686600433,272,19,NA,NA
"ECU","EC","Ecuador",2020-03-25,28,1,4,3.3322045101752,272,19,NA,NA
"ECU","EC","Ecuador",2020-03-26,34,6,5,3.52636052461616,272,19,NA,NA
"ECU","EC","Ecuador",2020-03-27,36,2,6,3.58351893845611,272,19,NA,NA
"ECU","EC","Ecuador",2020-03-28,48,12,7,3.87120101090789,272,19,2.5464716962945,18.9758895128915
"ECU","EC","Ecuador",2020-03-29,58,10,8,4.06044301054642,272,19,2.63137371765054,17.54377312871
"ECU","EC","Ecuador",2020-03-30,60,2,9,4.0943445622221,272,19,2.78123550848528,14.988716341741
"ECU","EC","Ecuador",2020-03-31,75,15,10,4.31748811353631,272,19,2.68432292786222,16.3169391335197
"ECU","EC","Ecuador",2020-04-01,93,18,11,4.53259949315326,272,19,2.65233686275235,16.8207100253068
"ECU","EC","Ecuador",2020-04-02,120,27,12,4.78749174278205,272,19,2.50937511293895,18.542001715923
"ECU","EC","Ecuador",2020-04-03,145,25,13,4.97673374242057,272,19,2.51684645724535,18.6033949640731
"ECU","EC","Ecuador",2020-04-04,172,27,14,5.14749447681345,272,19,2.40039572475053,19.6283442444421
"ECU","EC","Ecuador",2020-04-05,180,8,15,5.19295685089021,272,19,2.40702249376288,19.2856565779498
"ECU","EC","Ecuador",2020-04-06,191,11,16,5.25227342804663,272,19,2.80436418861065,16.0181192608439
"ECU","EC","Ecuador",2020-04-07,191,0,17,5.25227342804663,272,19,3.36785630989665,11.8028867274247
"ECU","EC","Ecuador",2020-04-08,242,51,18,5.48893772615669,272,19,3.67820362469595,9.85784383074721
"ECU","EC","Ecuador",2020-04-09,272,30,19,5.605802066296,272,19,3.77126278982765,9.39074302667559
"EGY","EG","Egypt",2020-03-22,14,4,1,2.63905732961526,118,19,NA,NA
"EGY","EG","Egypt",2020-03-23,19,5,2,2.94443897916644,118,19,NA,NA
"EGY","EG","Egypt",2020-03-24,20,1,3,2.99573227355399,118,19,NA,NA
"EGY","EG","Egypt",2020-03-25,21,1,4,3.04452243772342,118,19,NA,NA
"EGY","EG","Egypt",2020-03-26,24,3,5,3.17805383034795,118,19,NA,NA
"EGY","EG","Egypt",2020-03-27,30,6,6,3.40119738166216,118,19,NA,NA
"EGY","EG","Egypt",2020-03-28,36,6,7,3.58351893845611,118,19,2.5510425688882,14.0329399582427
"EGY","EG","Egypt",2020-03-29,40,4,8,3.68887945411394,118,19,2.58991159597031,13.4484632092338
"EGY","EG","Egypt",2020-03-30,41,1,9,3.71357206670431,118,19,2.54770408600738,13.7417804297862
"EGY","EG","Egypt",2020-03-31,46,5,10,3.8286413964891,118,19,2.56342907399133,13.253840790934
"EGY","EG","Egypt",2020-04-01,52,6,11,3.95124371858143,118,19,2.67658359159285,11.8018243664376
"EGY","EG","Egypt",2020-04-02,58,6,12,4.06044301054642,118,19,2.8297660129538,10.1891013902807
"EGY","EG","Egypt",2020-04-03,66,8,13,4.18965474202643,118,19,2.85970541261216,9.99716491233228
"EGY","EG","Egypt",2020-04-04,71,5,14,4.26267987704132,118,19,2.81505023191753,10.3763151195847
"EGY","EG","Egypt",2020-04-05,78,7,15,4.35670882668959,118,19,2.75074983493753,10.8424938018046
"EGY","EG","Egypt",2020-04-06,85,7,16,4.44265125649032,118,19,2.83037623914874,10.1971309382675
"EGY","EG","Egypt",2020-04-07,94,9,17,4.54329478227,118,19,2.90428471814101,9.67008488434536
"EGY","EG","Egypt",2020-04-08,103,9,18,4.63472898822964,118,19,2.9574644656567,9.32181926066364
"EGY","EG","Egypt",2020-04-09,118,15,19,4.77068462446567,118,19,2.92932968515912,9.54919223312419
"FRA","FR","France",2020-03-07,11,2,1,2.39789527279837,12210,34,NA,NA
"FRA","FR","France",2020-03-08,19,8,2,2.94443897916644,12210,34,NA,NA
"FRA","FR","France",2020-03-09,19,0,3,2.94443897916644,12210,34,NA,NA
"FRA","FR","France",2020-03-10,33,14,4,3.49650756146648,12210,34,NA,NA
"FRA","FR","France",2020-03-11,48,15,5,3.87120101090789,12210,34,NA,NA
"FRA","FR","France",2020-03-12,48,0,6,3.87120101090789,12210,34,NA,NA
"FRA","FR","France",2020-03-13,79,31,7,4.36944785246702,12210,34,2.17145526180717,31.0533708365368
"FRA","FR","France",2020-03-14,91,12,8,4.51085950651685,12210,34,2.30044698971168,28.2999027789065
"FRA","FR","France",2020-03-15,91,0,9,4.51085950651685,12210,34,2.39074242248325,25.8079011203968
"FRA","FR","France",2020-03-16,148,57,10,4.99721227376411,12210,34,2.62719741157678,22.9324629418564
"FRA","FR","France",2020-03-17,148,0,11,4.99721227376411,12210,34,2.79786535688326,20.612385601182
"FRA","FR","France",2020-03-18,148,0,12,4.99721227376411,12210,34,2.96202786446831,18.2854121371791
"FRA","FR","France",2020-03-19,243,95,13,5.49306144334055,12210,34,3.11444534917538,17.2496395512942
"FRA","FR","France",2020-03-20,450,207,14,6.10924758276437,12210,34,2.43240751126552,24.1413146513927
"FRA","FR","France",2020-03-21,562,112,15,6.33150184989369,12210,34,1.84153810724077,29.2208814918124
"FRA","FR","France",2020-03-22,674,112,16,6.51323011091231,12210,34,1.7672152709879,29.7452427596571
"FRA","FR","France",2020-03-23,860,186,17,6.75693238924755,12210,34,1.3106672040196,32.6772729546423
"FRA","FR","France",2020-03-24,1100,240,18,7.00306545878646,12210,34,1.37777660033575,31.9617284822465
"FRA","FR","France",2020-03-25,1331,231,19,7.19368581839511,12210,34,2.30585242672757,26.1247836305777
"FRA","FR","France",2020-03-26,1696,365,20,7.43602781635185,12210,34,3.00241129819766,22.1233713772838
"FRA","FR","France",2020-03-27,1995,299,21,7.59839932932396,12210,34,3.0655938600689,21.7251474225624
"FRA","FR","France",2020-03-28,2314,319,22,7.74673290775362,12210,34,3.23145026380295,20.7728736722934
"FRA","FR","France",2020-03-29,2606,292,23,7.86557175768479,12210,34,3.64436898666699,18.6355946934817
"FRA","FR","France",2020-03-30,3024,418,24,8.01433573729942,12210,34,4.03490112094501,16.7438850197144
"FRA","FR","France",2020-03-31,3523,499,25,8.16706817834124,12210,34,4.30431101709014,15.5140548217656
"FRA","FR","France",2020-04-01,4032,509,26,8.3020178097512,12210,34,4.58763115954002,14.2961089563515
"FRA","FR","France",2020-04-02,5387,1355,27,8.59174392268053,12210,34,4.27618137350097,15.6860714454333
"FRA","FR","France",2020-04-03,6507,1120,28,8.78063379949498,12210,34,3.8867567682264,17.2918895630977
"FRA","FR","France",2020-04-04,7560,1053,29,8.93062646917358,12210,34,3.59445195052095,18.4015571542742
"FRA","FR","France",2020-04-05,8078,518,30,8.99689959612336,12210,34,3.7639589306675,17.6908005281438
"FRA","FR","France",2020-04-06,8911,833,31,9.09504174761272,12210,34,4.18229481911642,16.1163100966136
"FRA","FR","France",2020-04-07,10328,1417,32,9.24261393252648,12210,34,4.65940944570403,14.4451779100663
"FRA","FR","France",2020-04-08,10869,541,33,9.29366997956319,12210,34,5.56786808336416,11.4076918398218
"FRA","FR","France",2020-04-09,12210,1341,34,9.41001056710475,12210,34,5.94071796092983,10.2140416428987
"DEU","DE","Germany",2020-03-15,11,2,1,2.39789527279837,2607,26,NA,NA
"DEU","DE","Germany",2020-03-16,17,6,2,2.83321334405622,2607,26,NA,NA
"DEU","DE","Germany",2020-03-17,24,7,3,3.17805383034795,2607,26,NA,NA
"DEU","DE","Germany",2020-03-18,28,4,4,3.3322045101752,2607,26,NA,NA
"DEU","DE","Germany",2020-03-19,44,16,5,3.78418963391826,2607,26,NA,NA
"DEU","DE","Germany",2020-03-20,67,23,6,4.20469261939097,2607,26,NA,NA
"DEU","DE","Germany",2020-03-21,84,17,7,4.43081679884331,2607,26,2.10188672530795,33.7423533299095
"DEU","DE","Germany",2020-03-22,94,10,8,4.54329478227,2607,26,2.23873465256315,30.3866370030281
"DEU","DE","Germany",2020-03-23,123,29,9,4.81218435537242,2607,26,2.33266251486228,28.4685688721003
"DEU","DE","Germany",2020-03-24,157,34,10,5.05624580534831,2607,26,2.4174109136474,27.0239838975238
"DEU","DE","Germany",2020-03-25,206,49,11,5.32787616878958,2607,26,2.67546187111676,23.9840483323491
"DEU","DE","Germany",2020-03-26,267,61,12,5.58724865840025,2607,26,2.77702842263111,23.0526352857096
"DEU","DE","Germany",2020-03-27,342,75,13,5.8348107370626,2607,26,2.65050340789252,24.3413620726269
"DEU","DE","Germany",2020-03-28,433,91,14,6.07073772800249,2607,26,2.50661299825197,25.5663730486778
"DEU","DE","Germany",2020-03-29,533,100,15,6.27852142416584,2607,26,2.59469085960806,24.7676057855774
"DEU","DE","Germany",2020-03-30,645,112,16,6.46925031679577,2607,26,2.72819474511415,23.6564039810613
"DEU","DE","Germany",2020-03-31,775,130,17,6.65286302935335,2607,26,2.94027814471719,22.0809806628057
"DEU","DE","Germany",2020-04-01,920,145,18,6.82437367004309,2607,26,3.16719068324087,20.5214007439403
"DEU","DE","Germany",2020-04-02,1107,187,19,7.00940893270864,2607,26,3.35976193332922,19.3050288435957
"DEU","DE","Germany",2020-04-03,1275,168,20,7.15070145759253,2607,26,3.5663572760677,18.0599627110822
"DEU","DE","Germany",2020-04-04,1444,169,21,7.27517231945277,2607,26,3.78114103306698,16.81928882432
"DEU","DE","Germany",2020-04-05,1584,140,22,7.36770857237437,2607,26,4.06920755850301,15.236861194586
"DEU","DE","Germany",2020-04-06,1810,226,23,7.50108212425987,2607,26,4.32797967502189,13.9181802718796
"DEU","DE","Germany",2020-04-07,2016,206,24,7.60887062919126,2607,26,4.58280496216371,12.6923013404602
"DEU","DE","Germany",2020-04-08,2349,333,25,7.76174498465891,2607,26,4.71125419271909,12.1402010851979
"DEU","DE","Germany",2020-04-09,2607,258,26,7.8659554139335,2607,26,4.74440532543051,12.0002473437575
"IND","IN","India",2020-03-25,12,2,1,2.484906649788,226,16,NA,NA
"IND","IN","India",2020-03-26,20,8,2,2.99573227355399,226,16,NA,NA
"IND","IN","India",2020-03-27,20,0,3,2.99573227355399,226,16,NA,NA
"IND","IN","India",2020-03-28,24,4,4,3.17805383034795,226,16,NA,NA
"IND","IN","India",2020-03-29,27,3,5,3.29583686600433,226,16,NA,NA
"IND","IN","India",2020-03-30,32,5,6,3.46573590279973,226,16,NA,NA
"IND","IN","India",2020-03-31,35,3,7,3.55534806148941,226,16,2.50284425307019,15.897986021593
"IND","IN","India",2020-04-01,58,23,8,4.06044301054642,226,16,2.54222498488156,16.4323066403568
"IND","IN","India",2020-04-02,72,14,9,4.27666611901606,226,16,2.28959706076508,20.9538967581008
"IND","IN","India",2020-04-03,72,0,10,4.27666611901606,226,16,2.26677079565923,20.9007231420517
"IND","IN","India",2020-04-04,86,14,11,4.45434729625351,226,16,2.24966054481598,20.7811063596673
"IND","IN","India",2020-04-05,99,13,12,4.59511985013459,226,16,2.36128373775005,19.2941907857229
"IND","IN","India",2020-04-06,136,37,13,4.91265488573605,226,16,2.40483671704397,18.9962690326918
"IND","IN","India",2020-04-07,150,14,14,5.01063529409626,226,16,2.76768003685383,15.8607432686002
"IND","IN","India",2020-04-08,178,28,15,5.18178355029209,226,16,2.6832969163045,16.5771365481108
"IND","IN","India",2020-04-09,226,48,16,5.42053499927229,226,16,2.37432279545377,18.9356949743126
"IDN","ID","Indonesia",2020-03-18,19,14,1,2.94443897916644,280,23,NA,NA
"IDN","ID","Indonesia",2020-03-19,25,6,2,3.2188758248682,280,23,NA,NA
"IDN","ID","Indonesia",2020-03-20,32,7,3,3.46573590279973,280,23,NA,NA
"IDN","ID","Indonesia",2020-03-21,38,6,4,3.63758615972639,280,23,NA,NA
"IDN","ID","Indonesia",2020-03-22,48,10,5,3.87120101090789,280,23,NA,NA
"IDN","ID","Indonesia",2020-03-23,49,1,6,3.89182029811063,280,23,NA,NA
"IDN","ID","Indonesia",2020-03-24,55,6,7,4.00733318523247,280,23,2.87099352686009,17.6429881171111
"IDN","ID","Indonesia",2020-03-25,58,3,8,4.06044301054642,280,23,3.04647608097661,13.7933223581585
"IDN","ID","Indonesia",2020-03-26,78,20,9,4.35670882668959,280,23,3.11552591750882,13.052730884408
"IDN","ID","Indonesia",2020-03-27,87,9,10,4.46590811865458,280,23,3.13542046049947,12.9450150742278
"IDN","ID","Indonesia",2020-03-28,102,15,11,4.62497281328427,280,23,3.1086648405825,13.4245238916935
"IDN","ID","Indonesia",2020-03-29,114,12,12,4.7361984483945,280,23,2.96459390957427,14.9067100537978
"IDN","ID","Indonesia",2020-03-30,122,8,13,4.80402104473326,280,23,3.00442704936459,14.3208515742614
"IDN","ID","Indonesia",2020-03-31,136,14,14,4.91265488573605,280,23,3.10380622452847,13.2912513978434
"IDN","ID","Indonesia",2020-04-01,157,21,15,5.05624580534831,280,23,3.34903597686805,11.3255453628146
"IDN","ID","Indonesia",2020-04-02,170,13,16,5.13579843705026,280,23,3.40394443986672,10.8881192023452
"IDN","ID","Indonesia",2020-04-03,181,11,17,5.19849703126583,280,23,3.53805679918044,9.8999906852545
"IDN","ID","Indonesia",2020-04-04,191,10,18,5.25227342804663,280,23,3.64206962043797,9.14400165477054
"IDN","ID","Indonesia",2020-04-05,198,7,19,5.28826703069454,280,23,3.79297894131212,8.12223667293755
"IDN","ID","Indonesia",2020-04-06,209,11,20,5.34233425196481,280,23,4.03435140335888,6.67698407276826
"IDN","ID","Indonesia",2020-04-07,221,12,21,5.39816270151775,280,23,4.25613046513435,5.45925827773624
"IDN","ID","Indonesia",2020-04-08,240,19,22,5.48063892334199,280,23,4.26534029903143,5.44254865463294
"IDN","ID","Indonesia",2020-04-09,280,40,23,5.63478960316925,280,23,4.03106301205424,6.69822991830078
"IRN","IR","Iran",2020-02-24,12,4,1,2.484906649788,4110,46,NA,NA
"IRN","IR","Iran",2020-02-25,16,4,2,2.77258872223978,4110,46,NA,NA
"IRN","IR","Iran",2020-02-26,19,3,3,2.94443897916644,4110,46,NA,NA
"IRN","IR","Iran",2020-02-27,26,7,4,3.25809653802148,4110,46,NA,NA
"IRN","IR","Iran",2020-02-28,34,8,5,3.52636052461616,4110,46,NA,NA
"IRN","IR","Iran",2020-02-29,43,9,6,3.76120011569356,4110,46,NA,NA
"IRN","IR","Iran",2020-03-01,54,11,7,3.98898404656427,4110,46,2.23788557905766,25.2549161524504
"IRN","IR","Iran",2020-03-02,66,12,8,4.18965474202643,4110,46,2.26958342193479,24.4406848993846
"IRN","IR","Iran",2020-03-03,77,11,9,4.34380542185368,4110,46,2.31811164013035,23.2994259214991
"IRN","IR","Iran",2020-03-04,92,15,10,4.52178857704904,4110,46,2.47780771778802,20.9086447781806
"IRN","IR","Iran",2020-03-05,107,15,11,4.67282883446191,4110,46,2.62483082959855,18.9835829554914
"IRN","IR","Iran",2020-03-06,124,17,12,4.82028156560504,4110,46,2.76073440600161,17.4180991448297
"IRN","IR","Iran",2020-03-07,145,21,13,4.97673374242057,4110,46,2.87575165166358,16.262593383337
"IRN","IR","Iran",2020-03-08,194,49,14,5.26785815906333,4110,46,2.79940162432552,17.1391424314303
"IRN","IR","Iran",2020-03-09,237,43,15,5.46806014113513,4110,46,2.65213310744199,18.4600293922557
"IRN","IR","Iran",2020-03-10,291,54,16,5.67332326717149,4110,46,2.50711194801388,19.6165831327575
"IRN","IR","Iran",2020-03-11,354,63,17,5.86929691313377,4110,46,2.35636192721007,20.6671929923681
"IRN","IR","Iran",2020-03-12,429,75,18,6.06145691892802,4110,46,2.2798671495456,21.1218482482268
"IRN","IR","Iran",2020-03-13,514,85,19,6.24222326545517,4110,46,2.34562013771147,20.6603673601136
"IRN","IR","Iran",2020-03-14,611,97,20,6.4150969591716,4110,46,2.5914380494275,19.2077725025764
"IRN","IR","Iran",2020-03-15,724,113,21,6.58479139238572,4110,46,2.69774930743582,18.5952410359763
"IRN","IR","Iran",2020-03-16,853,129,22,6.74875954749168,4110,46,2.82757050358918,17.8962065703858
"IRN","IR","Iran",2020-03-17,988,135,23,6.89568269774787,4110,46,2.97652200068757,17.1297526353577
"IRN","IR","Iran",2020-03-18,1135,147,24,7.0343879299155,4110,46,3.1493832371841,16.2834803066713
"IRN","IR","Iran",2020-03-19,1284,149,25,7.15773548424991,4110,46,3.35008897266134,15.3428925115507
"IRN","IR","Iran",2020-03-20,1433,149,26,7.26752542782817,4110,46,3.59548115701276,14.2457213290069
"IRN","IR","Iran",2020-03-21,1556,123,27,7.34987370473834,4110,46,3.92425246842285,12.8386838722603
"IRN","IR","Iran",2020-03-22,1685,129,28,7.42952084278646,4110,46,4.28353062837795,11.3707264206356
"IRN","IR","Iran",2020-03-23,1812,127,29,7.50218648660292,4110,46,4.63206605581404,10.006840759984
"IRN","IR","Iran",2020-03-24,1934,122,30,7.56734567601324,4110,46,4.96751765870302,8.74918092127694
"IRN","IR","Iran",2020-03-25,2077,143,31,7.63867982387611,4110,46,5.22133762375739,7.83852248969052
"IRN","IR","Iran",2020-03-26,2234,157,32,7.71154897962915,4110,46,5.37460713163019,7.31252759609017
"IRN","IR","Iran",2020-03-27,2378,144,33,7.77401507725073,4110,46,5.45369537531129,7.04633474462758
"IRN","IR","Iran",2020-03-28,2517,139,34,7.83082299513532,4110,46,5.54184658301698,6.75631050699311
"IRN","IR","Iran",2020-03-29,2640,123,35,7.87853419614036,4110,46,5.65320986754274,6.39761792939672
"IRN","IR","Iran",2020-03-30,2757,117,36,7.9218984110238,4110,46,5.8008653138959,5.93800344666554
"IRN","IR","Iran",2020-03-31,2898,141,37,7.97177612288063,4110,46,5.96699530529285,5.44466742390173
"IRN","IR","Iran",2020-04-01,3036,138,38,8.01829613851552,4110,46,6.11386440175153,5.0244249421693
"IRN","IR","Iran",2020-04-02,3160,124,39,8.05832730658096,4110,46,6.22336373344357,4.71830321961203
"IRN","IR","Iran",2020-04-03,3294,134,40,8.09985791073758,4110,46,6.29942037865737,4.51103105421334
"IRN","IR","Iran",2020-04-04,3452,158,41,8.14670905220332,4110,46,6.32127842865326,4.45355268327419
"IRN","IR","Iran",2020-04-05,3603,151,42,8.18952211074809,4110,46,6.33885349068523,4.40820975014407
"IRN","IR","Iran",2020-04-06,3739,136,43,8.22657347497711,4110,46,6.39411495041052,4.2686633799177
"IRN","IR","Iran",2020-04-07,3872,133,44,8.26152644839647,4110,46,6.45048227301299,4.12802666587739
"IRN","IR","Iran",2020-04-08,3993,121,45,8.29229810706322,4110,46,6.52444549507914,3.94683535549413
"IRN","IR","Iran",2020-04-09,4110,117,46,8.32117830749028,4110,46,6.64226732959054,3.6683701343795
"IRL","IE","Ireland",2020-03-26,19,10,1,2.94443897916644,263,15,NA,NA
"IRL","IE","Ireland",2020-03-27,22,3,2,3.09104245335832,263,15,NA,NA
"IRL","IE","Ireland",2020-03-28,36,14,3,3.58351893845611,263,15,NA,NA
"IRL","IE","Ireland",2020-03-29,46,10,4,3.8286413964891,263,15,NA,NA
"IRL","IE","Ireland",2020-03-30,54,8,5,3.98898404656427,263,15,NA,NA
"IRL","IE","Ireland",2020-03-31,71,17,6,4.26267987704132,263,15,NA,NA
"IRL","IE","Ireland",2020-04-01,85,14,7,4.44265125649032,263,15,2.69979716573144,25.8692028123064
"IRL","IE","Ireland",2020-04-02,98,13,8,4.58496747867057,263,15,2.78426967233903,23.6931364019907
"IRL","IE","Ireland",2020-04-03,120,22,9,4.78749174278205,263,15,3.01593972222765,19.9222778116672
"IRL","IE","Ireland",2020-04-04,137,17,10,4.91998092582813,263,15,3.10386913646035,18.5475770788639
"IRL","IE","Ireland",2020-04-05,158,21,11,5.06259503302697,263,15,3.18411418198525,17.4295555116194
"IRL","IE","Ireland",2020-04-06,174,16,12,5.15905529921453,263,15,3.37505146612361,15.2286688098232
"IRL","IE","Ireland",2020-04-07,210,36,13,5.34710753071747,263,15,3.4231756973849,14.7737419786225
"IRL","IE","Ireland",2020-04-08,235,25,14,5.45958551414416,263,15,3.48140619589562,14.22200019885
"IRL","IE","Ireland",2020-04-09,263,28,15,5.57215403217776,263,15,3.59354920719455,13.2775305089633
"ITA","IT","Italy",2020-02-26,12,2,1,2.484906649788,18279,44,NA,NA
"ITA","IT","Italy",2020-02-27,17,5,2,2.83321334405622,18279,44,NA,NA
"ITA","IT","Italy",2020-02-28,21,4,3,3.04452243772342,18279,44,NA,NA
"ITA","IT","Italy",2020-02-29,29,8,4,3.36729582998647,18279,44,NA,NA
"ITA","IT","Italy",2020-03-01,34,5,5,3.52636052461616,18279,44,NA,NA
"ITA","IT","Italy",2020-03-02,52,18,6,3.95124371858143,18279,44,NA,NA
"ITA","IT","Italy",2020-03-03,79,27,7,4.36944785246702,18279,44,2.17220970189121,29.8982944427865
"ITA","IT","Italy",2020-03-04,107,28,8,4.67282883446191,18279,44,2.11772943646694,31.2594471046401
"ITA","IT","Italy",2020-03-05,148,41,9,4.99721227376411,18279,44,1.99436817203069,33.2579387318707
"ITA","IT","Italy",2020-03-06,197,49,10,5.28320372873799,18279,44,1.95690303133728,33.610758251539
"ITA","IT","Italy",2020-03-07,233,36,11,5.4510384535657,18279,44,2.01712841846809,32.3775651016387
"ITA","IT","Italy",2020-03-08,366,133,12,5.90263333340137,18279,44,2.17360386826853,30.8133033604759
"ITA","IT","Italy",2020-03-09,463,97,13,6.13772705408623,18279,44,2.32405851059128,29.3509742233506
"ITA","IT","Italy",2020-03-10,631,168,14,6.44730586254121,18279,44,2.32517876490118,29.3710366055198
"ITA","IT","Italy",2020-03-11,827,196,15,6.71780469502369,18279,44,2.34384500077188,29.2023933282347
"ITA","IT","Italy",2020-03-12,827,0,16,6.71780469502369,18279,44,2.66657030170183,26.3643139675462
"ITA","IT","Italy",2020-03-13,1266,439,17,7.14361760270412,18279,44,2.71562562225074,26.0291350414192
"ITA","IT","Italy",2020-03-14,1441,175,18,7.27309259599952,18279,44,3.19482419972958,22.8344918482598
"ITA","IT","Italy",2020-03-15,1809,368,19,7.50052948539529,18279,44,3.32495818809669,22.0206916733008
"ITA","IT","Italy",2020-03-16,2158,349,20,7.67693714581808,18279,44,3.5408798462028,20.748683326963
"ITA","IT","Italy",2020-03-17,2503,345,21,7.82524529143177,18279,44,3.66661256151818,19.9910663339436
"ITA","IT","Italy",2020-03-18,2978,475,22,7.99900721324395,18279,44,3.64076764148955,20.0382410069095
"ITA","IT","Italy",2020-03-19,3405,427,23,8.13300021858361,18279,44,4.26113787319389,16.9453317434422
"ITA","IT","Italy",2020-03-20,4032,627,24,8.3020178097512,18279,44,4.31034958445304,16.692097053777
"ITA","IT","Italy",2020-03-21,4825,793,25,8.48156601377309,18279,44,4.451808722452,16.0750922862552
"ITA","IT","Italy",2020-03-22,5476,651,26,8.60813018640834,18279,44,4.52468924171233,15.7472541534309
"ITA","IT","Italy",2020-03-23,6077,601,27,8.71226643213535,18279,44,4.67056888336477,15.0995541558178
"ITA","IT","Italy",2020-03-24,6820,743,28,8.82761475083751,18279,44,4.91045446733571,14.1088122019332
"ITA","IT","Italy",2020-03-25,7503,683,29,8.92305821954573,18279,44,5.17845852268527,13.0431010836472
"ITA","IT","Italy",2020-03-26,8215,712,30,9.01371703047137,18279,44,5.57354223364452,11.5627379933391
"ITA","IT","Italy",2020-03-27,9134,919,31,9.11975899374495,18279,44,5.87575724553604,10.4876586266143
"ITA","IT","Italy",2020-03-28,10023,889,32,9.21263773102487,18279,44,6.00160865401057,10.0521787025094
"ITA","IT","Italy",2020-03-29,10779,756,33,9.28535507578163,18279,44,6.13561617745653,9.59290237683128
"ITA","IT","Italy",2020-03-30,11591,812,34,9.35798421388875,18279,44,6.32168561405819,8.98079572206794
"ITA","IT","Italy",2020-03-31,12428,837,35,9.42770727051294,18279,44,6.48508538868366,8.45742000633241
"ITA","IT","Italy",2020-04-01,13155,727,36,9.48455719347439,18279,44,6.709738346325,7.76344116217483
"ITA","IT","Italy",2020-04-02,13915,760,37,9.54072267395999,18279,44,6.98021782714937,6.96100771526971
"ITA","IT","Italy",2020-04-03,14681,766,38,9.59430941973946,18279,44,7.18684931573259,6.36544015030771
"ITA","IT","Italy",2020-04-04,15362,681,39,9.63965220655863,18279,44,7.35618188380006,5.88770431242672
"ITA","IT","Italy",2020-04-05,15887,525,40,9.67325644372002,18279,44,7.57617080489129,5.28378138517958
"ITA","IT","Italy",2020-04-06,16523,636,41,9.71250862865099,18279,44,7.77582268790398,4.75261466965736
"ITA","IT","Italy",2020-04-07,17127,604,42,9.74841144463237,18279,44,7.93658879486856,4.3360060244161
"ITA","IT","Italy",2020-04-08,17669,542,43,9.77956697061665,18279,44,8.10178488134237,3.91997629231482
"ITA","IT","Italy",2020-04-09,18279,610,44,9.8135081389166,18279,44,8.22603731651378,3.61635959485654
"KOR","KR","Korea, South",2020-02-26,12,2,1,2.484906649788,204,44,NA,NA
"KOR","KR","Korea, South",2020-02-27,13,1,2,2.56494935746154,204,44,NA,NA
"KOR","KR","Korea, South",2020-02-28,13,0,3,2.56494935746154,204,44,NA,NA
"KOR","KR","Korea, South",2020-02-29,16,3,4,2.77258872223978,204,44,NA,NA
"KOR","KR","Korea, South",2020-03-01,17,1,5,2.83321334405622,204,44,NA,NA
"KOR","KR","Korea, South",2020-03-02,28,11,6,3.3322045101752,204,44,NA,NA
"KOR","KR","Korea, South",2020-03-03,28,0,7,3.3322045101752,204,44,2.22004979688198,15.5166709756558
"KOR","KR","Korea, South",2020-03-04,35,7,8,3.55534806148941,204,44,2.0891150151787,18.0904364480228
"KOR","KR","Korea, South",2020-03-05,35,0,9,3.55534806148941,204,44,2.05604251886199,17.9846641310782
"KOR","KR","Korea, South",2020-03-06,42,7,10,3.73766961828337,204,44,2.16198991398053,16.2951988368263
"KOR","KR","Korea, South",2020-03-07,44,2,11,3.78418963391826,204,44,2.3365960664791,13.8821522754167
"KOR","KR","Korea, South",2020-03-08,50,6,12,3.91202300542815,204,44,2.69300799976735,10.0919546072818
"KOR","KR","Korea, South",2020-03-09,53,3,13,3.97029191355212,204,44,2.67227723260618,10.201620251561
"KOR","KR","Korea, South",2020-03-10,54,1,14,3.98898404656427,204,44,2.88067063755205,8.2326751660528
"KOR","KR","Korea, South",2020-03-11,60,6,15,4.0943445622221,204,44,2.8750984180395,8.23471656569192
"KOR","KR","Korea, South",2020-03-12,66,6,16,4.18965474202643,204,44,3.00059602111893,7.33295096061779
"KOR","KR","Korea, South",2020-03-13,66,0,17,4.18965474202643,204,44,3.07059322629559,6.77039802211082
"KOR","KR","Korea, South",2020-03-14,72,6,18,4.27666611901606,204,44,3.16023539734732,6.19044890419459
"KOR","KR","Korea, South",2020-03-15,75,3,19,4.31748811353631,204,44,3.16829036290027,6.11522473093021
"KOR","KR","Korea, South",2020-03-16,75,0,20,4.31748811353631,204,44,3.2741907209511,5.42432385905057
"KOR","KR","Korea, South",2020-03-17,81,6,21,4.39444915467244,204,44,3.42894043336758,4.58504961385954
"KOR","KR","Korea, South",2020-03-18,84,3,22,4.43081679884331,204,44,3.50574386855833,4.1924892509391
"KOR","KR","Korea, South",2020-03-19,91,7,23,4.51085950651685,204,44,3.38471986811973,4.81741676522114
"KOR","KR","Korea, South",2020-03-20,94,3,24,4.54329478227,204,44,3.42375513114059,4.64270521796404
"KOR","KR","Korea, South",2020-03-21,102,8,25,4.62497281328427,204,44,3.27739163508617,5.32313495912745
"KOR","KR","Korea, South",2020-03-22,111,9,26,4.70953020131233,204,44,3.06727355393708,6.24875558563725
"KOR","KR","Korea, South",2020-03-23,111,0,27,4.70953020131233,204,44,3.17467913549438,5.77422589866125
"KOR","KR","Korea, South",2020-03-24,120,9,28,4.78749174278205,204,44,3.15806939907311,5.83429157303395
"KOR","KR","Korea, South",2020-03-25,126,6,29,4.83628190695148,204,44,3.23600583387358,5.53292325127156
"KOR","KR","Korea, South",2020-03-26,131,5,30,4.87519732320115,204,44,3.28376562111858,5.34388339856273
"KOR","KR","Korea, South",2020-03-27,139,8,31,4.93447393313069,204,44,3.39590756561171,4.95210467484302
"KOR","KR","Korea, South",2020-03-28,144,5,32,4.969813299576,204,44,3.46623023594665,4.70872263873867
"KOR","KR","Korea, South",2020-03-29,152,8,33,5.02388052084628,204,44,3.37036045571897,5.02102177988913
"KOR","KR","Korea, South",2020-03-30,158,6,34,5.06259503302697,204,44,3.49321856129225,4.62543955321147
"KOR","KR","Korea, South",2020-03-31,162,4,35,5.08759633523238,204,44,3.57781085918363,4.35051890074979
"KOR","KR","Korea, South",2020-04-01,165,3,36,5.10594547390058,204,44,3.72235946477925,3.89739639197373
"KOR","KR","Korea, South",2020-04-02,169,4,37,5.12989871492307,204,44,3.92500571273292,3.29376610147292
"KOR","KR","Korea, South",2020-04-03,174,5,38,5.15905529921453,204,44,4.04807820460291,2.93968867122427
"KOR","KR","Korea, South",2020-04-04,177,3,39,5.17614973257383,204,44,4.21669231206877,2.47153766874455
"KOR","KR","Korea, South",2020-04-05,183,6,40,5.20948615284142,204,44,4.24642777598443,2.39603564085784
"KOR","KR","Korea, South",2020-04-06,186,3,41,5.2257466737132,204,44,4.24999088116251,2.38494068205319
"KOR","KR","Korea, South",2020-04-07,192,6,42,5.25749537202778,204,44,4.21002955424344,2.48848737710269
"KOR","KR","Korea, South",2020-04-08,200,8,43,5.29831736654804,204,44,4.13411698506202,2.68476086300277
"KOR","KR","Korea, South",2020-04-09,204,4,44,5.31811999384422,204,44,4.10808574825266,2.74835203937087
"MEX","MX","Mexico",2020-03-28,12,4,1,2.484906649788,174,13,NA,NA
"MEX","MX","Mexico",2020-03-29,16,4,2,2.77258872223978,174,13,NA,NA
"MEX","MX","Mexico",2020-03-30,20,4,3,2.99573227355399,174,13,NA,NA
"MEX","MX","Mexico",2020-03-31,28,8,4,3.3322045101752,174,13,NA,NA
"MEX","MX","Mexico",2020-04-01,29,1,5,3.36729582998647,174,13,NA,NA
"MEX","MX","Mexico",2020-04-02,37,8,6,3.61091791264422,174,13,NA,NA
"MEX","MX","Mexico",2020-04-03,50,13,7,3.91202300542815,174,13,2.30658541423629,22.6056107291493
"MEX","MX","Mexico",2020-04-04,60,10,8,4.0943445622221,174,13,2.35562911907779,21.7020085220153
"MEX","MX","Mexico",2020-04-05,79,19,9,4.36944785246702,174,13,2.34239070315219,22.1076929152663
"MEX","MX","Mexico",2020-04-06,94,15,10,4.54329478227,174,13,2.35968225875032,21.8607196815121
"MEX","MX","Mexico",2020-04-07,125,31,11,4.8283137373023,174,13,2.18788186654921,23.9472582437068
"MEX","MX","Mexico",2020-04-08,141,16,12,4.94875989037817,174,13,2.30617458635233,22.4823486321359
"MEX","MX","Mexico",2020-04-09,174,33,13,5.15905529921453,174,13,2.44046508185941,21.1028336518092
"NLD","NL","Netherlands",2020-03-14,12,2,1,2.484906649788,2396,27,NA,NA
"NLD","NL","Netherlands",2020-03-15,20,8,2,2.99573227355399,2396,27,NA,NA
"NLD","NL","Netherlands",2020-03-16,24,4,3,3.17805383034795,2396,27,NA,NA
"NLD","NL","Netherlands",2020-03-17,43,19,4,3.76120011569356,2396,27,NA,NA
"NLD","NL","Netherlands",2020-03-18,58,15,5,4.06044301054642,2396,27,NA,NA
"NLD","NL","Netherlands",2020-03-19,76,18,6,4.33073334028633,2396,27,NA,NA
"NLD","NL","Netherlands",2020-03-20,106,30,7,4.66343909411207,2396,27,2.19807423824185,36.0285308808406
"NLD","NL","Netherlands",2020-03-21,136,30,8,4.91265488573605,2396,27,2.32691672349177,33.1823985309543
"NLD","NL","Netherlands",2020-03-22,179,43,9,5.18738580584075,2396,27,2.38472253676708,31.9067912504609
"NLD","NL","Netherlands",2020-03-23,213,34,10,5.36129216570943,2396,27,2.70200038103916,27.2717260217357
"NLD","NL","Netherlands",2020-03-24,276,63,11,5.62040086571715,2396,27,2.80092475882486,25.9462068860253
"NLD","NL","Netherlands",2020-03-25,356,80,12,5.87493073085203,2396,27,2.88739180711034,24.9826892674309
"NLD","NL","Netherlands",2020-03-26,434,78,13,6.07304453410041,2396,27,3.03245577241207,23.5227966788334
"NLD","NL","Netherlands",2020-03-27,546,112,14,6.30261897574491,2396,27,3.08307073736534,23.0530296131731
"NLD","NL","Netherlands",2020-03-28,639,93,15,6.45990445437753,2396,27,3.20300254716407,21.9744758359449
"NLD","NL","Netherlands",2020-03-29,771,132,16,6.64768837356333,2396,27,3.27867956447069,21.306728734912
"NLD","NL","Netherlands",2020-03-30,864,93,17,6.76157276880406,2396,27,3.57064892868541,19.1281818391445
"NLD","NL","Netherlands",2020-03-31,1039,175,18,6.94601399109923,2396,27,3.79401644980915,17.6263415998833
"NLD","NL","Netherlands",2020-04-01,1173,134,19,7.06731984865348,2396,27,3.99614654159505,16.3260153171228
"NLD","NL","Netherlands",2020-04-02,1339,166,20,7.19967834569117,2396,27,4.21662500932082,15.0154804140235
"NLD","NL","Netherlands",2020-04-03,1487,148,21,7.30451594646016,2396,27,4.37723813958007,14.0841482155464
"NLD","NL","Netherlands",2020-04-04,1651,164,22,7.40913644392013,2396,27,4.58891783479464,12.9424818606234
"NLD","NL","Netherlands",2020-04-05,1766,115,23,7.47647238116391,2396,27,4.80343007473599,11.814785144743
"NLD","NL","Netherlands",2020-04-06,1867,101,24,7.53208814354172,2396,27,5.18697151321413,9.94994864491897
"NLD","NL","Netherlands",2020-04-07,2101,234,25,7.650168700845,2396,27,5.34572936884123,9.233294953498
"NLD","NL","Netherlands",2020-04-08,2248,147,26,7.71779621101358,2396,27,5.52433486393916,8.45932430128046
"NLD","NL","Netherlands",2020-04-09,2396,148,27,7.78155595923534,2396,27,5.64841691900263,7.93619961497701
"NOR","NO","Norway",2020-03-24,12,2,1,2.484906649788,108,17,NA,NA
"NOR","NO","Norway",2020-03-25,14,2,2,2.63905732961526,108,17,NA,NA
"NOR","NO","Norway",2020-03-26,14,0,3,2.63905732961526,108,17,NA,NA
"NOR","NO","Norway",2020-03-27,19,5,4,2.94443897916644,108,17,NA,NA
"NOR","NO","Norway",2020-03-28,23,4,5,3.13549421592915,108,17,NA,NA
"NOR","NO","Norway",2020-03-29,25,2,6,3.2188758248682,108,17,NA,NA
"NOR","NO","Norway",2020-03-30,32,7,7,3.46573590279973,108,17,2.27557208513244,16.4234344137677
"NOR","NO","Norway",2020-03-31,39,7,8,3.66356164612965,108,17,2.20779822158662,17.8618105057638
"NOR","NO","Norway",2020-04-01,44,5,9,3.78418963391826,108,17,2.14936109026681,18.5852997632357
"NOR","NO","Norway",2020-04-02,50,6,10,3.91202300542815,108,17,2.2851241314566,16.5886740572314
"NOR","NO","Norway",2020-04-03,59,9,11,4.07753744390572,108,17,2.31366601723465,16.1817063434576
"NOR","NO","Norway",2020-04-04,62,3,12,4.12713438504509,108,17,2.40088108107174,14.9887147215756
"NOR","NO","Norway",2020-04-05,71,9,13,4.26267987704132,108,17,2.6092212668443,12.897590037654
"NOR","NO","Norway",2020-04-06,76,5,14,4.33073334028633,108,17,2.77577717483406,11.3343105297611
"NOR","NO","Norway",2020-04-07,89,13,15,4.48863636973214,108,17,2.79646058921088,11.19965467962
"NOR","NO","Norway",2020-04-08,101,12,16,4.61512051684126,108,17,2.80354636851377,11.1967476469051
"NOR","NO","Norway",2020-04-09,108,7,17,4.68213122712422,108,17,2.86128396988439,10.7703932354952
"PER","PE","Peru",2020-03-27,11,2,1,2.39789527279837,138,14,NA,NA
"PER","PE","Peru",2020-03-28,16,5,2,2.77258872223978,138,14,NA,NA
"PER","PE","Peru",2020-03-29,18,2,3,2.89037175789616,138,14,NA,NA
"PER","PE","Peru",2020-03-30,24,6,4,3.17805383034795,138,14,NA,NA
"PER","PE","Peru",2020-03-31,30,6,5,3.40119738166216,138,14,NA,NA
"PER","PE","Peru",2020-04-01,38,8,6,3.63758615972639,138,14,NA,NA
"PER","PE","Peru",2020-04-02,55,17,7,4.00733318523247,138,14,2.17369886769454,25.2469079858625
"PER","PE","Peru",2020-04-03,61,6,8,4.11087386417331,138,14,2.23037380556624,23.9582521780416
"PER","PE","Peru",2020-04-04,73,12,9,4.29045944114839,138,14,2.21540246267432,23.8287104320633
"PER","PE","Peru",2020-04-05,83,10,10,4.4188406077966,138,14,2.3699347424997,21.3363291277334
"PER","PE","Peru",2020-04-06,92,9,11,4.52178857704904,138,14,2.56760882005062,18.597888350775
"PER","PE","Peru",2020-04-07,107,15,12,4.67282883446191,138,14,2.80912116839948,15.8664483980821
"PER","PE","Peru",2020-04-08,121,14,13,4.79579054559674,138,14,3.07376959450455,13.2878969913237
"PER","PE","Peru",2020-04-09,138,17,14,4.92725368515721,138,14,3.07498761921008,13.2635353518346
"PHL","PH","Philippines",2020-03-15,11,3,1,2.39789527279837,203,26,NA,NA
"PHL","PH","Philippines",2020-03-16,12,1,2,2.484906649788,203,26,NA,NA
"PHL","PH","Philippines",2020-03-17,12,0,3,2.484906649788,203,26,NA,NA
"PHL","PH","Philippines",2020-03-18,19,7,4,2.94443897916644,203,26,NA,NA
"PHL","PH","Philippines",2020-03-19,17,-2,5,2.83321334405622,203,26,NA,NA
"PHL","PH","Philippines",2020-03-20,18,1,6,2.89037175789616,203,26,NA,NA
"PHL","PH","Philippines",2020-03-21,19,1,7,2.94443897916644,203,26,2.3116148004387,9.99595724853128
"PHL","PH","Philippines",2020-03-22,25,6,8,3.2188758248682,203,26,2.28107442590292,10.95323200974
"PHL","PH","Philippines",2020-03-23,33,8,9,3.49650756146648,203,26,2.18148571486917,13.1960787912471
"PHL","PH","Philippines",2020-03-24,35,2,10,3.55534806148941,203,26,2.25421570682525,12.4564991027196
"PHL","PH","Philippines",2020-03-25,38,3,11,3.63758615972639,203,26,1.99800891652503,15.3397844160609
"PHL","PH","Philippines",2020-03-26,45,7,12,3.80666248977032,203,26,1.92694336418791,15.9701385477271
"PHL","PH","Philippines",2020-03-27,54,9,13,3.98898404656427,203,26,1.93181218534391,15.893882608063
"PHL","PH","Philippines",2020-03-28,68,14,14,4.21950770517611,203,26,2.03836049867294,15.1362965692865
"PHL","PH","Philippines",2020-03-29,71,3,15,4.26267987704132,203,26,2.14751050548956,14.2079790033421
"PHL","PH","Philippines",2020-03-30,78,7,16,4.35670882668959,203,26,2.08705051330569,14.5254105201292
"PHL","PH","Philippines",2020-03-31,88,10,17,4.47733681447821,203,26,2.16054632563536,13.9037159591823
"PHL","PH","Philippines",2020-04-01,96,8,18,4.56434819146784,203,26,2.4250162631515,12.0962991515497
"PHL","PH","Philippines",2020-04-02,107,11,19,4.67282883446191,203,26,2.67412931443232,10.556686691833
"PHL","PH","Philippines",2020-04-03,136,29,20,4.91265488573605,203,26,2.6085293063613,11.0977815046402
"PHL","PH","Philippines",2020-04-04,144,8,21,4.969813299576,203,26,2.39812012912683,12.2456585917167
"PHL","PH","Philippines",2020-04-05,152,8,22,5.02388052084628,203,26,2.44819876076,11.9099098104781
"PHL","PH","Philippines",2020-04-06,163,11,23,5.09375020080676,203,26,2.62688090472711,10.947461724488
"PHL","PH","Philippines",2020-04-07,177,14,24,5.17614973257383,203,26,2.82484892315708,9.95883211113544
"PHL","PH","Philippines",2020-04-08,182,5,25,5.2040066870768,203,26,3.2440790458496,8.01592911696782
"PHL","PH","Philippines",2020-04-09,203,21,26,5.31320597904179,203,26,3.60216900320586,6.5082473808798
"POL","PL","Poland",2020-03-25,14,4,1,2.63905732961526,174,16,NA,NA
"POL","PL","Poland",2020-03-26,16,2,2,2.77258872223978,174,16,NA,NA
"POL","PL","Poland",2020-03-27,16,0,3,2.77258872223978,174,16,NA,NA
"POL","PL","Poland",2020-03-28,18,2,4,2.89037175789616,174,16,NA,NA
"POL","PL","Poland",2020-03-29,22,4,5,3.09104245335832,174,16,NA,NA
"POL","PL","Poland",2020-03-30,31,9,6,3.43398720448515,174,16,NA,NA
"POL","PL","Poland",2020-03-31,33,2,7,3.49650756146648,174,16,2.411791765734,15.0485763970105
"POL","PL","Poland",2020-04-01,43,10,8,3.76120011569356,174,16,2.28881105794637,17.704597519299
"POL","PL","Poland",2020-04-02,57,14,9,4.04305126783455,174,16,2.0787121274633,21.2803909303117
"POL","PL","Poland",2020-04-03,71,14,10,4.26267987704132,174,16,1.98136702385456,22.6719817771298
"POL","PL","Poland",2020-04-04,79,8,11,4.36944785246702,174,16,2.05423226210476,21.5683758885948
"POL","PL","Poland",2020-04-05,94,15,12,4.54329478227,174,16,2.19511167695363,19.9117252739407
"POL","PL","Poland",2020-04-06,107,13,13,4.67282883446191,174,16,2.22859084990082,19.3555347741844
"POL","PL","Poland",2020-04-07,129,22,14,4.85981240436167,174,16,2.45904230668411,17.2714532303134
"POL","PL","Poland",2020-04-08,159,30,15,5.06890420222023,174,16,2.58491495732554,16.3400172849737
"POL","PL","Poland",2020-04-09,174,15,16,5.15905529921453,174,16,2.66017347723629,15.7305592432776
"PRT","PT","Portugal",2020-03-21,12,6,1,2.484906649788,409,20,NA,NA
"PRT","PT","Portugal",2020-03-22,14,2,2,2.63905732961526,409,20,NA,NA
"PRT","PT","Portugal",2020-03-23,23,9,3,3.13549421592915,409,20,NA,NA
"PRT","PT","Portugal",2020-03-24,33,10,4,3.49650756146648,409,20,NA,NA
"PRT","PT","Portugal",2020-03-25,43,10,5,3.76120011569356,409,20,NA,NA
"PRT","PT","Portugal",2020-03-26,60,17,6,4.0943445622221,409,20,NA,NA
"PRT","PT","Portugal",2020-03-27,76,16,7,4.33073334028633,409,20,2.12406904836111,32.4062872731182
"PRT","PT","Portugal",2020-03-28,100,24,8,4.60517018598809,409,20,2.13631286256648,31.7380493521017
"PRT","PT","Portugal",2020-03-29,119,19,9,4.77912349311153,409,20,2.37513628813179,27.5633796613684
"PRT","PT","Portugal",2020-03-30,140,21,10,4.9416424226093,409,20,2.56644099968918,24.5788462929657
"PRT","PT","Portugal",2020-03-31,160,20,11,5.07517381523383,409,20,2.77393914152914,21.7318106150728
"PRT","PT","Portugal",2020-04-01,187,27,12,5.23110861685459,409,20,3.03958491398214,18.6987333943345
"PRT","PT","Portugal",2020-04-02,209,22,13,5.34233425196481,409,20,3.26406590411738,16.3668925674669
"PRT","PT","Portugal",2020-04-03,246,37,14,5.50533153593236,409,20,3.45140885382667,14.7013277206595
"PRT","PT","Portugal",2020-04-04,266,20,15,5.5834963087817,409,20,3.57646273047504,13.5987753942415
"PRT","PT","Portugal",2020-04-05,295,29,16,5.68697535633982,409,20,3.70053507268284,12.5959525263038
"PRT","PT","Portugal",2020-04-06,311,16,17,5.73979291217923,409,20,3.87865398630055,11.238402952227
"PRT","PT","Portugal",2020-04-07,345,34,18,5.84354441703136,409,20,4.05436805270843,10.0495305048808
"PRT","PT","Portugal",2020-04-08,380,35,19,5.94017125272043,409,20,4.16238750907146,9.37940488522281
"PRT","PT","Portugal",2020-04-09,409,29,20,6.0137151560428,409,20,4.30485432160019,8.5538207460726
"ROU","RO","Romania",2020-03-24,11,4,1,2.39789527279837,248,17,NA,NA
"ROU","RO","Romania",2020-03-25,17,6,2,2.83321334405622,248,17,NA,NA
"ROU","RO","Romania",2020-03-26,23,6,3,3.13549421592915,248,17,NA,NA
"ROU","RO","Romania",2020-03-27,26,3,4,3.25809653802148,248,17,NA,NA
"ROU","RO","Romania",2020-03-28,37,11,5,3.61091791264422,248,17,NA,NA
"ROU","RO","Romania",2020-03-29,43,6,6,3.76120011569356,248,17,NA,NA
"ROU","RO","Romania",2020-03-30,65,22,7,4.17438726989564,248,17,2.2157616339653,27.3602615402913
"ROU","RO","Romania",2020-03-31,82,17,8,4.40671924726425,248,17,2.29332419992401,26.0764549829613
"ROU","RO","Romania",2020-04-01,92,10,9,4.52178857704904,248,17,2.33417244112177,25.0699923539166
"ROU","RO","Romania",2020-04-02,115,23,10,4.74493212836325,248,17,2.33634987628166,24.7420258264487
"ROU","RO","Romania",2020-04-03,133,18,11,4.89034912822175,248,17,2.54342520295443,21.9755677829478
"ROU","RO","Romania",2020-04-04,146,13,12,4.98360662170834,248,17,2.74984740395083,19.4191289849841
"ROU","RO","Romania",2020-04-05,151,5,13,5.01727983681492,248,17,3.23021861532433,14.4679035743527
"ROU","RO","Romania",2020-04-06,176,25,14,5.17048399503815,248,17,3.43607765427339,12.5748259149948
"ROU","RO","Romania",2020-04-07,197,21,15,5.28320372873799,248,17,3.54640061784343,11.6509996321779
"ROU","RO","Romania",2020-04-08,220,23,16,5.39362754635236,248,17,3.71397089902364,10.4238315297487
"ROU","RO","Romania",2020-04-09,248,28,17,5.51342874616498,248,17,3.7012519314851,10.5543021251457
"ESP","ES","Spain",2020-03-08,17,7,1,2.83321334405622,15447,33,NA,NA
"ESP","ES","Spain",2020-03-09,28,11,2,3.3322045101752,15447,33,NA,NA
"ESP","ES","Spain",2020-03-10,35,7,3,3.55534806148941,15447,33,NA,NA
"ESP","ES","Spain",2020-03-11,54,19,4,3.98898404656427,15447,33,NA,NA
"ESP","ES","Spain",2020-03-12,55,1,5,4.00733318523247,15447,33,NA,NA
"ESP","ES","Spain",2020-03-13,133,78,6,4.89034912822175,15447,33,NA,NA
"ESP","ES","Spain",2020-03-14,195,62,7,5.27299955856375,15447,33,2.4275426901349,38.8844035834241
"ESP","ES","Spain",2020-03-15,289,94,8,5.66642668811243,15447,33,2.36278241661957,40.497623605778
"ESP","ES","Spain",2020-03-16,342,53,9,5.8348107370626,15447,33,2.28969169721799,40.9247845826685
"ESP","ES","Spain",2020-03-17,533,191,10,6.27852142416584,15447,33,2.30929233918582,40.3558742726988
"ESP","ES","Spain",2020-03-18,623,90,11,6.43454651878745,15447,33,2.44934224257748,37.9278420394714
"ESP","ES","Spain",2020-03-19,830,207,12,6.72142570079064,15447,33,3.16216263053394,30.1014941935982
"ESP","ES","Spain",2020-03-20,1043,213,13,6.94985645500077,15447,33,3.40111797735752,27.6439446299727
"ESP","ES","Spain",2020-03-21,1375,332,14,7.22620901010067,15447,33,3.55612202403419,26.2583667088066
"ESP","ES","Spain",2020-03-22,1772,397,15,7.47986413116503,15447,33,3.55538544370033,26.2351617513937
"ESP","ES","Spain",2020-03-23,2311,539,16,7.74543561027438,15447,33,3.72833361428782,24.9862896156814
"ESP","ES","Spain",2020-03-24,2808,497,17,7.9402277651457,15447,33,3.66640226736314,25.339540122166
"ESP","ES","Spain",2020-03-25,3647,839,18,8.20166019080868,15447,33,3.74816518197779,24.7881167518489
"ESP","ES","Spain",2020-03-26,4365,718,19,8.3813734682737,15447,33,3.87162264141529,23.949346554341
"ESP","ES","Spain",2020-03-27,5138,773,20,8.54441917766983,15447,33,4.1586036977481,22.1924062766397
"ESP","ES","Spain",2020-03-28,5982,844,21,8.69651023918989,15447,33,4.48410862193664,20.3180398642625
"ESP","ES","Spain",2020-03-29,6803,821,22,8.82511897034506,15447,33,4.87663840709852,18.1941929112914
"ESP","ES","Spain",2020-03-30,7716,913,23,8.95105137402562,15447,33,5.22396220033069,16.4090184165312
"ESP","ES","Spain",2020-03-31,8464,748,24,9.04357715409808,15447,33,5.70403235438038,14.0921660501689
"ESP","ES","Spain",2020-04-01,9387,923,25,9.14708103233699,15447,33,6.00917751808396,12.6784992138646
"ESP","ES","Spain",2020-04-02,10348,961,26,9.24454854330592,15447,33,6.27676803656819,11.4999566676982
"ESP","ES","Spain",2020-04-03,11198,850,27,9.32349046990884,15447,33,6.53377154355298,10.4136767728212
"ESP","ES","Spain",2020-04-04,11947,749,28,9.38823547981722,15447,33,6.77901551287791,9.41142539068134
"ESP","ES","Spain",2020-04-05,12641,694,29,9.44470077849556,15447,33,7.04132883803693,8.38097965149984
"ESP","ES","Spain",2020-04-06,13341,700,30,9.49859727917881,15447,33,7.26975997280925,7.5142385859665
"ESP","ES","Spain",2020-04-07,14045,704,31,9.55002173953834,15447,33,7.5328237155751,6.56474964977344
"ESP","ES","Spain",2020-04-08,14792,747,32,9.60184177306696,15447,33,7.74221169442994,5.84037152822761
"ESP","ES","Spain",2020-04-09,15447,655,33,9.64517008871425,15447,33,7.88860922557588,5.34847287128038
"SWE","SE","Sweden",2020-03-19,11,1,1,2.39789527279837,793,22,NA,NA
"SWE","SE","Sweden",2020-03-20,16,5,2,2.77258872223978,793,22,NA,NA
"SWE","SE","Sweden",2020-03-21,20,4,3,2.99573227355399,793,22,NA,NA
"SWE","SE","Sweden",2020-03-22,21,1,4,3.04452243772342,793,22,NA,NA
"SWE","SE","Sweden",2020-03-23,25,4,5,3.2188758248682,793,22,NA,NA
"SWE","SE","Sweden",2020-03-24,36,11,6,3.58351893845611,793,22,NA,NA
"SWE","SE","Sweden",2020-03-25,62,26,7,4.12713438504509,793,22,2.15822093345685,25.1168618588823
"SWE","SE","Sweden",2020-03-26,77,15,8,4.34380542185368,793,22,2.09883778222065,26.840895794845
"SWE","SE","Sweden",2020-03-27,105,28,9,4.65396035015752,793,22,1.892183784898,30.2911027080286
"SWE","SE","Sweden",2020-03-28,105,0,10,4.65396035015752,793,22,1.83184735478916,30.2098902545662
"SWE","SE","Sweden",2020-03-29,110,5,11,4.70048036579242,793,22,2.15095583053639,25.4018657545997
"SWE","SE","Sweden",2020-03-30,146,36,12,4.98360662170834,793,22,2.61685272416736,20.2039640698399
"SWE","SE","Sweden",2020-03-31,180,34,13,5.19295685089021,793,22,3.04956140191512,16.1556779031413
"SWE","SE","Sweden",2020-04-01,239,59,14,5.47646355193151,793,22,2.96997084836495,17.1629059401774
"SWE","SE","Sweden",2020-04-02,308,69,15,5.73009978297357,793,22,2.75626061604705,19.1639328110497
"SWE","SE","Sweden",2020-04-03,358,50,16,5.8805329864007,793,22,2.33781515308292,22.2564774046965
"SWE","SE","Sweden",2020-04-04,373,15,17,5.92157841964382,793,22,2.41510059982322,21.4081779393653
"SWE","SE","Sweden",2020-04-05,401,28,18,5.99396142730657,793,22,2.97611227613758,17.4727749598968
"SWE","SE","Sweden",2020-04-06,477,76,19,6.16751649088834,793,22,3.39464232576795,14.8219760979099
"SWE","SE","Sweden",2020-04-07,591,114,20,6.3818160174061,793,22,3.68694455008916,13.2297116184256
"SWE","SE","Sweden",2020-04-08,687,96,21,6.53233429222235,793,22,3.73705784890485,13.0543130750059
"SWE","SE","Sweden",2020-04-09,793,106,22,6.67582322163485,793,22,3.51088384442104,14.2687037177109
"CHE","CH","Switzerland",2020-03-13,11,7,1,2.39789527279837,948,28,NA,NA
"CHE","CH","Switzerland",2020-03-14,13,2,2,2.56494935746154,948,28,NA,NA
"CHE","CH","Switzerland",2020-03-15,14,1,3,2.63905732961526,948,28,NA,NA
"CHE","CH","Switzerland",2020-03-16,14,0,4,2.63905732961526,948,28,NA,NA
"CHE","CH","Switzerland",2020-03-17,27,13,5,3.29583686600433,948,28,NA,NA
"CHE","CH","Switzerland",2020-03-18,28,1,6,3.3322045101752,948,28,NA,NA
"CHE","CH","Switzerland",2020-03-19,41,13,7,3.71357206670431,948,28,2.06346464412001,21.9225722269079
"CHE","CH","Switzerland",2020-03-20,54,13,8,3.98898404656427,948,28,1.89725865765462,25.4081454358795
"CHE","CH","Switzerland",2020-03-21,75,21,9,4.31748811353631,948,28,1.67098268323903,29.117432094147
"CHE","CH","Switzerland",2020-03-22,98,23,10,4.58496747867057,948,28,1.56156265338387,30.4921874236392
"CHE","CH","Switzerland",2020-03-23,120,22,11,4.78749174278205,948,28,1.83596165658932,27.0871664791282
"CHE","CH","Switzerland",2020-03-24,122,2,12,4.80402104473326,948,28,1.91719516147287,25.5688299569141
"CHE","CH","Switzerland",2020-03-25,153,31,13,5.03043792139244,948,28,2.30003920575186,21.6095542487431
"CHE","CH","Switzerland",2020-03-26,191,38,14,5.25227342804663,948,28,2.54570073265929,19.4100761650786
"CHE","CH","Switzerland",2020-03-27,231,40,15,5.44241771052179,948,28,2.7660081192466,17.6869531011391
"CHE","CH","Switzerland",2020-03-28,264,33,16,5.57594910314632,948,28,2.87166407922539,16.8966042579289
"CHE","CH","Switzerland",2020-03-29,300,36,17,5.7037824746562,948,28,2.87569929567941,16.8025289342069
"CHE","CH","Switzerland",2020-03-30,359,59,18,5.88332238848828,948,28,2.75517086037698,17.5295314746153
"CHE","CH","Switzerland",2020-03-31,433,74,19,6.07073772800249,948,28,2.91163890498038,16.5870075173138
"CHE","CH","Switzerland",2020-04-01,488,55,20,6.19031540585315,948,28,3.07310091577036,15.636211620439
"CHE","CH","Switzerland",2020-04-02,536,48,21,6.2841341610708,948,28,3.22955593212966,14.7172757514535
"CHE","CH","Switzerland",2020-04-03,591,55,22,6.3818160174061,948,28,3.37641369957137,13.8760611891908
"CHE","CH","Switzerland",2020-04-04,666,75,23,6.50128967054039,948,28,3.57155306474783,12.8675188519876
"CHE","CH","Switzerland",2020-04-05,715,49,24,6.57228254269401,948,28,3.929514554002,11.1410177115927
"CHE","CH","Switzerland",2020-04-06,765,50,25,6.63987583382654,948,28,4.26481125799493,9.60180035936946
"CHE","CH","Switzerland",2020-04-07,821,56,26,6.71052310945243,948,28,4.44577744237991,8.79490350570435
"CHE","CH","Switzerland",2020-04-08,895,74,27,6.79682371827486,948,28,4.55461870561704,8.33596078211061
"CHE","CH","Switzerland",2020-04-09,948,53,28,6.85435450225502,948,28,4.71981280923014,7.6675861313362
"TUR","TR","Turkey",2020-03-22,30,21,1,3.40119738166216,908,19,NA,NA
"TUR","TR","Turkey",2020-03-23,37,7,2,3.61091791264422,908,19,NA,NA
"TUR","TR","Turkey",2020-03-24,44,7,3,3.78418963391826,908,19,NA,NA
"TUR","TR","Turkey",2020-03-25,59,15,4,4.07753744390572,908,19,NA,NA
"TUR","TR","Turkey",2020-03-26,75,16,5,4.31748811353631,908,19,NA,NA
"TUR","TR","Turkey",2020-03-27,92,17,6,4.52178857704904,908,19,NA,NA
"TUR","TR","Turkey",2020-03-28,108,16,7,4.68213122712422,908,19,3.17105842071801,22.1351476600496
"TUR","TR","Turkey",2020-03-29,131,23,8,4.87519732320115,908,19,3.1897192203352,21.5463305400929
"TUR","TR","Turkey",2020-03-30,168,37,9,5.12396397940326,908,19,3.20190963359819,21.3545925308349
"TUR","TR","Turkey",2020-03-31,214,46,10,5.36597601502185,908,19,3.25123562065448,20.8274149686943
"TUR","TR","Turkey",2020-04-01,277,63,11,5.62401750618734,908,19,3.20156730416681,21.606413593492
"TUR","TR","Turkey",2020-04-02,356,79,12,5.87493073085203,908,19,3.08450792975544,22.9784918262711
"TUR","TR","Turkey",2020-04-03,425,69,13,6.05208916892442,908,19,3.01068864742832,23.6049791695944
"TUR","TR","Turkey",2020-04-04,501,76,14,6.21660610108486,908,19,3.08026348517642,22.819397959013
"TUR","TR","Turkey",2020-04-05,574,73,15,6.35262939631957,908,19,3.30917552013675,20.7690288771858
"TUR","TR","Turkey",2020-04-06,649,75,16,6.47543271670409,908,19,3.61400807922516,18.3116759126572
"TUR","TR","Turkey",2020-04-07,725,76,17,6.58617165485467,908,19,3.97483628815321,15.6714523039332
"TUR","TR","Turkey",2020-04-08,812,87,18,6.69950034016168,908,19,4.28639050730267,13.5739300550311
"TUR","TR","Turkey",2020-04-09,908,96,19,6.81124437860129,908,19,4.46949832768187,12.4171298775692
"GBR","UK","United Kingdom",2020-03-14,21,13,1,3.04452243772342,7978,27,NA,NA
"GBR","UK","United Kingdom",2020-03-15,21,0,2,3.04452243772342,7978,27,NA,NA
"GBR","UK","United Kingdom",2020-03-16,55,34,3,4.00733318523247,7978,27,NA,NA
"GBR","UK","United Kingdom",2020-03-17,55,0,4,4.00733318523247,7978,27,NA,NA
"GBR","UK","United Kingdom",2020-03-18,71,16,5,4.26267987704132,7978,27,NA,NA
"GBR","UK","United Kingdom",2020-03-19,137,66,6,4.91998092582813,7978,27,NA,NA
"GBR","UK","United Kingdom",2020-03-20,177,40,7,5.17614973257383,7978,27,2.58019660411223,37.1469484020338
"GBR","UK","United Kingdom",2020-03-21,233,56,8,5.4510384535657,7978,27,2.54025024195583,37.3922460100186
"GBR","UK","United Kingdom",2020-03-22,281,48,9,5.63835466933375,7978,27,2.9174218231505,31.0498030160814
"GBR","UK","United Kingdom",2020-03-23,335,54,10,5.81413053182507,7978,27,2.86282412274641,31.0814255432151
"GBR","UK","United Kingdom",2020-03-24,422,87,11,6.04500531403601,7978,27,3.15891122638972,27.1338587847782
"GBR","UK","United Kingdom",2020-03-25,465,43,12,6.14203740558736,7978,27,3.7444297859588,20.596331001648
"GBR","UK","United Kingdom",2020-03-26,578,113,13,6.35957386867238,7978,27,3.89699822614157,19.0675748465758
"GBR","UK","United Kingdom",2020-03-27,759,181,14,6.63200177739563,7978,27,3.92439215708717,18.9758401568905
"GBR","UK","United Kingdom",2020-03-28,1019,260,15,6.92657703322272,7978,27,3.73039231253423,20.7677790623016
"GBR","UK","United Kingdom",2020-03-29,1228,209,16,7.11314210870709,7978,27,3.57778639739372,21.9647947886706
"GBR","UK","United Kingdom",2020-03-30,1408,180,17,7.24992553671799,7978,27,3.57633667263058,21.8713329958419
"GBR","UK","United Kingdom",2020-03-31,1789,381,18,7.48941208350872,7978,27,3.46754156206235,22.5141703613099
"GBR","UK","United Kingdom",2020-04-01,2352,563,19,7.76302130901852,7978,27,3.50565828145766,22.3161122741424
"GBR","UK","United Kingdom",2020-04-02,2921,569,20,7.97968130238774,7978,27,3.60884621001969,21.7578467906055
"GBR","UK","United Kingdom",2020-04-03,3605,684,21,8.19007704971905,7978,27,3.64954321172903,21.5595507469672
"GBR","UK","United Kingdom",2020-04-04,4313,708,22,8.36938899664784,7978,27,3.57041601005225,21.9261175310836
"GBR","UK","United Kingdom",2020-04-05,4934,621,23,8.5039052970893,7978,27,3.68580961923221,21.2462458860455
"GBR","UK","United Kingdom",2020-04-06,5373,439,24,8.58914169072882,7978,27,4.24837702082494,18.4666589002214
"GBR","UK","United Kingdom",2020-04-07,6159,786,25,8.72566970568704,7978,27,4.82958102485134,15.7881936216357
"GBR","UK","United Kingdom",2020-04-08,7097,938,26,8.86742743852498,7978,27,5.21268244254568,14.1220586229596
"GBR","UK","United Kingdom",2020-04-09,7978,881,27,8.98444303246535,7978,27,5.51777396675955,12.8604972878247
"USA","US","US",2020-03-04,11,4,1,2.39789527279837,16478,37,NA,NA
"USA","US","US",2020-03-05,12,1,2,2.484906649788,16478,37,NA,NA
"USA","US","US",2020-03-06,14,2,3,2.63905732961526,16478,37,NA,NA
"USA","US","US",2020-03-07,17,3,4,2.83321334405622,16478,37,NA,NA
"USA","US","US",2020-03-08,21,4,5,3.04452243772342,16478,37,NA,NA
"USA","US","US",2020-03-09,22,1,6,3.09104245335832,16478,37,NA,NA
"USA","US","US",2020-03-10,28,6,7,3.3322045101752,16478,37,2.20031108144793,15.7880872406403
"USA","US","US",2020-03-11,36,8,8,3.58351893845611,16478,37,2.11907360609137,17.6427154872369
"USA","US","US",2020-03-12,40,4,9,3.68887945411394,16478,37,2.11511414505386,17.6348558383843
"USA","US","US",2020-03-13,47,7,10,3.85014760171006,16478,37,2.13822006866038,17.2571188958584
"USA","US","US",2020-03-14,54,7,11,3.98898404656427,16478,37,2.16610847253882,16.8152502398742
"USA","US","US",2020-03-15,63,9,12,4.14313472639153,16478,37,2.14583806881758,16.9159448397562
"USA","US","US",2020-03-16,85,22,13,4.44265125649032,16478,37,2.16468993081931,16.9667014545233
"USA","US","US",2020-03-17,108,23,14,4.68213122712422,16478,37,2.05206233762777,18.201312840852
"USA","US","US",2020-03-18,118,10,15,4.77068462446567,16478,37,1.92535186020448,19.1537498993198
"USA","US","US",2020-03-19,200,82,16,5.29831736654804,16478,37,1.46051475119765,23.0246676823193
"USA","US","US",2020-03-20,244,44,17,5.4971682252932,16478,37,1.10753461817347,25.5819685159826
"USA","US","US",2020-03-21,307,63,18,5.7268477475872,16478,37,0.932084056655423,26.7012826450592
"USA","US","US",2020-03-22,417,110,19,6.0330862217988,16478,37,0.871714359798815,27.0972197774248
"USA","US","US",2020-03-23,557,140,20,6.32256523992728,16478,37,0.694799898965314,28.123698621838
"USA","US","US",2020-03-24,706,149,21,6.55961523749324,16478,37,0.632551363221817,28.3971627940958
"USA","US","US",2020-03-25,942,236,22,6.84800527457636,16478,37,1.0399497027578,26.3202687172327
"USA","US","US",2020-03-26,1209,267,23,7.09754885061479,16478,37,0.890701009871874,27.0356640915627
"USA","US","US",2020-03-27,1581,372,24,7.36581283720947,16478,37,0.886337637597234,27.0402162898139
"USA","US","US",2020-03-28,2026,445,25,7.61381868480863,16478,37,1.04628689492769,26.3093792739836
"USA","US","US",2020-03-29,2467,441,26,7.81075811652936,16478,37,1.26372342721515,25.3242610252503
"USA","US","US",2020-03-30,2978,511,27,7.99900721324395,16478,37,1.53355107748059,24.1426837333998
"USA","US","US",2020-03-31,3873,895,28,8.26178467951475,16478,37,1.77703346932697,23.175715069262
"USA","US","US",2020-04-01,4757,884,29,8.46737249643228,16478,37,1.96474034287343,22.4521541089227
"USA","US","US",2020-04-02,5926,1169,30,8.68710472813351,16478,37,2.12601317251279,21.8643209250172
"USA","US","US",2020-04-03,7087,1161,31,8.86601739881026,16478,37,2.26604011123746,21.3487666014339
"USA","US","US",2020-04-04,8407,1320,32,9.0368199711353,16478,37,2.40097160327468,20.8483070841757
"USA","US","US",2020-04-05,9619,1212,33,9.17149558815261,16478,37,2.78474964254783,19.5220736083752
"USA","US","US",2020-04-06,10783,1164,34,9.28572609888207,16478,37,3.4779259865488,17.2492345876586
"USA","US","US",2020-04-07,12722,1939,35,9.45108805723875,16478,37,3.90495477610195,15.9066700473532
"USA","US","US",2020-04-08,14695,1973,36,9.59526257885302,16478,37,4.27278088541665,14.7982892741511
"USA","US","US",2020-04-09,16478,1783,37,9.70978143687554,16478,37,4.5328782629785,14.0277492811336
