Date,Quantile50,Quantile75,Quantile975,Local
4/9/2020,17000,17100,17300,United Kingdom
4/10/2020,34800,35000,35300,United Kingdom
4/11/2020,53600,53800,54300,United Kingdom
4/12/2020,73000,73400,74000,United Kingdom
4/13/2020,93000,93500,94400,United Kingdom
4/14/2020,113500,114000,115200,United Kingdom
4/15/2020,134200,134900,136300,United Kingdom
4/16/2020,155200,156000,157600,United Kingdom
4/17/2020,176300,177300,179200,United Kingdom
4/18/2020,197600,198700,200700,United Kingdom
4/19/2020,218900,220100,222400,United Kingdom
4/20/2020,240200,241600,244000,United Kingdom
4/21/2020,261600,263000,265800,United Kingdom
4/22/2020,282900,284500,287500,United Kingdom
4/23/2020,304300,306000,309200,United Kingdom
4/24/2020,325800,327500,330900,United Kingdom
4/25/2020,347000,348900,352500,United Kingdom
4/26/2020,368200,370100,373800,United Kingdom
4/27/2020,389100,391100,395000,United Kingdom
4/28/2020,409700,411800,415800,United Kingdom
4/29/2020,430100,432200,436400,United Kingdom
4/30/2020,450000,452300,456500,United Kingdom
5/1/2020,469500,471800,476203,United Kingdom
5/2/2020,488400,490700,495200,United Kingdom
5/3/2020,506400,508900,513300,United Kingdom
5/4/2020,523600,526100,530700,United Kingdom
5/5/2020,539700,542200,547000,United Kingdom
5/6/2020,554700,557300,562300,United Kingdom
5/7/2020,568500,571100,576300,United Kingdom
5/8/2020,581000,583700,588900,United Kingdom
5/9/2020,592200,594825,600300,United Kingdom
5/10/2020,601700,604500,609900,United Kingdom
5/11/2020,609800,612700,618200,United Kingdom
5/12/2020,616300,619200,624500,United Kingdom
5/13/2020,621050,624000,629500,United Kingdom
5/14/2020,624100,627000,632700,United Kingdom
5/15/2020,625500,628500,634203,United Kingdom
5/16/2020,625400,628300,634200,United Kingdom
5/17/2020,623600,626500,632300,United Kingdom
5/18/2020,620200,623100,629000,United Kingdom
5/19/2020,615300,618400,624103,United Kingdom
5/20/2020,609000,612000,617600,United Kingdom
5/21/2020,601200,604200,610000,United Kingdom
5/22/2020,592200,595100,600900,United Kingdom
5/23/2020,582000,585000,590600,United Kingdom
5/24/2020,570700,573700,579500,United Kingdom
5/25/2020,558700,561700,567400,United Kingdom
5/26/2020,546000,548900,554603,United Kingdom
5/27/2020,532500,535500,541100,United Kingdom
5/28/2020,518400,521300,526803,United Kingdom
5/29/2020,503900,506800,512300,United Kingdom
5/30/2020,488900,491700,497200,United Kingdom
5/31/2020,473600,476500,481800,United Kingdom
6/1/2020,458200,461000,466300,United Kingdom
6/2/2020,442600,445400,450803,United Kingdom
6/3/2020,427100,429800,435103,United Kingdom
6/4/2020,411500,414300,419500,United Kingdom
6/5/2020,396100,398800,404000,United Kingdom
6/6/2020,380900,383600,388603,United Kingdom
6/7/2020,365900,368500,373400,United Kingdom
6/8/2020,351100,353600,358400,United Kingdom
6/9/2020,336600,339000,343900,United Kingdom
6/10/2020,322400,324900,329600,United Kingdom
6/11/2020,308600,311000,315700,United Kingdom
6/12/2020,295200,297600,302200,United Kingdom
6/13/2020,282200,284500,288900,United Kingdom
6/14/2020,269600,271800,276303,United Kingdom
6/15/2020,257400,259600,263900,United Kingdom
6/16/2020,245700,247800,252000,United Kingdom
6/17/2020,234300,236500,240600,United Kingdom
6/18/2020,223400,225500,229500,United Kingdom
6/19/2020,212900,215000,218900,United Kingdom
6/20/2020,202900,204900,208700,United Kingdom
6/21/2020,193300,195200,199000,United Kingdom
6/22/2020,184100,185900,189600,United Kingdom
6/23/2020,175300,177100,180700,United Kingdom
6/24/2020,166900,168700,172103,United Kingdom
6/25/2020,158800,160600,164000,United Kingdom
6/26/2020,151200,152900,156200,United Kingdom
6/27/2020,143800,145500,148800,United Kingdom
6/28/2020,136800,138500,141700,United Kingdom
6/29/2020,130100,131800,134800,United Kingdom
6/30/2020,123800,125400,128400,United Kingdom
7/1/2020,117700,119300,122100,United Kingdom
7/2/2020,112000,113500,116300,United Kingdom
7/3/2020,106500,108000,110700,United Kingdom
7/4/2020,101300,102700,105500,United Kingdom
7/5/2020,96400,97800,100400,United Kingdom
7/6/2020,91700,93100,95700,United Kingdom
7/7/2020,87300,88600,91200,United Kingdom
7/8/2020,83100,84400,86900,United Kingdom
7/9/2020,79100,80300,82800,United Kingdom
7/10/2020,75300,76500,78900,United Kingdom
7/11/2020,71700,72800,75100,United Kingdom
7/12/2020,68200,69300,71600,United Kingdom
7/13/2020,64900,66000,68200,United Kingdom
7/14/2020,61700,62800,65000,United Kingdom
7/15/2020,58700,59800,61900,United Kingdom
7/16/2020,55800,56900,58900,United Kingdom
7/17/2020,53100,54100,56100,United Kingdom
7/18/2020,50500,51500,53400,United Kingdom
7/19/2020,48100,49100,50900,United Kingdom
7/20/2020,45800,46700,48600,United Kingdom
7/21/2020,43600,44500,46300,United Kingdom
7/22/2020,41500,42400,44200,United Kingdom
7/23/2020,39500,40400,42100,United Kingdom
7/24/2020,37600,38500,40200,United Kingdom
7/25/2020,35800,36700,38300,United Kingdom
7/26/2020,34100,34900,36500,United Kingdom
7/27/2020,32400,33300,34900,United Kingdom
7/28/2020,30900,31700,33200,United Kingdom
7/29/2020,29400,30200,31600,United Kingdom
7/30/2020,28000,28700,30100,United Kingdom
7/31/2020,26600,27300,28700,United Kingdom
8/1/2020,25300,26000,27400,United Kingdom
8/2/2020,24100,24800,26100,United Kingdom
8/3/2020,22900,23600,24900,United Kingdom
8/4/2020,21800,22500,23800,United Kingdom
8/5/2020,20800,21400,22700,United Kingdom
8/6/2020,19800,20400,21603,United Kingdom
8/7/2020,18800,19400,20600,United Kingdom
8/8/2020,17900,18500,19700,United Kingdom
8/9/2020,17000,17600,18800,United Kingdom
8/10/2020,16200,16800,17900,United Kingdom
8/11/2020,15400,16000,17100,United Kingdom
8/12/2020,14600,15200,16300,United Kingdom
8/13/2020,13900,14500,15500,United Kingdom
8/14/2020,13200,13800,14800,United Kingdom
8/15/2020,12600,13100,14100,United Kingdom
8/16/2020,12000,12500,13400,United Kingdom
8/17/2020,11400,11800,12800,United Kingdom
8/18/2020,10800,11300,12200,United Kingdom
8/19/2020,10300,10800,11700,United Kingdom
8/20/2020,9800,10200,11100,United Kingdom
8/21/2020,9300,9800,10600,United Kingdom
8/22/2020,8900,9300,10100,United Kingdom
8/23/2020,8400,8800,9600,United Kingdom
8/24/2020,8000,8400,9200,United Kingdom
8/25/2020,7600,8000,8700,United Kingdom
8/26/2020,7200,7600,8300,United Kingdom
8/27/2020,6900,7200,8000,United Kingdom
8/28/2020,6500,6900,7600,United Kingdom
8/29/2020,6200,6500,7200,United Kingdom
8/30/2020,5800,6200,6900,United Kingdom
8/31/2020,5600,5900,6600,United Kingdom
9/1/2020,5300,5600,6300,United Kingdom
9/2/2020,5000,5400,6000,United Kingdom
9/3/2020,4800,5100,5700,United Kingdom
9/4/2020,4500,4800,5400,United Kingdom
9/5/2020,4200,4500,5100,United Kingdom
9/6/2020,4000,4300,4900,United Kingdom
9/7/2020,3800,4100,4600,United Kingdom
9/8/2020,3600,3900,4400,United Kingdom
9/9/2020,3500,3700,4200,United Kingdom
9/10/2020,3300,3500,4100,United Kingdom
9/11/2020,3100,3400,3900,United Kingdom
9/12/2020,2900,3200,3700,United Kingdom
9/13/2020,2800,3000,3500,United Kingdom
9/14/2020,2600,2800,3300,United Kingdom
9/15/2020,2400,2600,3100,United Kingdom
9/16/2020,2300,2500,2900,United Kingdom
9/17/2020,2100,2300,2800,United Kingdom
9/18/2020,2000,2200,2600,United Kingdom
9/19/2020,1900,2100,2500,United Kingdom
9/20/2020,1800,2000,2400,United Kingdom
9/21/2020,1700,1900,2300,United Kingdom
9/22/2020,1600,1800,2200,United Kingdom
9/23/2020,1600,1700,2100,United Kingdom
9/24/2020,1500,1700,2000,United Kingdom
9/25/2020,1400,1600,1900,United Kingdom
9/26/2020,1300,1500,1800,United Kingdom
9/27/2020,1200,1400,1700,United Kingdom
9/28/2020,1100,1300,1600,United Kingdom
9/29/2020,1000,1200,1500,United Kingdom
9/30/2020,900,1100,1400,United Kingdom
10/1/2020,800,1000,1300,United Kingdom
10/2/2020,700,900,1200,United Kingdom
10/3/2020,600,800,1100,United Kingdom
10/4/2020,500,700,1000,United Kingdom
10/5/2020,500,600,900,United Kingdom
10/6/2020,400,500,800,United Kingdom
10/7/2020,300,500,700,United Kingdom
10/8/2020,300,400,600,United Kingdom
10/9/2020,300,400,600,United Kingdom
10/10/2020,200,300,500,United Kingdom
10/11/2020,200,300,500,United Kingdom
10/12/2020,200,200,400,United Kingdom
10/13/2020,200,200,400,United Kingdom
10/14/2020,100,200,400,United Kingdom
10/15/2020,100,200,300,United Kingdom
10/16/2020,100,200,300,United Kingdom
10/17/2020,100,200,300,United Kingdom
10/18/2020,100,100,300,United Kingdom
10/19/2020,100,100,200,United Kingdom
10/20/2020,100,100,200,United Kingdom
10/21/2020,100,100,200,United Kingdom
10/22/2020,100,100,200,United Kingdom
10/23/2020,100,100,200,United Kingdom
10/24/2020,100,100,200,United Kingdom
10/25/2020,100,100,200,United Kingdom
10/26/2020,100,100,200,United Kingdom
10/27/2020,100,100,200,United Kingdom
10/28/2020,100,100,100,United Kingdom
10/29/2020,100,100,100,United Kingdom
10/30/2020,100,100,100,United Kingdom
10/31/2020,100,100,100,United Kingdom
11/1/2020,100,100,100,United Kingdom
11/2/2020,100,100,100,United Kingdom
11/3/2020,100,100,100,United Kingdom
11/4/2020,100,100,100,United Kingdom
11/5/2020,100,100,100,United Kingdom
11/6/2020,100,100,100,United Kingdom
11/7/2020,100,100,100,United Kingdom
11/8/2020,100,100,100,United Kingdom
11/9/2020,100,100,100,United Kingdom
11/10/2020,100,100,100,United Kingdom
11/11/2020,100,100,100,United Kingdom
11/12/2020,100,100,100,United Kingdom
11/13/2020,100,100,100,United Kingdom
11/14/2020,100,100,100,United Kingdom
11/15/2020,100,100,100,United Kingdom
11/16/2020,100,100,100,United Kingdom
11/17/2020,100,100,100,United Kingdom
11/18/2020,100,100,100,United Kingdom
11/19/2020,100,100,100,United Kingdom
11/20/2020,100,100,100,United Kingdom
11/21/2020,100,100,100,United Kingdom
11/22/2020,100,100,100,United Kingdom
4/9/2020,10300,10400,10500,Spain
4/10/2020,20500,20700,20900,Spain
4/11/2020,30700,30900,31200,Spain
4/12/2020,40600,40900,41400,Spain
4/13/2020,50200,50500,51200,Spain
4/14/2020,59400,59800,60600,Spain
4/15/2020,68100,68600,69600,Spain
4/16/2020,76200,76800,78000,Spain
4/17/2020,83800,84500,85800,Spain
4/18/2020,90800,91600,93000,Spain
4/19/2020,97200,98100,99700,Spain
4/20/2020,103100,104000,105700,Spain
4/21/2020,108400,109400,111300,Spain
4/22/2020,113200,114200,116300,Spain
4/23/2020,117500,118600,120800,Spain
4/24/2020,121400,122600,124800,Spain
4/25/2020,124900,126100,128400,Spain
4/26/2020,128100,129300,131600,Spain
4/27/2020,130900,132200,134600,Spain
4/28/2020,133400,134700,137200,Spain
4/29/2020,135700,137000,139600,Spain
4/30/2020,137800,139100,141700,Spain
5/1/2020,139600,141000,143500,Spain
5/2/2020,141300,142700,145200,Spain
5/3/2020,142800,144200,146800,Spain
5/4/2020,144100,145500,148200,Spain
5/5/2020,145300,146700,149400,Spain
5/6/2020,146400,147800,150500,Spain
5/7/2020,147300,148700,151500,Spain
5/8/2020,148100,149500,152300,Spain
5/9/2020,148900,150300,153100,Spain
5/10/2020,149500,151000,153800,Spain
5/11/2020,150000,151500,154300,Spain
5/12/2020,150400,151900,154700,Spain
5/13/2020,150800,152200,155100,Spain
5/14/2020,151000,152500,155303,Spain
5/15/2020,151200,152700,155600,Spain
5/16/2020,151300,152800,155600,Spain
5/17/2020,151300,152800,155700,Spain
5/18/2020,151300,152700,155700,Spain
5/19/2020,151100,152600,155500,Spain
5/20/2020,150900,152400,155203,Spain
5/21/2020,150600,152100,155000,Spain
5/22/2020,150300,151800,154700,Spain
5/23/2020,149900,151400,154300,Spain
5/24/2020,149400,150900,153800,Spain
5/25/2020,148900,150325,153200,Spain
5/26/2020,148200,149700,152500,Spain
5/27/2020,147600,149100,152000,Spain
5/28/2020,146900,148300,151200,Spain
5/29/2020,145300,146800,149600,Spain
5/30/2020,143800,145300,148100,Spain
5/31/2020,142500,144000,146800,Spain
6/1/2020,141400,142900,145700,Spain
6/2/2020,140400,141900,144700,Spain
6/3/2020,139500,141000,143800,Spain
6/4/2020,138500,140000,142800,Spain
6/5/2020,137400,138900,141700,Spain
6/6/2020,136300,137800,140500,Spain
6/7/2020,135200,136600,139300,Spain
6/8/2020,134000,135500,138200,Spain
6/9/2020,132800,134300,137000,Spain
6/10/2020,131500,133000,135700,Spain
6/11/2020,130200,131700,134400,Spain
6/12/2020,128900,130300,133000,Spain
6/13/2020,127500,128900,131603,Spain
6/14/2020,126100,127500,130200,Spain
6/15/2020,124600,126000,128700,Spain
6/16/2020,123200,124500,127200,Spain
6/17/2020,121600,123000,125700,Spain
6/18/2020,120200,121500,124100,Spain
6/19/2020,118600,119900,122600,Spain
6/20/2020,117100,118400,121100,Spain
6/21/2020,115500,116800,119500,Spain
6/22/2020,113900,115200,117800,Spain
6/23/2020,112200,113600,116200,Spain
6/24/2020,110600,112000,114600,Spain
6/25/2020,109000,110400,113000,Spain
6/26/2020,107400,108800,111200,Spain
6/27/2020,105800,107200,109600,Spain
6/28/2020,104200,105500,107900,Spain
6/29/2020,102600,103900,106300,Spain
6/30/2020,101000,102200,104700,Spain
7/1/2020,99300,100600,103100,Spain
7/2/2020,97700,98900,101400,Spain
7/3/2020,96100,97300,99600,Spain
7/4/2020,94500,95700,98000,Spain
7/5/2020,92800,94100,96400,Spain
7/6/2020,91200,92400,94800,Spain
7/7/2020,89600,90800,93200,Spain
7/8/2020,88100,89300,91500,Spain
7/9/2020,86500,87600,89800,Spain
7/10/2020,84900,86100,88300,Spain
7/11/2020,83400,84500,86700,Spain
7/12/2020,81800,83000,85200,Spain
7/13/2020,80300,81400,83700,Spain
7/14/2020,78800,80000,82103,Spain
7/15/2020,77300,78500,80600,Spain
7/16/2020,75800,77000,79100,Spain
7/17/2020,74400,75500,77600,Spain
7/18/2020,72900,74100,76200,Spain
7/19/2020,71500,72600,74700,Spain
7/20/2020,70100,71200,73300,Spain
7/21/2020,68700,69800,71900,Spain
7/22/2020,67300,68400,70500,Spain
7/23/2020,66000,67000,69100,Spain
7/24/2020,64600,65700,67600,Spain
7/25/2020,63300,64300,66300,Spain
7/26/2020,62000,63100,65000,Spain
7/27/2020,60700,61700,63600,Spain
7/28/2020,59500,60400,62400,Spain
7/29/2020,58200,59200,61100,Spain
7/30/2020,57000,58000,59800,Spain
7/31/2020,55800,56700,58600,Spain
8/1/2020,54600,55500,57400,Spain
8/2/2020,53400,54400,56200,Spain
8/3/2020,52300,53200,55000,Spain
8/4/2020,51100,52100,53900,Spain
8/5/2020,50000,51000,52700,Spain
8/6/2020,48900,49900,51600,Spain
8/7/2020,47900,48800,50500,Spain
8/8/2020,46800,47700,49500,Spain
8/9/2020,45800,46700,48400,Spain
8/10/2020,44800,45700,47400,Spain
8/11/2020,43800,44700,46400,Spain
8/12/2020,42900,43700,45400,Spain
8/13/2020,41900,42800,44400,Spain
8/14/2020,41000,41800,43400,Spain
8/15/2020,40100,40900,42500,Spain
8/16/2020,39200,40000,41500,Spain
8/17/2020,38300,39100,40600,Spain
8/18/2020,37400,38200,39700,Spain
8/19/2020,36500,37300,38900,Spain
8/20/2020,35700,36500,37900,Spain
8/21/2020,34900,35600,37100,Spain
8/22/2020,34000,34800,36200,Spain
8/23/2020,33200,34000,35400,Spain
8/24/2020,32400,33200,34600,Spain
8/25/2020,31700,32400,33800,Spain
8/26/2020,30900,31700,33003,Spain
8/27/2020,30200,31000,32300,Spain
8/28/2020,29500,30300,31600,Spain
8/29/2020,28800,29600,30900,Spain
8/30/2020,28200,28900,30200,Spain
8/31/2020,27500,28200,29600,Spain
9/1/2020,26900,27600,28900,Spain
9/2/2020,26300,27000,28300,Spain
9/3/2020,25700,26400,27700,Spain
9/4/2020,25200,25800,27100,Spain
9/5/2020,24600,25300,26500,Spain
9/6/2020,24100,24700,26000,Spain
9/7/2020,23600,24200,25400,Spain
9/8/2020,23000,23600,24800,Spain
9/9/2020,22500,23100,24300,Spain
9/10/2020,22000,22600,23800,Spain
9/11/2020,21500,22100,23300,Spain
9/12/2020,21100,21700,22800,Spain
9/13/2020,20600,21200,22300,Spain
9/14/2020,20100,20700,21800,Spain
9/15/2020,19600,20200,21300,Spain
9/16/2020,19200,19800,20803,Spain
9/17/2020,18700,19300,20400,Spain
9/18/2020,18300,18900,19900,Spain
9/19/2020,17900,18400,19500,Spain
9/20/2020,17400,18000,19000,Spain
9/21/2020,17000,17500,18600,Spain
9/22/2020,16600,17100,18100,Spain
9/23/2020,16100,16700,17700,Spain
9/24/2020,15700,16300,17300,Spain
9/25/2020,15300,15800,16800,Spain
9/26/2020,14900,15400,16400,Spain
9/27/2020,14500,15000,16000,Spain
9/28/2020,14100,14600,15600,Spain
9/29/2020,13700,14200,15100,Spain
9/30/2020,13300,13800,14700,Spain
10/1/2020,12900,13400,14300,Spain
10/2/2020,12500,13000,13900,Spain
10/3/2020,12100,12600,13500,Spain
10/4/2020,11800,12200,13100,Spain
10/5/2020,11400,11900,12800,Spain
10/6/2020,11100,11500,12400,Spain
10/7/2020,10800,11200,12100,Spain
10/8/2020,10500,10900,11800,Spain
10/9/2020,10200,10600,11400,Spain
10/10/2020,9900,10300,11200,Spain
10/11/2020,9600,10100,10900,Spain
10/12/2020,9400,9800,10600,Spain
10/13/2020,9100,9500,10300,Spain
10/14/2020,8900,9300,10000,Spain
10/15/2020,8600,9000,9800,Spain
10/16/2020,8400,8800,9600,Spain
10/17/2020,8200,8600,9300,Spain
10/18/2020,7900,8300,9100,Spain
10/19/2020,7700,8100,8800,Spain
10/20/2020,7500,7900,8600,Spain
10/21/2020,7300,7700,8400,Spain
10/22/2020,7100,7500,8200,Spain
10/23/2020,6900,7300,8000,Spain
10/24/2020,6700,7100,7800,Spain
10/25/2020,6500,6900,7600,Spain
10/26/2020,5900,6300,6900,Spain
10/27/2020,5300,5700,6300,Spain
10/28/2020,4800,5100,5700,Spain
10/29/2020,4300,4600,5200,Spain
10/30/2020,3800,4100,4700,Spain
10/31/2020,3300,3600,4200,Spain
11/1/2020,2900,3200,3800,Spain
11/2/2020,2500,2800,3400,Spain
11/3/2020,2200,2400,3000,Spain
11/4/2020,1900,2100,2600,Spain
11/5/2020,1600,1800,2300,Spain
11/6/2020,1400,1600,2000,Spain
11/7/2020,1200,1400,1800,Spain
11/8/2020,1000,1200,1600,Spain
11/9/2020,800,1000,1400,Spain
11/10/2020,700,900,1200,Spain
11/11/2020,600,700,1100,Spain
11/12/2020,500,600,900,Spain
11/13/2020,400,500,800,Spain
11/14/2020,300,500,700,Spain
11/15/2020,300,400,600,Spain
11/16/2020,200,300,600,Spain
11/17/2020,200,300,500,Spain
11/18/2020,200,300,400,Spain
11/19/2020,100,200,400,Spain
11/20/2020,100,200,400,Spain
11/21/2020,100,200,300,Spain
11/22/2020,100,200,300,Spain
11/23/2020,100,200,300,Spain
11/24/2020,100,100,300,Spain
11/25/2020,100,100,200,Spain
11/26/2020,100,100,200,Spain
11/27/2020,100,100,200,Spain
11/28/2020,100,100,200,Spain
11/29/2020,100,100,200,Spain
11/30/2020,100,100,200,Spain
12/1/2020,100,100,200,Spain
12/2/2020,100,100,200,Spain
12/3/2020,100,100,100,Spain
12/4/2020,100,100,100,Spain
12/5/2020,100,100,100,Spain
12/6/2020,100,100,100,Spain
12/7/2020,100,100,100,Spain
12/8/2020,100,100,100,Spain
12/9/2020,100,100,100,Spain
12/10/2020,100,100,100,Spain
12/11/2020,100,100,100,Spain
12/12/2020,100,100,100,Spain
12/13/2020,100,100,100,Spain
12/14/2020,100,100,100,Spain
12/15/2020,100,100,100,Spain
12/16/2020,100,100,100,Spain
12/17/2020,100,100,100,Spain
12/18/2020,100,100,100,Spain
12/19/2020,100,100,100,Spain
12/20/2020,100,100,100,Spain
12/21/2020,100,100,100,Spain
12/22/2020,100,100,100,Spain
12/23/2020,100,100,100,Spain
12/24/2020,100,100,100,Spain
12/25/2020,100,100,100,Spain
12/26/2020,100,100,100,Spain
12/27/2020,100,100,100,Spain
12/28/2020,100,100,100,Spain
12/29/2020,100,100,100,Spain
12/30/2020,100,100,100,Spain
12/31/2020,100,100,100,Spain
1/1/2021,100,100,100,Spain
1/2/2021,100,100,100,Spain
1/3/2021,100,100,100,Spain
1/4/2021,100,100,100,Spain
1/5/2021,100,100,100,Spain
1/6/2021,100,100,100,Spain
1/7/2021,100,100,100,Spain
1/8/2021,100,100,100,Spain
1/9/2021,100,100,100,Spain
4/9/2020,1700,1800,1800,Brazil
4/10/2020,3600,3700,3800,Brazil
4/11/2020,5600,5700,5900,Brazil
4/12/2020,7900,8000,8200,Brazil
4/13/2020,10200,10400,10600,Brazil
4/14/2020,12700,12900,13300,Brazil
4/15/2020,15400,15700,16100,Brazil
4/16/2020,18300,18600,19100,Brazil
4/17/2020,21400,21700,22300,Brazil
4/18/2020,24600,25000,25700,Brazil
4/19/2020,28100,28500,29300,Brazil
4/20/2020,31900,32300,33200,Brazil
4/21/2020,36000,36500,37400,Brazil
4/22/2020,40400,40900,41900,Brazil
4/23/2020,45100,45700,46800,Brazil
4/24/2020,50300,50900,52100,Brazil
4/25/2020,55900,56600,57900,Brazil
4/26/2020,62100,62800,64100,Brazil
4/27/2020,68800,69500,71000,Brazil
4/28/2020,76100,76900,78400,Brazil
4/29/2020,84200,85000,86600,Brazil
4/30/2020,93000,93900,95700,Brazil
5/1/2020,102600,103600,105400,Brazil
5/2/2020,113200,114200,116100,Brazil
5/3/2020,124700,125800,127700,Brazil
5/4/2020,137300,138400,140600,Brazil
5/5/2020,151100,152200,154500,Brazil
5/6/2020,166100,167300,169700,Brazil
5/7/2020,182500,183700,186200,Brazil
5/8/2020,200300,201600,204200,Brazil
5/9/2020,219700,221100,223800,Brazil
5/10/2020,240800,242300,245100,Brazil
5/11/2020,263600,265100,268000,Brazil
5/12/2020,288200,289800,293000,Brazil
5/13/2020,314800,316500,319800,Brazil
5/14/2020,343500,345300,348800,Brazil
5/15/2020,374300,376200,379700,Brazil
5/16/2020,407200,409100,412903,Brazil
5/17/2020,442300,444400,448200,Brazil
5/18/2020,479700,481900,485903,Brazil
5/19/2020,519400,521600,525800,Brazil
5/20/2020,561200,563600,567900,Brazil
5/21/2020,605100,607600,612100,Brazil
5/22/2020,651100,653700,658500,Brazil
5/23/2020,699000,701700,706700,Brazil
5/24/2020,748700,751400,756700,Brazil
5/25/2020,799900,802700,808100,Brazil
5/26/2020,852200,855200,860900,Brazil
5/27/2020,905300,908300,914200,Brazil
5/28/2020,958700,961900,967800,Brazil
5/29/2020,1012100,1015400,1021500,Brazil
5/30/2020,1065100,1068600,1074900,Brazil
5/31/2020,1117300,1120800,1127400,Brazil
6/1/2020,1167900,1171500,1178200,Brazil
6/2/2020,1216500,1220100,1227300,Brazil
6/3/2020,1262400,1266200,1273400,Brazil
6/4/2020,1305300,1309100,1316700,Brazil
6/5/2020,1344500,1348400,1356200,Brazil
6/6/2020,1379800,1383900,1391900,Brazil
6/7/2020,1410900,1414900,1423100,Brazil
6/8/2020,1437100,1441200,1449500,Brazil
6/9/2020,1458400,1462600,1471003,Brazil
6/10/2020,1474400,1478800,1487300,Brazil
6/11/2020,1485000,1489400,1497800,Brazil
6/12/2020,1490200,1494700,1503500,Brazil
6/13/2020,1490400,1494800,1503500,Brazil
6/14/2020,1485300,1489800,1498503,Brazil
6/15/2020,1475500,1480100,1488600,Brazil
6/16/2020,1460600,1465400,1474100,Brazil
6/17/2020,1441300,1445900,1454900,Brazil
6/18/2020,1417700,1422400,1431300,Brazil
6/19/2020,1390400,1395100,1404200,Brazil
6/20/2020,1359900,1364500,1373500,Brazil
6/21/2020,1326400,1331000,1340200,Brazil
6/22/2020,1290700,1295225,1304400,Brazil
6/23/2020,1252900,1257300,1266400,Brazil
6/24/2020,1213300,1217800,1226600,Brazil
6/25/2020,1172300,1176700,1185200,Brazil
6/26/2020,1130200,1134600,1143300,Brazil
6/27/2020,1087500,1091900,1100400,Brazil
6/28/2020,1044500,1048900,1057200,Brazil
6/29/2020,1001400,1005700,1013900,Brazil
6/30/2020,958600,962900,970700,Brazil
7/1/2020,916300,920400,928200,Brazil
7/2/2020,874600,878700,886400,Brazil
7/3/2020,833600,837800,845103,Brazil
7/4/2020,793600,797500,804900,Brazil
7/5/2020,754800,758600,765700,Brazil
7/6/2020,717100,720700,727903,Brazil
7/7/2020,680600,684200,691300,Brazil
7/8/2020,645500,649000,655900,Brazil
7/9/2020,611800,615200,622000,Brazil
7/10/2020,579400,582800,589400,Brazil
7/11/2020,548400,551700,558103,Brazil
7/12/2020,518700,522000,528200,Brazil
7/13/2020,490400,493600,499800,Brazil
7/14/2020,463400,466600,472600,Brazil
7/15/2020,437800,440800,446700,Brazil
7/16/2020,413500,416400,422100,Brazil
7/17/2020,390600,393400,398900,Brazil
7/18/2020,368700,371400,376800,Brazil
7/19/2020,348100,350700,356000,Brazil
7/20/2020,328500,331100,336200,Brazil
7/21/2020,310000,312600,317700,Brazil
7/22/2020,292500,295100,299900,Brazil
7/23/2020,276100,278500,283000,Brazil
7/24/2020,260500,262800,267400,Brazil
7/25/2020,245900,248100,252600,Brazil
7/26/2020,232100,234300,238600,Brazil
7/27/2020,219100,221200,225300,Brazil
7/28/2020,206900,208900,213000,Brazil
7/29/2020,195400,197300,201200,Brazil
7/30/2020,184500,186500,190100,Brazil
7/31/2020,174200,176100,179800,Brazil
8/1/2020,164600,166300,169900,Brazil
8/2/2020,155400,157125,160500,Brazil
8/3/2020,146800,148500,151800,Brazil
8/4/2020,138600,140300,143500,Brazil
8/5/2020,131000,132700,135703,Brazil
8/6/2020,123800,125400,128500,Brazil
8/7/2020,117100,118700,121500,Brazil
8/8/2020,110800,112300,115100,Brazil
8/9/2020,104800,106300,109000,Brazil
8/10/2020,99200,100600,103300,Brazil
8/11/2020,93800,95200,97800,Brazil
8/12/2020,88800,90100,92700,Brazil
8/13/2020,84000,85300,87800,Brazil
8/14/2020,79400,80700,83100,Brazil
8/15/2020,75200,76400,78700,Brazil
8/16/2020,71100,72300,74500,Brazil
8/17/2020,67300,68400,70600,Brazil
8/18/2020,63700,64800,66900,Brazil
8/19/2020,60300,61400,63500,Brazil
8/20/2020,57100,58200,60200,Brazil
8/21/2020,54100,55100,57100,Brazil
8/22/2020,51200,52300,54200,Brazil
8/23/2020,48600,49500,51400,Brazil
8/24/2020,46000,46900,48800,Brazil
8/25/2020,43600,44500,46300,Brazil
8/26/2020,41300,42200,44000,Brazil
8/27/2020,39100,39900,41600,Brazil
8/28/2020,37000,37800,39500,Brazil
8/29/2020,35000,35800,37500,Brazil
8/30/2020,33200,34000,35500,Brazil
8/31/2020,31400,32200,33700,Brazil
9/1/2020,29800,30600,32000,Brazil
9/2/2020,28300,29000,30400,Brazil
9/3/2020,26800,27500,28900,Brazil
9/4/2020,25400,26100,27400,Brazil
9/5/2020,24100,24800,26100,Brazil
9/6/2020,22800,23500,24800,Brazil
9/7/2020,21600,22200,23500,Brazil
9/8/2020,20400,21100,22300,Brazil
9/9/2020,19300,20000,21200,Brazil
9/10/2020,18300,18900,20100,Brazil
9/11/2020,17400,18000,19100,Brazil
9/12/2020,16500,17100,18100,Brazil
9/13/2020,15600,16200,17200,Brazil
9/14/2020,14800,15300,16400,Brazil
9/15/2020,14000,14500,15500,Brazil
9/16/2020,13300,13800,14800,Brazil
9/17/2020,12600,13100,14000,Brazil
9/18/2020,11900,12400,13300,Brazil
9/19/2020,11300,11800,12700,Brazil
9/20/2020,10700,11100,12000,Brazil
9/21/2020,10100,10600,11400,Brazil
9/22/2020,9600,10000,10900,Brazil
9/23/2020,9100,9500,10300,Brazil
9/24/2020,8600,9000,9800,Brazil
9/25/2020,8100,8500,9300,Brazil
9/26/2020,7700,8100,8900,Brazil
9/27/2020,7300,7600,8400,Brazil
9/28/2020,6900,7200,8000,Brazil
9/29/2020,6500,6800,7600,Brazil
9/30/2020,6100,6500,7200,Brazil
10/1/2020,5800,6100,6800,Brazil
10/2/2020,5500,5800,6500,Brazil
10/3/2020,5200,5500,6200,Brazil
10/4/2020,4900,5200,5900,Brazil
10/5/2020,4600,4900,5500,Brazil
10/6/2020,4300,4600,5200,Brazil
10/7/2020,4100,4400,5000,Brazil
10/8/2020,3900,4200,4700,Brazil
10/9/2020,3700,3900,4500,Brazil
10/10/2020,3500,3700,4300,Brazil
10/11/2020,3300,3500,4100,Brazil
10/12/2020,3100,3300,3900,Brazil
10/13/2020,2900,3100,3600,Brazil
10/14/2020,2700,2900,3400,Brazil
10/15/2020,2500,2700,3200,Brazil
10/16/2020,2300,2600,3000,Brazil
10/17/2020,2200,2400,2900,Brazil
10/18/2020,2000,2300,2700,Brazil
10/19/2020,1900,2100,2600,Brazil
10/20/2020,1800,2000,2400,Brazil
10/21/2020,1700,1900,2300,Brazil
10/22/2020,1600,1800,2200,Brazil
10/23/2020,1600,1700,2100,Brazil
10/24/2020,1500,1600,2000,Brazil
10/25/2020,1400,1500,1900,Brazil
10/26/2020,1200,1400,1700,Brazil
10/27/2020,1100,1300,1600,Brazil
10/28/2020,1000,1100,1400,Brazil
10/29/2020,900,1000,1300,Brazil
10/30/2020,700,900,1200,Brazil
10/31/2020,700,800,1100,Brazil
11/1/2020,600,700,1000,Brazil
11/2/2020,500,600,900,Brazil
11/3/2020,400,500,800,Brazil
11/4/2020,400,500,700,Brazil
11/5/2020,300,400,700,Brazil
11/6/2020,300,400,600,Brazil
11/7/2020,200,300,500,Brazil
11/8/2020,200,300,500,Brazil
11/9/2020,200,200,400,Brazil
11/10/2020,200,200,400,Brazil
11/11/2020,100,200,400,Brazil
11/12/2020,100,200,300,Brazil
11/13/2020,100,200,300,Brazil
11/14/2020,100,200,300,Brazil
11/15/2020,100,100,300,Brazil
11/16/2020,100,100,200,Brazil
11/17/2020,100,100,200,Brazil
11/18/2020,100,100,200,Brazil
11/19/2020,100,100,200,Brazil
11/20/2020,100,100,200,Brazil
11/21/2020,100,100,200,Brazil
11/22/2020,100,100,200,Brazil
11/23/2020,100,100,200,Brazil
11/24/2020,100,100,200,Brazil
11/25/2020,100,100,200,Brazil
11/26/2020,100,100,200,Brazil
11/27/2020,100,100,200,Brazil
11/28/2020,100,100,163,Brazil
11/29/2020,100,100,100,Brazil
11/30/2020,100,100,100,Brazil
12/1/2020,100,100,100,Brazil
12/2/2020,100,100,100,Brazil
12/3/2020,100,100,100,Brazil
12/4/2020,100,100,100,Brazil
12/5/2020,100,100,100,Brazil
12/6/2020,100,100,100,Brazil
12/7/2020,100,100,100,Brazil
12/8/2020,100,100,100,Brazil
12/9/2020,100,100,100,Brazil
12/10/2020,100,100,100,Brazil
12/11/2020,100,100,100,Brazil
12/12/2020,100,100,100,Brazil
12/13/2020,100,100,100,Brazil
12/14/2020,100,100,100,Brazil
12/15/2020,100,100,100,Brazil
12/16/2020,100,100,100,Brazil
12/17/2020,100,100,100,Brazil
12/18/2020,100,100,100,Brazil
12/19/2020,100,100,100,Brazil
4/8/2020,400,400,500,Ohio
4/9/2020,900,900,1000,Ohio
4/10/2020,1400,1400,1500,Ohio
4/11/2020,2000,2000,2100,Ohio
4/12/2020,2600,2600,2800,Ohio
4/13/2020,3200,3300,3500,Ohio
4/14/2020,3900,4000,4200,Ohio
4/15/2020,4600,4700,5000,Ohio
4/16/2020,5400,5500,5800,Ohio
4/17/2020,6200,6400,6700,Ohio
4/18/2020,7100,7300,7700,Ohio
4/19/2020,8000,8200,8600,Ohio
4/20/2020,9000,9300,9700,Ohio
4/21/2020,10100,10400,10900,Ohio
4/22/2020,11200,11500,12100,Ohio
4/23/2020,12500,12800,13400,Ohio
4/24/2020,13800,14200,14800,Ohio
4/25/2020,15300,15600,16300,Ohio
4/26/2020,16800,17200,17900,Ohio
4/27/2020,18500,18900,19700,Ohio
4/28/2020,20300,20700,21500,Ohio
4/29/2020,22300,22700,23500,Ohio
4/30/2020,24300,24800,25700,Ohio
5/1/2020,26600,27100,28000,Ohio
5/2/2020,28900,29500,30500,Ohio
5/3/2020,31500,32000,33100,Ohio
5/4/2020,34200,34800,35800,Ohio
5/5/2020,37100,37700,38800,Ohio
5/6/2020,40100,40700,41900,Ohio
5/7/2020,43300,43900,45200,Ohio
5/8/2020,46600,47300,48600,Ohio
5/9/2020,50100,50800,52000,Ohio
5/10/2020,53700,54400,55700,Ohio
5/11/2020,57400,58200,59600,Ohio
5/12/2020,61200,62000,63500,Ohio
5/13/2020,65100,65900,67400,Ohio
5/14/2020,69000,69800,71400,Ohio
5/15/2020,73000,73800,75400,Ohio
5/16/2020,76900,77800,79500,Ohio
5/17/2020,80700,81700,83400,Ohio
5/18/2020,84500,85500,87300,Ohio
5/19/2020,88200,89200,91100,Ohio
5/20/2020,91700,92700,94700,Ohio
5/21/2020,95000,96000,98000,Ohio
5/22/2020,98000,99100,101100,Ohio
5/23/2020,100800,101900,104000,Ohio
5/24/2020,103300,104400,106600,Ohio
5/25/2020,105400,106600,108800,Ohio
5/26/2020,107200,108400,110600,Ohio
5/27/2020,108700,109800,112000,Ohio
5/28/2020,109700,110900,113100,Ohio
5/29/2020,110400,111600,113900,Ohio
5/30/2020,110700,111900,114300,Ohio
5/31/2020,110600,111800,114200,Ohio
6/1/2020,110100,111300,113700,Ohio
6/2/2020,109200,110500,112900,Ohio
6/3/2020,108000,109300,111700,Ohio
6/4/2020,106500,107800,110203,Ohio
6/5/2020,104800,106000,108500,Ohio
6/6/2020,102700,104000,106500,Ohio
6/7/2020,100400,101700,104100,Ohio
6/8/2020,97900,99200,101700,Ohio
6/9/2020,95200,96500,98900,Ohio
6/10/2020,92400,93600,96000,Ohio
6/11/2020,89400,90600,93000,Ohio
6/12/2020,86400,87600,90000,Ohio
6/13/2020,83300,84500,86800,Ohio
6/14/2020,80100,81300,83600,Ohio
6/15/2020,76900,78100,80500,Ohio
6/16/2020,73800,74900,77200,Ohio
6/17/2020,70600,71800,74000,Ohio
6/18/2020,67500,68600,70800,Ohio
6/19/2020,64400,65600,67700,Ohio
6/20/2020,61400,62500,64600,Ohio
6/21/2020,58500,59600,61600,Ohio
6/22/2020,55600,56700,58600,Ohio
6/23/2020,52800,53900,55800,Ohio
6/24/2020,50200,51100,53000,Ohio
6/25/2020,47600,48500,50400,Ohio
6/26/2020,45100,46100,47900,Ohio
6/27/2020,42700,43600,45400,Ohio
6/28/2020,40400,41300,43000,Ohio
6/29/2020,38200,39100,40800,Ohio
6/30/2020,36100,37000,38600,Ohio
7/1/2020,34100,35000,36600,Ohio
7/2/2020,32200,33100,34600,Ohio
7/3/2020,30400,31300,32800,Ohio
7/4/2020,28700,29500,31000,Ohio
7/5/2020,27100,27800,29300,Ohio
7/6/2020,25600,26300,27700,Ohio
7/7/2020,24100,24800,26200,Ohio
7/8/2020,22800,23400,24800,Ohio
7/9/2020,21500,22100,23400,Ohio
7/10/2020,20200,20900,22100,Ohio
7/11/2020,19100,19700,20900,Ohio
7/12/2020,18000,18600,19800,Ohio
7/13/2020,17000,17600,18700,Ohio
7/14/2020,16000,16600,17700,Ohio
7/15/2020,15100,15700,16700,Ohio
7/16/2020,14200,14800,15900,Ohio
7/17/2020,13400,14000,15000,Ohio
7/18/2020,12600,13100,14100,Ohio
7/19/2020,11900,12400,13400,Ohio
7/20/2020,11200,11700,12700,Ohio
7/21/2020,10600,11000,12000,Ohio
7/22/2020,10000,10400,11300,Ohio
7/23/2020,9400,9900,10800,Ohio
7/24/2020,8900,9300,10100,Ohio
7/25/2020,8400,8800,9600,Ohio
7/26/2020,7900,8300,9100,Ohio
7/27/2020,7400,7800,8600,Ohio
7/28/2020,7000,7400,8100,Ohio
7/29/2020,6600,7000,7700,Ohio
7/30/2020,6200,6600,7300,Ohio
7/31/2020,5800,6200,6900,Ohio
8/1/2020,5500,5900,6500,Ohio
8/2/2020,5200,5500,6200,Ohio
8/3/2020,4900,5200,5800,Ohio
8/4/2020,4600,4900,5500,Ohio
8/5/2020,4300,4600,5200,Ohio
8/6/2020,4000,4300,4900,Ohio
8/7/2020,3800,4100,4700,Ohio
8/8/2020,3600,3900,4400,Ohio
8/9/2020,3400,3700,4200,Ohio
8/10/2020,3200,3400,4000,Ohio
8/11/2020,3000,3200,3700,Ohio
8/12/2020,2800,3000,3500,Ohio
8/13/2020,2600,2800,3300,Ohio
8/14/2020,2400,2600,3100,Ohio
8/15/2020,2200,2500,2900,Ohio
8/16/2020,2100,2300,2800,Ohio
8/17/2020,2000,2200,2600,Ohio
8/18/2020,1900,2100,2500,Ohio
8/19/2020,1800,2000,2400,Ohio
8/20/2020,1700,1900,2200,Ohio
8/21/2020,1600,1800,2100,Ohio
8/22/2020,1500,1700,2000,Ohio
8/23/2020,1400,1600,1900,Ohio
8/24/2020,1300,1400,1800,Ohio
8/25/2020,1100,1300,1700,Ohio
8/26/2020,1000,1200,1500,Ohio
8/27/2020,900,1100,1400,Ohio
8/28/2020,800,1000,1300,Ohio
8/29/2020,700,900,1200,Ohio
8/30/2020,600,800,1100,Ohio
8/31/2020,500,700,1000,Ohio
9/1/2020,500,600,900,Ohio
9/2/2020,400,500,800,Ohio
9/3/2020,300,500,700,Ohio
9/4/2020,300,400,600,Ohio
9/5/2020,200,300,600,Ohio
9/6/2020,200,300,500,Ohio
9/7/2020,200,300,500,Ohio
9/8/2020,200,200,400,Ohio
9/9/2020,100,200,400,Ohio
9/10/2020,100,200,300,Ohio
9/11/2020,100,200,300,Ohio
9/12/2020,100,200,300,Ohio
9/13/2020,100,100,300,Ohio
9/14/2020,100,100,300,Ohio
9/15/2020,100,100,200,Ohio
9/16/2020,100,100,200,Ohio
9/17/2020,100,100,200,Ohio
9/18/2020,100,100,200,Ohio
9/19/2020,100,100,200,Ohio
9/20/2020,100,100,200,Ohio
9/21/2020,100,100,200,Ohio
9/22/2020,100,100,200,Ohio
9/23/2020,100,100,200,Ohio
9/24/2020,100,100,100,Ohio
9/25/2020,100,100,100,Ohio
9/26/2020,100,100,100,Ohio
9/27/2020,100,100,100,Ohio
9/28/2020,100,100,100,Ohio
9/29/2020,100,100,100,Ohio
9/30/2020,100,100,100,Ohio
10/1/2020,100,100,100,Ohio
10/2/2020,100,100,100,Ohio
10/3/2020,100,100,100,Ohio
10/4/2020,100,100,100,Ohio
10/5/2020,100,100,100,Ohio
10/6/2020,100,100,100,Ohio
10/7/2020,100,100,100,Ohio
10/8/2020,100,100,100,Ohio
10/9/2020,100,100,100,Ohio
10/10/2020,100,100,100,Ohio
10/11/2020,100,100,100,Ohio
10/12/2020,100,100,100,Ohio
10/13/2020,100,100,100,Ohio
10/14/2020,100,100,100,Ohio
10/15/2020,100,100,100,Ohio
10/16/2020,100,100,100,Ohio
10/17/2020,100,100,100,Ohio
4/8/2020,13200,13300,13500,New York
4/9/2020,27000,27100,27400,New York
4/10/2020,41200,41500,41900,New York
4/11/2020,55800,56100,56700,New York
4/12/2020,70500,70900,71600,New York
4/13/2020,85000,85500,86500,New York
4/14/2020,99200,99800,101000,New York
4/15/2020,112900,113600,115000,New York
4/16/2020,126000,126800,128400,New York
4/17/2020,138200,139100,140900,New York
4/18/2020,149500,150600,152500,New York
4/19/2020,159900,161000,163100,New York
4/20/2020,169100,170300,172500,New York
4/21/2020,177100,178400,180703,New York
4/22/2020,183900,185300,187800,New York
4/23/2020,189500,191000,193700,New York
4/24/2020,193900,195400,198200,New York
4/25/2020,197100,198700,201600,New York
4/26/2020,199100,200600,203600,New York
4/27/2020,199900,201500,204700,New York
4/28/2020,199700,201200,204500,New York
4/29/2020,198400,200000,203200,New York
4/30/2020,196200,197900,201100,New York
5/1/2020,193200,194900,198100,New York
5/2/2020,189400,191125,194300,New York
5/3/2020,185000,186700,190000,New York
5/4/2020,179900,181700,184900,New York
5/5/2020,174500,176200,179400,New York
5/6/2020,168600,170300,173600,New York
5/7/2020,162500,164200,167400,New York
5/8/2020,156200,157800,160900,New York
5/9/2020,149600,151300,154400,New York
5/10/2020,143000,144600,147700,New York
5/11/2020,136400,138000,141000,New York
5/12/2020,129800,131400,134300,New York
5/13/2020,123300,124800,127700,New York
5/14/2020,116900,118400,121200,New York
5/15/2020,110700,112100,114900,New York
5/16/2020,104600,106000,108800,New York
5/17/2020,98700,100100,102800,New York
5/18/2020,93000,94400,97100,New York
5/19/2020,87600,89000,91500,New York
5/20/2020,82400,83700,86200,New York
5/21/2020,77400,78700,81100,New York
5/22/2020,72700,74000,76300,New York
5/23/2020,68200,69400,71700,New York
5/24/2020,64000,65100,67300,New York
5/25/2020,59900,61100,63200,New York
5/26/2020,56100,57200,59300,New York
5/27/2020,52600,53600,55700,New York
5/28/2020,49200,50200,52300,New York
5/29/2020,46000,47100,49000,New York
5/30/2020,43100,44100,45900,New York
5/31/2020,40300,41300,43100,New York
6/1/2020,37700,38600,40400,New York
6/2/2020,35300,36200,37800,New York
6/3/2020,33000,33800,35500,New York
6/4/2020,30900,31700,33300,New York
6/5/2020,28900,29700,31200,New York
6/6/2020,27000,27800,29200,New York
6/7/2020,25300,26000,27400,New York
6/8/2020,23700,24400,25800,New York
6/9/2020,22200,22900,24200,New York
6/10/2020,20700,21400,22700,New York
6/11/2020,19400,20100,21300,New York
6/12/2020,18200,18800,20100,New York
6/13/2020,17000,17600,18800,New York
6/14/2020,16000,16500,17700,New York
6/15/2020,15000,15500,16600,New York
6/16/2020,14000,14600,15600,New York
6/17/2020,13100,13700,14700,New York
6/18/2020,12300,12800,13900,New York
6/19/2020,11500,12000,13000,New York
6/20/2020,10800,11300,12300,New York
6/21/2020,10200,10600,11600,New York
6/22/2020,9500,10000,10900,New York
6/23/2020,8900,9400,10200,New York
6/24/2020,8400,8800,9600,New York
6/25/2020,7900,8300,9100,New York
6/26/2020,7400,7800,8600,New York
6/27/2020,6900,7300,8000,New York
6/28/2020,6500,6800,7600,New York
6/29/2020,6100,6400,7200,New York
6/30/2020,5700,6100,6800,New York
7/1/2020,5300,5700,6400,New York
7/2/2020,5000,5300,6000,New York
7/3/2020,4600,5000,5600,New York
7/4/2020,4400,4700,5300,New York
7/5/2020,4100,4400,5000,New York
7/6/2020,3800,4100,4700,New York
7/7/2020,3600,3900,4500,New York
7/8/2020,3400,3700,4200,New York
7/9/2020,3100,3400,3900,New York
7/10/2020,2900,3200,3700,New York
7/11/2020,2700,2900,3400,New York
7/12/2020,2500,2700,3200,New York
7/13/2020,2300,2600,3000,New York
7/14/2020,2200,2400,2800,New York
7/15/2020,2000,2300,2700,New York
7/16/2020,1900,2100,2500,New York
7/17/2020,1800,2000,2400,New York
7/18/2020,1700,1900,2300,New York
7/19/2020,1600,1800,2200,New York
7/20/2020,1500,1700,2100,New York
7/21/2020,1400,1600,1900,New York
7/22/2020,1200,1400,1800,New York
7/23/2020,1100,1300,1600,New York
7/24/2020,1000,1200,1500,New York
7/25/2020,900,1000,1400,New York
7/26/2020,800,900,1200,New York
7/27/2020,700,800,1100,New York
7/28/2020,600,700,1000,New York
7/29/2020,500,600,900,New York
7/30/2020,400,600,800,New York
7/31/2020,400,500,700,New York
8/1/2020,300,400,700,New York
8/2/2020,300,400,600,New York
8/3/2020,200,300,500,New York
8/4/2020,200,300,500,New York
8/5/2020,200,300,400,New York
8/6/2020,200,200,400,New York
8/7/2020,100,200,400,New York
8/8/2020,100,200,300,New York
8/9/2020,100,200,300,New York
8/10/2020,100,200,300,New York
8/11/2020,100,100,300,New York
8/12/2020,100,100,300,New York
8/13/2020,100,100,200,New York
8/14/2020,100,100,200,New York
8/15/2020,100,100,200,New York
8/16/2020,100,100,200,New York
8/17/2020,100,100,200,New York
8/18/2020,100,100,200,New York
8/19/2020,100,100,200,New York
8/20/2020,100,100,200,New York
8/21/2020,100,100,200,New York
8/22/2020,100,100,100,New York
8/23/2020,100,100,100,New York
8/24/2020,100,100,100,New York
8/25/2020,100,100,100,New York
8/26/2020,100,100,100,New York
8/27/2020,100,100,100,New York
8/28/2020,100,100,100,New York
8/29/2020,100,100,100,New York
8/30/2020,100,100,100,New York
8/31/2020,100,100,100,New York
9/1/2020,100,100,100,New York
9/2/2020,100,100,100,New York
9/3/2020,100,100,100,New York
9/4/2020,100,100,100,New York
9/5/2020,100,100,100,New York
9/6/2020,100,100,100,New York
9/7/2020,100,100,100,New York
9/8/2020,100,100,100,New York
9/9/2020,100,100,100,New York
9/10/2020,100,100,100,New York
9/11/2020,100,100,100,New York
9/12/2020,100,100,100,New York
9/13/2020,100,100,100,New York
9/14/2020,100,100,100,New York
9/15/2020,100,100,100,New York
9/16/2020,100,100,100,New York
9/17/2020,100,100,100,New York
9/18/2020,100,100,100,New York
9/19/2020,100,100,100,New York
9/20/2020,100,100,100,New York
9/21/2020,100,100,100,New York
9/22/2020,100,100,100,New York
9/23/2020,100,100,100,New York
9/24/2020,100,100,100,New York
9/25/2020,100,100,100,New York
4/8/2020,600,700,700,California
4/9/2020,1300,1400,1400,California
4/10/2020,2000,2100,2200,California
4/11/2020,2800,2800,3000,California
4/12/2020,3500,3600,3800,California
4/13/2020,4300,4400,4700,California
4/14/2020,5100,5300,5500,California
4/15/2020,6000,6100,6400,California
4/16/2020,6800,7000,7400,California
4/17/2020,7700,7900,8300,California
4/18/2020,8600,8800,9200,California
4/19/2020,9500,9800,10200,California
4/20/2020,10400,10700,11200,California
4/21/2020,11400,11700,12300,California
4/22/2020,12400,12700,13400,California
4/23/2020,13500,13800,14500,California
4/24/2020,14600,14900,15600,California
4/25/2020,15700,16100,16800,California
4/26/2020,16900,17300,18100,California
4/27/2020,18200,18600,19400,California
4/28/2020,19500,20000,20800,California
4/29/2020,20900,21400,22300,California
4/30/2020,22400,22900,23800,California
5/1/2020,24000,24500,25400,California
5/2/2020,25600,26200,27200,California
5/3/2020,27400,27900,28900,California
5/4/2020,29300,29800,30900,California
5/5/2020,31200,31800,32900,California
5/6/2020,33300,33900,35000,California
5/7/2020,35500,36100,37300,California
5/8/2020,37800,38400,39600,California
5/9/2020,40200,40900,42100,California
5/10/2020,42800,43500,44700,California
5/11/2020,45500,46200,47600,California
5/12/2020,48300,49000,50400,California
5/13/2020,51300,52100,53500,California
5/14/2020,54500,55200,56700,California
5/15/2020,57800,58600,60000,California
5/16/2020,61200,62000,63500,California
5/17/2020,64800,65600,67200,California
5/18/2020,68500,69400,71100,California
5/19/2020,72400,73300,75000,California
5/20/2020,76500,77400,79100,California
5/21/2020,80700,81600,83400,California
5/22/2020,85100,86000,87900,California
5/23/2020,89600,90500,92500,California
5/24/2020,94200,95200,97200,California
5/25/2020,99000,100000,102000,California
5/26/2020,103900,105000,107100,California
5/27/2020,108900,110000,112200,California
5/28/2020,114000,115100,117300,California
5/29/2020,119200,120400,122700,California
5/30/2020,124500,125700,128000,California
5/31/2020,129800,131000,133400,California
6/1/2020,135200,136400,138800,California
6/2/2020,140500,141800,144300,California
6/3/2020,145800,147200,149700,California
6/4/2020,151200,152500,155100,California
6/5/2020,156500,157800,160500,California
6/6/2020,161700,163025,165800,California
6/7/2020,166700,168200,170900,California
6/8/2020,171700,173200,175900,California
6/9/2020,176500,178000,180800,California
6/10/2020,181100,182600,185500,California
6/11/2020,185400,187000,189900,California
6/12/2020,189600,191100,194100,California
6/13/2020,193400,195000,198000,California
6/14/2020,197000,198600,201600,California
6/15/2020,200200,201800,205000,California
6/16/2020,203100,204800,207900,California
6/17/2020,205800,207400,210503,California
6/18/2020,208000,209700,212900,California
6/19/2020,209800,211600,214800,California
6/20/2020,211300,213000,216400,California
6/21/2020,212300,214100,217500,California
6/22/2020,212900,214800,218200,California
6/23/2020,213300,215000,218500,California
6/24/2020,213200,215000,218400,California
6/25/2020,212700,214500,217800,California
6/26/2020,211900,213700,217100,California
6/27/2020,210700,212500,215900,California
6/28/2020,209200,211000,214303,California
6/29/2020,206000,207800,211300,California
6/30/2020,203600,205300,208800,California
7/1/2020,201200,203000,206300,California
7/2/2020,198500,200300,203600,California
7/3/2020,195500,197300,200600,California
7/4/2020,192300,194100,197400,California
7/5/2020,189000,190700,194000,California
7/6/2020,185400,187100,190400,California
7/7/2020,181600,183300,186700,California
7/8/2020,177700,179400,182700,California
7/9/2020,173700,175400,178700,California
7/10/2020,169600,171200,174400,California
7/11/2020,165400,167000,170200,California
7/12/2020,161100,162700,165900,California
7/13/2020,156700,158400,161600,California
7/14/2020,152400,154000,157200,California
7/15/2020,148100,149600,152703,California
7/16/2020,143700,145200,148300,California
7/17/2020,139300,140900,143900,California
7/18/2020,134900,136500,139500,California
7/19/2020,130600,132100,135100,California
7/20/2020,126400,127900,130700,California
7/21/2020,122200,123600,126400,California
7/22/2020,118000,119400,122200,California
7/23/2020,113900,115300,118000,California
7/24/2020,109900,111300,114000,California
7/25/2020,106000,107400,110100,California
7/26/2020,102200,103600,106100,California
7/27/2020,98400,99800,102400,California
7/28/2020,94800,96100,98700,California
7/29/2020,91250,92600,95000,California
7/30/2020,87800,89100,91500,California
7/31/2020,84400,85700,88100,California
8/1/2020,81200,82400,84800,California
8/2/2020,78000,79200,81500,California
8/3/2020,75000,76100,78400,California
8/4/2020,72000,73200,75400,California
8/5/2020,69200,70300,72400,California
8/6/2020,66400,67600,69600,California
8/7/2020,63700,64900,67000,California
8/8/2020,61200,62300,64303,California
8/9/2020,58700,59800,61800,California
8/10/2020,56300,57400,59303,California
8/11/2020,54100,55100,57000,California
8/12/2020,51800,52800,54700,California
8/13/2020,49700,50700,52500,California
8/14/2020,47600,48600,50400,California
8/15/2020,45700,46600,48400,California
8/16/2020,43800,44700,46400,California
8/17/2020,42000,42900,44500,California
8/18/2020,40300,41100,42800,California
8/19/2020,38600,39500,41100,California
8/20/2020,37000,37800,39400,California
8/21/2020,35500,36300,37900,California
8/22/2020,34000,34800,36400,California
8/23/2020,32600,33400,34900,California
8/24/2020,31300,32000,33500,California
8/25/2020,30000,30700,32100,California
8/26/2020,28700,29400,30900,California
8/27/2020,27500,28200,29600,California
8/28/2020,26300,27000,28400,California
8/29/2020,25200,25900,27300,California
8/30/2020,24200,24800,26100,California
8/31/2020,23100,23800,25100,California
9/1/2020,22100,22800,24000,California
9/2/2020,21200,21800,23100,California
9/3/2020,20300,20900,22200,California
9/4/2020,19500,20100,21200,California
9/5/2020,18600,19200,20400,California
9/6/2020,17900,18500,19600,California
9/7/2020,17100,17700,18800,California
9/8/2020,16400,17000,18000,California
9/9/2020,15700,16300,17300,California
9/10/2020,15100,15600,16600,California
9/11/2020,14400,14900,16000,California
9/12/2020,13800,14300,15300,California
9/13/2020,13200,13700,14700,California
9/14/2020,12700,13100,14100,California
9/15/2020,12100,12600,13500,California
9/16/2020,11600,12000,13000,California
9/17/2020,11000,11500,12400,California
9/18/2020,10500,10900,11800,California
9/19/2020,10000,10500,11300,California
9/20/2020,9500,10000,10800,California
9/21/2020,9100,9500,10300,California
9/22/2020,8700,9100,9900,California
9/23/2020,8300,8700,9500,California
9/24/2020,8000,8300,9100,California
9/25/2020,7600,8000,8700,California
9/26/2020,7200,7600,8300,California
9/27/2020,6900,7300,8000,California
9/28/2020,6600,7000,7700,California
9/29/2020,6300,6700,7400,California
9/30/2020,6000,6400,7100,California
10/1/2020,5800,6100,6700,California
10/2/2020,5500,5800,6500,California
10/3/2020,5200,5600,6200,California
10/4/2020,5000,5300,6000,California
10/5/2020,4800,5100,5700,California
10/6/2020,4600,4900,5500,California
10/7/2020,4400,4700,5300,California
10/8/2020,4100,4400,5000,California
10/9/2020,3900,4200,4800,California
10/10/2020,3700,4000,4600,California
10/11/2020,3600,3800,4400,California
10/12/2020,3400,3700,4200,California
10/13/2020,3300,3500,4000,California
10/14/2020,3100,3400,3900,California
10/15/2020,3000,3200,3700,California
10/16/2020,2900,3100,3600,California
10/17/2020,2700,2900,3400,California
10/18/2020,2500,2800,3200,California
10/19/2020,2400,2600,3100,California
10/20/2020,2200,2500,2900,California
10/21/2020,2100,2300,2800,California
10/22/2020,2000,2200,2600,California
10/23/2020,1900,2100,2500,California
10/24/2020,1800,2000,2400,California
10/25/2020,1600,1800,2200,California
10/26/2020,1400,1600,2000,California
10/27/2020,1300,1500,1800,California
10/28/2020,1100,1300,1600,California
10/29/2020,1000,1200,1500,California
10/30/2020,900,1000,1300,California
10/31/2020,700,900,1200,California
11/1/2020,600,800,1100,California
11/2/2020,600,700,1000,California
11/3/2020,500,600,900,California
11/4/2020,400,500,800,California
11/5/2020,300,500,700,California
11/6/2020,300,400,600,California
11/7/2020,200,300,600,California
11/8/2020,200,300,500,California
11/9/2020,200,300,500,California
11/10/2020,200,200,400,California
11/11/2020,100,200,400,California
11/12/2020,100,200,300,California
11/13/2020,100,200,300,California
11/14/2020,100,200,300,California
11/15/2020,100,100,300,California
11/16/2020,100,100,200,California
11/17/2020,100,100,200,California
11/18/2020,100,100,200,California
11/19/2020,100,100,200,California
11/20/2020,100,100,200,California
11/21/2020,100,100,200,California
11/22/2020,100,100,200,California
11/23/2020,100,100,200,California
11/24/2020,100,100,200,California
11/25/2020,100,100,200,California
11/26/2020,100,100,200,California
11/27/2020,100,100,100,California
11/28/2020,100,100,100,California
11/29/2020,100,100,100,California
11/30/2020,100,100,100,California
12/1/2020,100,100,100,California
12/2/2020,100,100,100,California
12/3/2020,100,100,100,California
12/4/2020,100,100,100,California
12/5/2020,100,100,100,California
12/6/2020,100,100,100,California
12/7/2020,100,100,100,California
12/8/2020,100,100,100,California
12/9/2020,100,100,100,California
12/10/2020,100,100,100,California
12/11/2020,100,100,100,California
12/12/2020,100,100,100,California
12/13/2020,100,100,100,California
12/14/2020,100,100,100,California
12/15/2020,100,100,100,California
12/16/2020,100,100,100,California
12/17/2020,100,100,100,California
12/18/2020,100,100,100,California
12/19/2020,100,100,100,California
12/20/2020,100,100,100,California
12/21/2020,100,100,100,California
12/22/2020,100,100,100,California
12/23/2020,100,100,100,California
12/24/2020,100,100,100,California
12/25/2020,100,100,100,California
12/26/2020,100,100,100,California
12/27/2020,100,100,100,California
12/28/2020,100,100,100,California
12/29/2020,100,100,100,California
4/9/2020,5100,5200,5300,Italy
4/10/2020,9800,9900,10100,Italy
4/11/2020,14100,14200,14400,Italy
4/12/2020,17900,18000,18400,Italy
4/13/2020,21200,21400,21800,Italy
4/14/2020,24000,24300,24800,Italy
4/15/2020,26300,26700,27300,Italy
4/16/2020,28200,28600,29300,Italy
4/17/2020,29600,30000,30900,Italy
4/18/2020,30500,31000,32000,Italy
4/19/2020,31100,31600,32700,Italy
4/20/2020,31300,31900,33000,Italy
4/21/2020,31300,31900,33000,Italy
4/22/2020,31000,31600,32800,Italy
4/23/2020,30400,31100,32300,Italy
4/24/2020,29700,30300,31600,Italy
4/25/2020,28800,29400,30700,Italy
4/26/2020,27800,28500,29800,Italy
4/27/2020,26700,27400,28700,Italy
4/28/2020,25500,26200,27503,Italy
4/29/2020,24400,25100,26300,Italy
4/30/2020,23200,23900,25100,Italy
5/1/2020,22000,22700,23900,Italy
5/2/2020,20800,21500,22700,Italy
5/3/2020,19600,20300,21500,Italy
5/4/2020,18500,19100,20303,Italy
5/5/2020,17400,18000,19200,Italy
5/6/2020,16400,16900,18100,Italy
5/7/2020,15300,15900,17000,Italy
5/8/2020,14400,14900,16000,Italy
5/9/2020,13400,14000,15100,Italy
5/10/2020,12500,13100,14100,Italy
5/11/2020,11700,12200,13200,Italy
5/12/2020,11000,11500,12400,Italy
5/13/2020,10200,10700,11600,Italy
5/14/2020,9500,10000,10800,Italy
5/15/2020,8800,9300,10100,Italy
5/16/2020,8200,8600,9500,Italy
5/17/2020,7600,8000,8800,Italy
5/18/2020,7100,7500,8300,Italy
5/19/2020,6600,7000,7700,Italy
5/20/2020,6100,6500,7200,Italy
5/21/2020,5600,6000,6700,Italy
5/22/2020,5200,5600,6300,Italy
5/23/2020,4800,5200,5800,Italy
5/24/2020,4500,4800,5400,Italy
5/25/2020,4200,4500,5100,Italy
5/26/2020,3800,4100,4700,Italy
5/27/2020,3500,3800,4400,Italy
5/28/2020,3200,3500,4003,Italy
5/29/2020,2900,3200,3700,Italy
5/30/2020,2700,3000,3500,Italy
5/31/2020,2500,2700,3200,Italy
6/1/2020,2300,2500,3000,Italy
6/2/2020,2100,2400,2800,Italy
6/3/2020,2000,2200,2700,Italy
6/4/2020,1800,2000,2500,Italy
6/5/2020,1600,1800,2300,Italy
6/6/2020,1500,1700,2100,Italy
6/7/2020,1300,1500,1900,Italy
6/8/2020,1100,1300,1700,Italy
6/9/2020,1000,1200,1500,Italy
6/10/2020,900,1000,1400,Italy
6/11/2020,700,900,1200,Italy
6/12/2020,600,800,1100,Italy
6/13/2020,500,700,1000,Italy
6/14/2020,500,600,900,Italy
6/15/2020,400,500,800,Italy
6/16/2020,300,500,700,Italy
6/17/2020,300,400,600,Italy
6/18/2020,200,300,600,Italy
6/19/2020,200,300,500,Italy
6/20/2020,200,300,500,Italy
6/21/2020,200,200,400,Italy
6/22/2020,100,200,400,Italy
6/23/2020,100,200,300,Italy
6/24/2020,100,200,300,Italy
6/25/2020,100,200,300,Italy
6/26/2020,100,100,300,Italy
6/27/2020,100,100,300,Italy
6/28/2020,100,100,200,Italy
6/29/2020,100,100,200,Italy
6/30/2020,100,100,200,Italy
7/1/2020,100,100,200,Italy
7/2/2020,100,100,200,Italy
7/3/2020,100,100,200,Italy
7/4/2020,100,100,200,Italy
7/5/2020,100,100,200,Italy
7/6/2020,100,100,200,Italy
7/7/2020,100,100,200,Italy
7/8/2020,100,100,178,Italy
7/9/2020,100,100,100,Italy
7/10/2020,100,100,100,Italy
7/11/2020,100,100,100,Italy
7/12/2020,100,100,100,Italy
7/13/2020,100,100,100,Italy
7/14/2020,100,100,100,Italy
7/15/2020,100,100,100,Italy
7/16/2020,100,100,100,Italy
7/17/2020,100,100,100,Italy
7/18/2020,100,100,100,Italy
7/19/2020,100,100,100,Italy
7/20/2020,100,100,100,Italy
7/21/2020,100,100,100,Italy
7/22/2020,100,100,100,Italy
7/23/2020,100,100,100,Italy
7/24/2020,100,100,100,Italy
7/25/2020,100,100,100,Italy
7/26/2020,100,100,100,Italy
7/27/2020,100,100,100,Italy
7/28/2020,100,100,100,Italy
7/29/2020,100,100,100,Italy
7/30/2020,100,100,100,Italy
7/31/2020,100,100,100,Italy
8/1/2020,100,100,100,Italy
8/2/2020,100,100,100,Italy
8/3/2020,100,100,100,Italy
4/9/2020,600,600,600,Iran
4/10/2020,1100,1200,1200,Iran
4/11/2020,1600,1700,1800,Iran
4/12/2020,2100,2200,2400,Iran
4/13/2020,2600,2700,2900,Iran
4/14/2020,3000,3100,3300,Iran
4/15/2020,3400,3600,3800,Iran
4/16/2020,3800,3900,4200,Iran
4/17/2020,4100,4300,4600,Iran
4/18/2020,4400,4600,4900,Iran
4/19/2020,4600,4800,5200,Iran
4/20/2020,4800,5000,5400,Iran
4/21/2020,5000,5200,5700,Iran
4/22/2020,5200,5400,5800,Iran
4/23/2020,5300,5500,6000,Iran
4/24/2020,5400,5700,6200,Iran
4/25/2020,5500,5800,6300,Iran
4/26/2020,5600,5800,6400,Iran
4/27/2020,5600,5900,6400,Iran
4/28/2020,5700,5900,6500,Iran
4/29/2020,5700,6000,6500,Iran
4/30/2020,5700,6000,6500,Iran
5/1/2020,5700,6000,6500,Iran
5/2/2020,5700,5900,6500,Iran
5/3/2020,5600,5900,6500,Iran
5/4/2020,5600,5900,6500,Iran
5/5/2020,5500,5800,6400,Iran
5/6/2020,5500,5800,6400,Iran
5/7/2020,5400,5700,6300,Iran
5/8/2020,5400,5700,6300,Iran
5/9/2020,5300,5600,6200,Iran
5/10/2020,5300,5600,6100,Iran
5/11/2020,5200,5500,6100,Iran
5/12/2020,5200,5500,6000,Iran
5/13/2020,5100,5400,6000,Iran
5/14/2020,5100,5400,5900,Iran
5/15/2020,5000,5300,5900,Iran
5/16/2020,5000,5300,5800,Iran
5/17/2020,5000,5300,5800,Iran
5/18/2020,4900,5200,5800,Iran
5/19/2020,4900,5200,5700,Iran
5/20/2020,4900,5200,5700,Iran
5/21/2020,4800,5100,5600,Iran
5/22/2020,4800,5100,5600,Iran
5/23/2020,4800,5100,5600,Iran
5/24/2020,4700,5000,5500,Iran
5/25/2020,4700,5000,5500,Iran
5/26/2020,4700,4900,5500,Iran
5/27/2020,4600,4900,5400,Iran
5/28/2020,4600,4800,5400,Iran
5/29/2020,4500,4800,5300,Iran
5/30/2020,4400,4700,5200,Iran
5/31/2020,4400,4700,5200,Iran
6/1/2020,4300,4600,5100,Iran
6/2/2020,4200,4500,5000,Iran
6/3/2020,4200,4500,5000,Iran
6/4/2020,4100,4400,4900,Iran
6/5/2020,4100,4300,4900,Iran
6/6/2020,4000,4300,4800,Iran
6/7/2020,4000,4200,4700,Iran
6/8/2020,3900,4200,4700,Iran
6/9/2020,3900,4100,4600,Iran
6/10/2020,3800,4100,4600,Iran
6/11/2020,3800,4100,4500,Iran
6/12/2020,3800,4000,4500,Iran
6/13/2020,3700,4000,4500,Iran
6/14/2020,3700,4000,4500,Iran
6/15/2020,3700,3900,4400,Iran
6/16/2020,3700,3900,4400,Iran
6/17/2020,3700,3900,4400,Iran
6/18/2020,3600,3900,4400,Iran
6/19/2020,3600,3900,4300,Iran
6/20/2020,3600,3800,4300,Iran
6/21/2020,3600,3800,4300,Iran
6/22/2020,3600,3800,4300,Iran
6/23/2020,3500,3800,4200,Iran
6/24/2020,3500,3700,4200,Iran
6/25/2020,3500,3700,4200,Iran
6/26/2020,3400,3700,4100,Iran
6/27/2020,3400,3600,4100,Iran
6/28/2020,3300,3600,4100,Iran
6/29/2020,3300,3500,4000,Iran
6/30/2020,3200,3500,4000,Iran
7/1/2020,3200,3400,3900,Iran
7/2/2020,3100,3400,3800,Iran
7/3/2020,3100,3300,3800,Iran
7/4/2020,3000,3200,3700,Iran
7/5/2020,2900,3200,3600,Iran
7/6/2020,2900,3100,3600,Iran
7/7/2020,2800,3100,3500,Iran
7/8/2020,2800,3000,3500,Iran
7/9/2020,2700,3000,3400,Iran
7/10/2020,2700,2900,3300,Iran
7/11/2020,2700,2900,3300,Iran
7/12/2020,2600,2800,3300,Iran
7/13/2020,2600,2800,3200,Iran
7/14/2020,2600,2800,3200,Iran
7/15/2020,2500,2800,3100,Iran
7/16/2020,2500,2700,3100,Iran
7/17/2020,2500,2700,3100,Iran
7/18/2020,2500,2700,3100,Iran
7/19/2020,2500,2700,3100,Iran
7/20/2020,2500,2700,3000,Iran
7/21/2020,2500,2600,3000,Iran
7/22/2020,2400,2600,3000,Iran
7/23/2020,2400,2600,3000,Iran
7/24/2020,2400,2600,3000,Iran
7/25/2020,2400,2600,3000,Iran
7/26/2020,2400,2600,3000,Iran
7/27/2020,2400,2600,3000,Iran
7/28/2020,2400,2600,3000,Iran
7/29/2020,2400,2600,3000,Iran
7/30/2020,2400,2600,3000,Iran
7/31/2020,2400,2600,2900,Iran
8/1/2020,2400,2600,2900,Iran
8/2/2020,2400,2500,2900,Iran
8/3/2020,2300,2500,2900,Iran
8/4/2020,2300,2500,2900,Iran
8/5/2020,2300,2500,2900,Iran
8/6/2020,2300,2500,2900,Iran
8/7/2020,2200,2400,2800,Iran
8/8/2020,2200,2400,2800,Iran
8/9/2020,2200,2400,2800,Iran
8/10/2020,2100,2300,2700,Iran
8/11/2020,2100,2300,2700,Iran
8/12/2020,2000,2300,2600,Iran
8/13/2020,2000,2200,2600,Iran
8/14/2020,2000,2200,2500,Iran
8/15/2020,1900,2100,2500,Iran
8/16/2020,1900,2100,2500,Iran
8/17/2020,1800,2000,2400,Iran
8/18/2020,1800,1900,2300,Iran
8/19/2020,1700,1900,2300,Iran
8/20/2020,1600,1800,2200,Iran
8/21/2020,1600,1800,2200,Iran
8/22/2020,1600,1700,2100,Iran
8/23/2020,1500,1700,2000,Iran
8/24/2020,1500,1700,2000,Iran
8/25/2020,1400,1600,2000,Iran
8/26/2020,1400,1600,1900,Iran
8/27/2020,1400,1500,1900,Iran
8/28/2020,1400,1500,1800,Iran
8/29/2020,1300,1500,1800,Iran
8/30/2020,1300,1500,1800,Iran
8/31/2020,1300,1500,1800,Iran
9/1/2020,1300,1400,1700,Iran
9/2/2020,1300,1400,1700,Iran
9/3/2020,1300,1400,1700,Iran
9/4/2020,1300,1400,1700,Iran
9/5/2020,1200,1400,1700,Iran
9/6/2020,1200,1400,1600,Iran
9/7/2020,1200,1400,1600,Iran
9/8/2020,1200,1400,1600,Iran
9/9/2020,1200,1400,1600,Iran
9/10/2020,1200,1300,1600,Iran
9/11/2020,1200,1300,1600,Iran
9/12/2020,1200,1300,1600,Iran
9/13/2020,1200,1300,1600,Iran
9/14/2020,1200,1300,1600,Iran
9/15/2020,1200,1300,1600,Iran
9/16/2020,1200,1300,1600,Iran
9/17/2020,1200,1300,1600,Iran
9/18/2020,1200,1300,1600,Iran
9/19/2020,1200,1300,1600,Iran
9/20/2020,1200,1300,1600,Iran
9/21/2020,1200,1300,1600,Iran
9/22/2020,1200,1300,1600,Iran
9/23/2020,1200,1300,1600,Iran
9/24/2020,1200,1300,1600,Iran
9/25/2020,1200,1300,1600,Iran
9/26/2020,1200,1300,1600,Iran
9/27/2020,1200,1300,1600,Iran
9/28/2020,1200,1300,1600,Iran
9/29/2020,1200,1300,1600,Iran
9/30/2020,1200,1300,1600,Iran
10/1/2020,1200,1300,1600,Iran
10/2/2020,1200,1300,1600,Iran
10/3/2020,1200,1300,1600,Iran
10/4/2020,1200,1300,1600,Iran
10/5/2020,1200,1300,1600,Iran
10/6/2020,1200,1300,1600,Iran
10/7/2020,1200,1300,1600,Iran
10/8/2020,1200,1300,1600,Iran
10/9/2020,1100,1300,1600,Iran
10/10/2020,1100,1300,1500,Iran
10/11/2020,1100,1300,1500,Iran
10/12/2020,1100,1300,1500,Iran
10/13/2020,1100,1200,1500,Iran
10/14/2020,1100,1200,1500,Iran
10/15/2020,1100,1200,1500,Iran
10/16/2020,1000,1200,1500,Iran
10/17/2020,1000,1200,1400,Iran
10/18/2020,1000,1100,1400,Iran
10/19/2020,900,1100,1400,Iran
10/20/2020,900,1100,1400,Iran
10/21/2020,900,1000,1300,Iran
10/22/2020,800,1000,1300,Iran
10/23/2020,800,900,1200,Iran
10/24/2020,800,900,1200,Iran
10/25/2020,700,900,1200,Iran
10/26/2020,600,800,1100,Iran
10/27/2020,600,700,1000,Iran
10/28/2020,500,600,900,Iran
10/29/2020,500,600,800,Iran
10/30/2020,400,500,800,Iran
10/31/2020,300,500,700,Iran
11/1/2020,300,400,600,Iran
11/2/2020,300,400,600,Iran
11/3/2020,200,300,500,Iran
11/4/2020,200,300,500,Iran
11/5/2020,200,300,400,Iran
11/6/2020,200,200,400,Iran
11/7/2020,100,200,400,Iran
11/8/2020,100,200,300,Iran
11/9/2020,100,200,300,Iran
11/10/2020,100,200,300,Iran
11/11/2020,100,200,300,Iran
11/12/2020,100,100,300,Iran
11/13/2020,100,100,200,Iran
11/14/2020,100,100,200,Iran
11/15/2020,100,100,200,Iran
11/16/2020,100,100,200,Iran
11/17/2020,100,100,200,Iran
11/18/2020,100,100,200,Iran
11/19/2020,100,100,200,Iran
11/20/2020,100,100,200,Iran
11/21/2020,100,100,200,Iran
11/22/2020,100,100,200,Iran
11/23/2020,100,100,200,Iran
11/24/2020,100,100,200,Iran
11/25/2020,100,100,100,Iran
11/26/2020,100,100,100,Iran
11/27/2020,100,100,100,Iran
11/28/2020,100,100,100,Iran
11/29/2020,100,100,100,Iran
11/30/2020,100,100,100,Iran
12/1/2020,100,100,100,Iran
12/2/2020,100,100,100,Iran
12/3/2020,100,100,100,Iran
12/4/2020,100,100,100,Iran
12/5/2020,100,100,100,Iran
12/6/2020,100,100,100,Iran
12/7/2020,100,100,100,Iran
12/8/2020,100,100,100,Iran
12/9/2020,100,100,100,Iran
12/10/2020,100,100,100,Iran
12/11/2020,100,100,100,Iran
12/12/2020,100,100,100,Iran
12/13/2020,100,100,100,Iran
12/14/2020,100,100,100,Iran
12/15/2020,100,100,100,Iran
12/16/2020,100,100,100,Iran
12/17/2020,100,100,100,Iran
12/18/2020,100,100,100,Iran
12/19/2020,100,100,100,Iran
12/20/2020,100,100,100,Iran
12/21/2020,100,100,100,Iran
4/9/2020,2,3,5,Malaysia
4/10/2020,4,5,8,Malaysia
4/11/2020,6,7,11,Malaysia
4/12/2020,7,9,13,Malaysia
4/13/2020,9,11,15,Malaysia
4/14/2020,10,12,17,Malaysia
4/15/2020,11,13,18,Malaysia
4/16/2020,12,14,19,Malaysia
4/17/2020,13,15,20,Malaysia
4/18/2020,13,16,21,Malaysia
4/19/2020,14,16,21,Malaysia
4/20/2020,14,17,22,Malaysia
4/21/2020,14,17,22,Malaysia
4/22/2020,14,17,22,Malaysia
4/23/2020,14,17,22,Malaysia
4/24/2020,14,17,22,Malaysia
4/25/2020,14,16,22,Malaysia
4/26/2020,13,16,21,Malaysia
4/27/2020,13,15,21,Malaysia
4/28/2020,13,15,20,Malaysia
4/29/2020,12,15,20,Malaysia
4/30/2020,12,14,19,Malaysia
5/1/2020,11,14,19,Malaysia
5/2/2020,11,13,18,Malaysia
5/3/2020,10,13,17,Malaysia
5/4/2020,10,12,17,Malaysia
5/5/2020,9,12,16,Malaysia
5/6/2020,9,11,16,Malaysia
5/7/2020,9,11,15,Malaysia
5/8/2020,8,10,14,Malaysia
5/9/2020,8,10,14,Malaysia
5/10/2020,7,9,13,Malaysia
5/11/2020,7,9,13,Malaysia
5/12/2020,7,8,12,Malaysia
5/13/2020,6,8,12,Malaysia
5/14/2020,6,8,11,Malaysia
5/15/2020,6,7,11,Malaysia
5/16/2020,5,7,10,Malaysia
5/17/2020,5,7,10,Malaysia
5/18/2020,5,6,10,Malaysia
5/19/2020,5,6,9,Malaysia
5/20/2020,4,6,9,Malaysia
5/21/2020,4,5,9,Malaysia
5/22/2020,4,5,8,Malaysia
5/23/2020,4,5,8,Malaysia
5/24/2020,3,5,8,Malaysia
5/25/2020,3,5,7,Malaysia
5/26/2020,3,4,7,Malaysia
5/27/2020,3,4,7,Malaysia
5/28/2020,3,4,7,Malaysia
5/29/2020,3,4,6,Malaysia
5/30/2020,2,4,6,Malaysia
5/31/2020,2,3,6,Malaysia
6/1/2020,2,3,6,Malaysia
6/2/2020,2,3,6,Malaysia
6/3/2020,2,3,5,Malaysia
6/4/2020,2,3,5,Malaysia
6/5/2020,2,3,5,Malaysia
6/6/2020,2,3,5,Malaysia
6/7/2020,2,3,5,Malaysia
6/8/2020,2,2,5,Malaysia
6/9/2020,1,2,4,Malaysia
6/10/2020,1,2,4,Malaysia
6/11/2020,1,2,4,Malaysia
6/12/2020,1,2,4,Malaysia
6/13/2020,1,2,4,Malaysia
6/14/2020,1,2,4,Malaysia
6/15/2020,1,2,4,Malaysia
6/16/2020,1,2,4,Malaysia
6/17/2020,1,2,4,Malaysia
6/18/2020,1,2,3,Malaysia
6/19/2020,1,2,3,Malaysia
6/20/2020,1,2,3,Malaysia
6/21/2020,1,1,3,Malaysia
6/22/2020,1,1,3,Malaysia
6/23/2020,1,1,3,Malaysia
6/24/2020,1,1,3,Malaysia
6/25/2020,1,1,3,Malaysia
6/26/2020,1,1,3,Malaysia
6/27/2020,1,1,3,Malaysia
6/28/2020,1,1,3,Malaysia
6/29/2020,1,1,3,Malaysia
6/30/2020,1,1,2,Malaysia
7/1/2020,1,1,2,Malaysia
7/2/2020,1,1,2,Malaysia
7/3/2020,1,1,2,Malaysia
7/4/2020,1,1,2,Malaysia
7/5/2020,1,1,2,Malaysia
7/6/2020,1,1,2,Malaysia
7/7/2020,1,1,2,Malaysia
7/8/2020,1,1,2,Malaysia
7/9/2020,1,1,2,Malaysia
7/10/2020,1,1,2,Malaysia
7/11/2020,1,1,2,Malaysia
7/12/2020,1,1,2,Malaysia
7/13/2020,1,1,2,Malaysia
7/14/2020,1,1,2,Malaysia
7/15/2020,1,1,2,Malaysia
7/16/2020,1,1,2,Malaysia
7/17/2020,1,1,2,Malaysia
7/18/2020,1,1,2,Malaysia
7/19/2020,1,1,2,Malaysia
7/20/2020,1,1,2,Malaysia
7/21/2020,1,1,2,Malaysia
7/22/2020,1,1,2,Malaysia
7/23/2020,1,1,2,Malaysia
7/24/2020,1,1,2,Malaysia
7/25/2020,1,1,2,Malaysia
7/26/2020,1,1,2,Malaysia
7/27/2020,1,1,2,Malaysia
7/28/2020,1,1,2,Malaysia
7/29/2020,1,1,2,Malaysia
7/30/2020,1,1,1,Malaysia
7/31/2020,1,1,1,Malaysia
8/1/2020,1,1,1,Malaysia
8/2/2020,1,1,1,Malaysia
8/3/2020,1,1,1,Malaysia
8/4/2020,1,1,1,Malaysia
8/5/2020,1,1,1,Malaysia
8/6/2020,1,1,1,Malaysia
8/7/2020,1,1,1,Malaysia
8/8/2020,1,1,1,Malaysia
8/9/2020,1,1,1,Malaysia
8/10/2020,1,1,1,Malaysia
8/11/2020,1,1,1,Malaysia
8/12/2020,1,1,1,Malaysia
8/13/2020,1,1,1,Malaysia
8/14/2020,1,1,1,Malaysia
8/15/2020,1,1,1,Malaysia
8/16/2020,1,1,1,Malaysia
8/17/2020,1,1,1,Malaysia
8/18/2020,1,1,1,Malaysia
8/19/2020,1,1,1,Malaysia
8/20/2020,1,1,1,Malaysia
8/21/2020,1,1,1,Malaysia
8/22/2020,1,1,1,Malaysia
8/23/2020,1,1,1,Malaysia
8/24/2020,1,1,1,Malaysia
8/25/2020,1,1,1,Malaysia
8/26/2020,1,1,1,Malaysia
8/27/2020,1,1,1,Malaysia
8/28/2020,1,1,1,Malaysia
8/29/2020,1,1,1,Malaysia
8/30/2020,1,1,1,Malaysia
8/31/2020,1,1,1,Malaysia
9/1/2020,1,1,1,Malaysia
9/2/2020,1,1,1,Malaysia
9/3/2020,1,1,1,Malaysia
9/4/2020,1,1,1,Malaysia
9/5/2020,1,1,1,Malaysia
9/6/2020,1,1,1,Malaysia
9/7/2020,1,1,1,Malaysia
9/8/2020,1,1,1,Malaysia
9/9/2020,1,1,1,Malaysia
9/10/2020,1,1,1,Malaysia
9/11/2020,1,1,1,Malaysia
9/12/2020,1,1,1,Malaysia
9/13/2020,1,1,1,Malaysia
9/14/2020,1,1,1,Malaysia
9/15/2020,1,1,1,Malaysia
9/16/2020,1,1,1,Malaysia
9/17/2020,1,1,1,Malaysia
9/18/2020,1,1,1,Malaysia
9/19/2020,0,1,1,Malaysia
9/20/2020,1,1,1,Malaysia
9/21/2020,1,1,1,Malaysia
9/22/2020,1,1,1,Malaysia
9/23/2020,1,1,1,Malaysia
9/24/2020,1,1,1,Malaysia
9/25/2020,1,1,1,Malaysia
9/26/2020,1,1,1,Malaysia
9/27/2020,1,1,1,Malaysia
9/28/2020,1,1,1,Malaysia
9/29/2020,1,1,1,Malaysia
9/30/2020,1,1,1,Malaysia
10/1/2020,1,1,1,Malaysia
10/2/2020,1,1,1,Malaysia
10/3/2020,1,1,1,Malaysia
10/4/2020,1,1,1,Malaysia
10/5/2020,1,1,1,Malaysia
10/6/2020,1,1,1,Malaysia
10/7/2020,1,1,1,Malaysia
10/8/2020,1,1,1,Malaysia
10/9/2020,1,1,1,Malaysia
10/10/2020,1,1,1,Malaysia
10/11/2020,1,1,1,Malaysia
10/12/2020,1,1,1,Malaysia
10/13/2020,1,1,1,Malaysia
10/14/2020,1,1,1,Malaysia
10/15/2020,1,1,1,Malaysia
10/16/2020,1,1,1,Malaysia
10/17/2020,1,1,1,Malaysia
10/18/2020,1,1,1,Malaysia
10/19/2020,1,1,1,Malaysia
10/20/2020,1,1,1,Malaysia
10/21/2020,1,1,1,Malaysia
10/22/2020,1,1,1,Malaysia
10/23/2020,1,1,1,Malaysia
10/24/2020,1,1,1,Malaysia
10/25/2020,1,1,1,Malaysia
10/26/2020,1,1,1,Malaysia
10/27/2020,1,1,1,Malaysia
10/28/2020,1,1,1,Malaysia
10/29/2020,1,1,1,Malaysia
10/30/2020,1,1,1,Malaysia
10/31/2020,1,1,1,Malaysia
11/1/2020,1,1,1,Malaysia
11/2/2020,1,1,1,Malaysia
11/3/2020,1,1,1,Malaysia
11/4/2020,1,1,1,Malaysia
11/5/2020,1,1,1,Malaysia
11/6/2020,1,1,1,Malaysia
11/7/2020,1,1,1,Malaysia
11/8/2020,1,1,1,Malaysia
11/9/2020,1,1,1,Malaysia
11/10/2020,1,1,1,Malaysia
11/11/2020,1,1,1,Malaysia
11/12/2020,1,1,1,Malaysia
11/13/2020,1,1,1,Malaysia
11/14/2020,1,1,1,Malaysia
11/15/2020,1,1,1,Malaysia
11/16/2020,1,1,1,Malaysia
11/17/2020,1,1,1,Malaysia
11/18/2020,1,1,1,Malaysia
11/19/2020,1,1,1,Malaysia
