"State","Date","Rt","R.lo.05","R.hi.95"
"Alabama",2020-03-26,5.51593171090498,5.08727737880801,5.95906869945543
"Alabama",2020-03-27,4.04020645249253,3.75022885475276,4.33920830052777
"Alabama",2020-03-28,2.92484132460296,2.72525519210874,3.13032339728537
"Alabama",2020-03-29,2.35408663023932,2.20256221421934,2.50982590710105
"Alabama",2020-03-30,2.02986220422338,1.90585949641563,2.15713380051247
"Alabama",2020-03-31,1.44692687842075,1.35223686246676,1.54429613346866
"Alabama",2020-04-01,1.14930992314547,1.07122311218875,1.22969317418934
"Alabama",2020-04-02,1.16320563910584,1.08815916528775,1.24034465293037
"Alabama",2020-04-03,1.4355074956508,1.35386111975155,1.51915400071857
"Alabama",2020-04-04,1.36200635637215,1.28397177047425,1.44196698267326
"Alabama",2020-04-05,1.42292428943585,1.34560416005066,1.50205202591806
"Alabama",2020-04-06,1.49219083913514,1.4157340893706,1.57033069719906
"Alabama",2020-04-07,1.49698205792124,1.42325643093925,1.57226631828845
"Alabama",2020-04-08,1.54832411410789,1.47643005930997,1.62164939813927
"Alabama",2020-04-09,1.500352428129,1.43267170657279,1.56934133482126
"Alabama",2020-04-10,1.4415006925005,1.37818235701937,1.50601013526567
"Alabama",2020-04-11,1.36168849422018,1.30284212763836,1.42162362337409
"Alabama",2020-04-12,1.39397049520714,1.33675691930323,1.45218846307106
"Alabama",2020-04-13,1.32361681974736,1.26981204708211,1.37835691875289
"Alabama",2020-04-14,1.11702365444696,1.06929609729379,1.16562409204248
"Alabama",2020-04-15,1.01653756463868,0.972329101314371,1.06156923888494
"Alabama",2020-04-16,0.979058075810489,0.936374038750063,1.02253894486558
"Alaska",2020-04-03,1.76139323488221,1.3897653264544,2.16939880785136
"Alaska",2020-04-04,1.42833705038562,1.12953891611132,1.7561080600749
"Alaska",2020-04-05,1.48968077607964,1.20349068259688,1.80113109201949
"Alaska",2020-04-06,1.1618426047992,0.920822548712217,1.42601681062896
"Alaska",2020-04-07,1.30770449930741,1.05996998725804,1.57697126948753
"Alaska",2020-04-08,1.42689664801423,1.17349426518005,1.70082189963825
"Alaska",2020-04-09,1.33787666231297,1.09883174257768,1.59641061384093
"Alaska",2020-04-10,1.21917938553767,0.998621698397705,1.45796405592927
"Alaska",2020-04-11,1.07032910763331,0.870306595284927,1.28747926859798
"Alaska",2020-04-12,1.18381921342834,0.977300569887474,1.40674206118812
"Alaska",2020-04-13,0.915922801288333,0.737404030816248,1.11045017151966
"Alaska",2020-04-14,0.828016210860894,0.660374924375603,1.01133456716601
"Alaska",2020-04-15,0.818340058318383,0.65133132843062,1.00110502036058
"Alaska",2020-04-16,0.786457740874201,0.620526795120637,0.968631224243386
"Arizona",2020-03-27,3.69682515377006,3.44411853109942,3.95701041095541
"Arizona",2020-03-28,2.81364809771318,2.63054257040697,3.00190486602642
"Arizona",2020-03-29,2.31389150206085,2.17153959379234,2.46002323383758
"Arizona",2020-03-30,2.19629487442804,2.07344151239311,2.32210687489717
"Arizona",2020-03-31,1.91322823523114,1.80938011270518,2.01950140206093
"Arizona",2020-04-01,1.62000141375819,1.53250198664997,1.70953381940959
"Arizona",2020-04-02,1.44471558224773,1.36792964393834,1.5232564228396
"Arizona",2020-04-03,1.37596528165609,1.30508021438476,1.44841948383696
"Arizona",2020-04-04,1.3830209753562,1.31487700355698,1.45260624591918
"Arizona",2020-04-05,1.2990238269605,1.23530674952065,1.36408237139454
"Arizona",2020-04-06,1.28799162128741,1.22663523683881,1.35060178653046
"Arizona",2020-04-07,1.2080965853438,1.15042389342326,1.26695034083333
"Arizona",2020-04-08,1.11008279389485,1.05625830257441,1.16502719268439
"Arizona",2020-04-09,1.1807441321217,1.12635403375285,1.23620821624461
"Arizona",2020-04-10,1.00321182348131,0.953848832662096,1.05361743268105
"Arizona",2020-04-11,1.00414537332442,0.95541466156141,1.05389091840754
"Arizona",2020-04-12,0.948684424326406,0.901598204648364,0.996774018328381
"Arizona",2020-04-13,0.994828820909176,0.946613798399973,1.0440465871676
"Arizona",2020-04-14,0.95924529980902,0.911765787708354,1.00773372506428
"Arizona",2020-04-15,0.84292817120799,0.798338307401221,0.888532192568401
"Arizona",2020-04-16,1.0115692434128,0.962435024670991,1.06172761899887
"Arkansas",2020-03-27,2.9735466916174,2.68174951537091,3.2779101433665
"Arkansas",2020-03-28,1.90339410341245,1.70788747750757,2.10773230407425
"Arkansas",2020-03-29,1.5063344049455,1.3528302753534,1.66671553586032
"Arkansas",2020-03-30,1.43390170793196,1.29519304243151,1.57849509930243
"Arkansas",2020-03-31,1.20502251185982,1.08410587032599,1.33126933544001
"Arkansas",2020-04-01,1.19324538173213,1.07720044225974,1.31424100162123
"Arkansas",2020-04-02,1.23544578910485,1.12013143041226,1.35547317607283
"Arkansas",2020-04-03,1.31570817691936,1.19888513306149,1.43706380530697
"Arkansas",2020-04-04,1.12570377462563,1.0201110155796,1.23563457733065
"Arkansas",2020-04-05,1.25607774065002,1.14710728231531,1.36917528953786
"Arkansas",2020-04-06,1.27183471543261,1.16420711886934,1.38343455888025
"Arkansas",2020-04-07,1.2519291717171,1.14738512280271,1.36027876533206
"Arkansas",2020-04-08,1.25871092361106,1.15638087460595,1.36466374394265
"Arkansas",2020-04-09,1.24079052564987,1.14162749905164,1.34340252065456
"Arkansas",2020-04-10,1.32949696465166,1.22920495857003,1.4330748375165
"Arkansas",2020-04-11,1.03481304814438,0.948625381018366,1.1241295531195
"Arkansas",2020-04-12,0.92687018567578,0.847356029193666,1.00936094413155
"Arkansas",2020-04-13,1.22760846771593,1.13682703907819,1.32130360970696
"Arkansas",2020-04-14,1.07931699277287,0.994374126528228,1.16716757773121
"Arkansas",2020-04-15,1.13564965611494,1.04942609216468,1.22471708049648
"Arkansas",2020-04-16,1.02322115543392,0.942410399339186,1.10680824044471
"California",2020-03-14,3.72097225069329,3.35649110580864,4.10112007966346
"California",2020-03-15,2.91490087535361,2.64676271839658,3.19383298096336
"California",2020-03-16,2.84001229324684,2.61331268046576,3.07458690596544
"California",2020-03-17,2.83133721323406,2.63231121178706,3.03642533214537
"California",2020-03-18,2.67112275673383,2.5001183551838,2.84685751343028
"California",2020-03-19,2.43407840952454,2.28956176252895,2.58229481253428
"California",2020-03-20,2.33173717842143,2.2055889743651,2.46082125612011
"California",2020-03-21,2.23260437445743,2.12138302253378,2.34620473965541
"California",2020-03-22,2.17261812868495,2.07308831536609,2.27410223317947
"California",2020-03-23,2.1520554584396,2.06174872108679,2.24398370785284
"California",2020-03-24,2.08693382099121,2.00560619135563,2.16961580619948
"California",2020-03-25,2.11476631745728,2.03973718637187,2.19093124879832
"California",2020-03-26,2.3379711824021,2.26549017116195,2.41140910120746
"California",2020-03-27,2.37720781835042,2.31026460786816,2.44495284158746
"California",2020-03-28,2.15492566395359,2.09710322589354,2.21340763828329
"California",2020-03-29,1.91495135811021,1.86558746503864,1.96485593306197
"California",2020-03-30,1.90226808875827,1.85722916458097,1.94775969385773
"California",2020-03-31,1.84464599848853,1.80355125377699,1.88612914966969
"California",2020-04-01,1.70220790022098,1.66547545286953,1.739276536823
"California",2020-04-02,1.61893743214508,1.58547371217029,1.65269440732184
"California",2020-04-03,1.59989070340718,1.56857884068782,1.63146225321227
"California",2020-04-04,1.54192262756146,1.51281388394884,1.57126416869209
"California",2020-04-05,1.41364184592882,1.38717269679857,1.44032094024963
"California",2020-04-06,1.29390393681494,1.2697504997633,1.31824836386172
"California",2020-04-07,1.20023745678102,1.17786430069467,1.22278727244097
"California",2020-04-08,1.15043136034398,1.12916276377743,1.17186650450136
"California",2020-04-09,1.07002325474441,1.04994490320429,1.09026120733512
"California",2020-04-10,1.030813037699,1.0114043973325,1.05037648666609
"California",2020-04-11,0.982273927350411,0.963499251312212,1.00120064064565
"California",2020-04-12,0.933905786355878,0.915673383216232,0.952289023270777
"California",2020-04-13,0.902805951482552,0.884867105755582,0.920895865399646
"California",2020-04-14,0.902254954959368,0.884222372351669,0.920440289467279
"California",2020-04-15,0.946374175811984,0.927735496412859,0.965168420693532
"California",2020-04-16,0.945737459514304,0.926920726910839,0.964712864437237
"Colorado",2020-03-20,3.70162952599755,3.33367390419826,4.08564617856219
"Colorado",2020-03-21,3.39110531998163,3.09437822616387,3.69917115225351
"Colorado",2020-03-22,3.11911679342778,2.87617192891127,3.37028922364405
"Colorado",2020-03-23,2.90189429426059,2.69940437276252,3.11050519282304
"Colorado",2020-03-24,2.85449688394155,2.67901093378951,3.03463906612213
"Colorado",2020-03-25,2.56270696696668,2.4163283304437,2.71268718224793
"Colorado",2020-03-26,2.64846204518907,2.5166461002378,2.78309485234631
"Colorado",2020-03-27,2.48597024571363,2.37195142533242,2.60223054027973
"Colorado",2020-03-28,2.31315699787888,2.21485572245725,2.41324619295754
"Colorado",2020-03-29,2.02531849000099,1.94263235070839,2.10944837080502
"Colorado",2020-03-30,1.79840583775503,1.72761749152435,1.87038508388545
"Colorado",2020-03-31,1.69572022393362,1.63232539805679,1.7601271381477
"Colorado",2020-04-01,1.48867164274546,1.43316169276874,1.54506546477539
"Colorado",2020-04-02,1.38065822668488,1.33019788659098,1.43190583148484
"Colorado",2020-04-03,1.34010090272502,1.29261150036408,1.38830835160605
"Colorado",2020-04-04,1.32603901428661,1.2804943733608,1.37225078295371
"Colorado",2020-04-05,1.27788174022298,1.23458598606504,1.32180295918202
"Colorado",2020-04-06,1.13073801473272,1.09122738970565,1.17083757701559
"Colorado",2020-04-07,1.02540639688638,0.98874163977004,1.06263060051092
"Colorado",2020-04-08,0.919064816762649,0.884909305137732,0.953762327354842
"Colorado",2020-04-09,0.953847375196497,0.919217944495405,0.989013432852725
"Colorado",2020-04-10,0.921681003339023,0.887507292928088,0.956395730137159
"Colorado",2020-04-11,0.936785065695645,0.902113422178186,0.972004611541336
"Colorado",2020-04-12,1.04271200017338,1.00584731836379,1.08013276250716
"Colorado",2020-04-13,1.11989085423427,1.08145197109442,1.15889240547602
"Colorado",2020-04-14,1.12828996362021,1.08976502588813,1.16737584059096
"Colorado",2020-04-15,1.00676935426319,0.970728062520841,1.04336124540149
"Colorado",2020-04-16,1.02616701281963,0.990170972144033,1.06270172038788
"Connecticut",2020-03-25,4.90663400465014,4.60916873976746,5.21187969359447
"Connecticut",2020-03-26,3.59925841114804,3.39491643453264,3.80859695768816
"Connecticut",2020-03-27,3.18179129329067,3.02343115113772,3.3435355381751
"Connecticut",2020-03-28,2.60083966729977,2.47848787409886,2.72565982154617
"Connecticut",2020-03-29,2.61500167107028,2.50770626092827,2.72418006462819
"Connecticut",2020-03-30,2.56347362978597,2.46883725318414,2.65960164564493
"Connecticut",2020-03-31,2.36136421594532,2.28015282853937,2.44376676355646
"Connecticut",2020-04-01,2.14224679725873,2.07289431353807,2.21255597576765
"Connecticut",2020-04-02,1.74538608469291,1.6887487589043,1.8028065644629
"Connecticut",2020-04-03,1.96822187104922,1.91296668399474,2.02413681329482
"Connecticut",2020-04-04,1.65581570672287,1.60857737511726,1.7036273268257
"Connecticut",2020-04-05,1.36013582410984,1.32023702836205,1.4005326832716
"Connecticut",2020-04-06,1.47516363196738,1.43591571919908,1.51485538696458
"Connecticut",2020-04-07,1.51934992084758,1.48110762805456,1.55800109476825
"Connecticut",2020-04-08,1.6438027450796,1.605592820907,1.68238964201472
"Connecticut",2020-04-09,1.47182235250586,1.43730391011447,1.50668442653399
"Connecticut",2020-04-10,1.43534607716646,1.40295814041748,1.46804410574575
"Connecticut",2020-04-11,1.45308582733981,1.42194123703815,1.48451352000137
"Connecticut",2020-04-12,1.17743472048924,1.15052591237378,1.20460449610474
"Connecticut",2020-04-13,1.19349675418207,1.16738740210258,1.2198483892973
"Connecticut",2020-04-14,1.05688839904729,1.03291749342864,1.0810900015852
"Connecticut",2020-04-15,0.974660543996142,0.952036480610154,0.997507496606041
"Connecticut",2020-04-16,1.03033481041602,1.00726823234991,1.05362048492505
"Delaware",2020-03-30,3.03247598406269,2.65036380824254,3.43599717936529
"Delaware",2020-03-31,2.65284416703406,2.35274772269724,2.9679433358049
"Delaware",2020-04-01,2.28354145321274,2.03956479383814,2.53900408813045
"Delaware",2020-04-02,1.8491191473773,1.65282336266044,2.05459399204418
"Delaware",2020-04-03,1.58721336171054,1.42151985003192,1.76051993303095
"Delaware",2020-04-04,2.10255120767694,1.92414373045385,2.28756173504865
"Delaware",2020-04-05,2.10974546882903,1.94133828200542,2.28400271675088
"Delaware",2020-04-06,2.04570190770941,1.89220015785987,2.20420527396491
"Delaware",2020-04-07,2.07863586231047,1.93642035154747,2.22506392429408
"Delaware",2020-04-08,2.26903202192515,2.13212940750714,2.40949784402031
"Delaware",2020-04-09,2.00648201126973,1.88828465913736,2.12768102889778
"Delaware",2020-04-10,1.61653490485,1.51965871081747,1.71591506556355
"Delaware",2020-04-11,1.5180161495519,1.43120293116049,1.60696804531015
"Delaware",2020-04-12,1.41122220615151,1.33223694444021,1.49211078644304
"Delaware",2020-04-13,1.27307642147082,1.20144442259636,1.34644394897917
"Delaware",2020-04-14,1.14827836061692,1.08277003287577,1.21539647710185
"Delaware",2020-04-15,1.08009978804948,1.01829257024358,1.14343060675064
"Delaware",2020-04-16,0.971048540184147,0.913471143779855,1.03009797749458
"District of Columbia",2020-03-28,2.9257101684734,2.61379568799554,3.25227585344329
"District of Columbia",2020-03-29,1.87888512806639,1.66837065799708,2.0998180480308
"District of Columbia",2020-03-30,2.24682164868235,2.04208862642368,2.4597152441493
"District of Columbia",2020-03-31,1.6057147860193,1.44698637363063,1.77133139137898
"District of Columbia",2020-04-01,1.64817107223446,1.49960569652702,1.80259176420619
"District of Columbia",2020-04-02,1.59192031389922,1.45458998310066,1.73442144344779
"District of Columbia",2020-04-03,1.69843097975881,1.56382010209684,1.83768347756043
"District of Columbia",2020-04-04,2.06005459405639,1.91911037116218,2.2051737114822
"District of Columbia",2020-04-05,1.63697845876982,1.51891567479246,1.75873388577889
"District of Columbia",2020-04-06,1.68951957937688,1.57796458429012,1.80426008082501
"District of Columbia",2020-04-07,1.54751426801642,1.44720291539295,1.65063619008958
"District of Columbia",2020-04-08,1.7409434870079,1.64020344547477,1.84419541595621
"District of Columbia",2020-04-09,1.52543708209306,1.43598267569055,1.61715269295177
"District of Columbia",2020-04-10,1.34833092203347,1.26885214830794,1.42982943495043
"District of Columbia",2020-04-11,1.25952912229319,1.18632450862372,1.33456731073997
"District of Columbia",2020-04-12,1.17054351559229,1.10242464448204,1.24037079422495
"District of Columbia",2020-04-13,1.06326317872694,1.00000957306326,1.12813943304349
"District of Columbia",2020-04-14,0.852906820816554,0.797313373495801,0.9100668190224
"District of Columbia",2020-04-15,0.91715895892491,0.8598758866478,0.975986850048465
"District of Columbia",2020-04-16,0.952166968751516,0.893380463367102,1.01252012632509
"Florida",2020-03-21,4.30784477271151,4.03497510991341,4.58818050308986
"Florida",2020-03-22,3.69757493306185,3.49265443581823,3.90738378537926
"Florida",2020-03-23,3.03962933225657,2.88426558072943,3.1984046948987
"Florida",2020-03-24,2.50416152809194,2.38353406767122,2.62728213154638
"Florida",2020-03-25,2.58185071012048,2.47431741533172,2.6913001507423
"Florida",2020-03-26,2.57864703719704,2.48246890786891,2.6763569917804
"Florida",2020-03-27,2.62901936066782,2.54200367076372,2.71726265007345
"Florida",2020-03-28,2.61874489207934,2.54110114034337,2.6973684186827
"Florida",2020-03-29,2.54999617793618,2.48162780728087,2.61914374165534
"Florida",2020-03-30,2.3072404270494,2.24918729342463,2.36591403504803
"Florida",2020-03-31,2.09672230996089,2.04707423393046,2.14686944544722
"Florida",2020-04-01,1.91015478246777,1.86715856188092,1.95356164384092
"Florida",2020-04-02,1.76748038292684,1.72949017601757,1.80581690341045
"Florida",2020-04-03,1.63469932544227,1.60076416635156,1.66893316432386
"Florida",2020-04-04,1.52352222302074,1.49279837058588,1.55450870048624
"Florida",2020-04-05,1.37479159752979,1.3471773395049,1.40264095333794
"Florida",2020-04-06,1.29629844875227,1.2707016535749,1.32210944496246
"Florida",2020-04-07,1.22103570772325,1.19708738968079,1.24518307124376
"Florida",2020-04-08,1.10558980862389,1.08345228447174,1.12791520865135
"Florida",2020-04-09,1.03778449773783,1.01679909392983,1.05894977674575
"Florida",2020-04-10,0.990012769761561,0.969783494005158,1.01041727337042
"Florida",2020-04-11,1.01134882119662,0.991016448819111,1.03185445310994
"Florida",2020-04-12,0.948308778344687,0.928641452886918,0.968149038077003
"Florida",2020-04-13,0.954773699522918,0.935032096768469,0.974688360781712
"Florida",2020-04-14,0.908755975942489,0.889434142731162,0.92825202470774
"Florida",2020-04-15,0.884013682817261,0.864855964081576,0.903347494693226
"Florida",2020-04-16,0.846360982444254,0.827458791419319,0.865442277744407
"Georgia",2020-03-22,3.96834314316103,3.68185701652796,4.26379872445819
"Georgia",2020-03-23,3.23189233784942,3.0276361571385,3.44172432056772
"Georgia",2020-03-24,3.16994912460254,2.99864056354931,3.34524012604086
"Georgia",2020-03-25,2.91539001145909,2.77271035752375,3.06106670046215
"Georgia",2020-03-26,2.32908834530292,2.2178538803773,2.44260174108203
"Georgia",2020-03-27,2.57425370561056,2.47081439019,2.67947013391742
"Georgia",2020-03-28,2.31178933422335,2.22357607943234,2.40144049584036
"Georgia",2020-03-29,1.92616816621817,1.85376104466014,1.9997377326472
"Georgia",2020-03-30,1.63270983103974,1.57215737841729,1.69422116099606
"Georgia",2020-03-31,1.97878705858005,1.91691927810595,2.04147867415418
"Georgia",2020-04-01,1.98550390498373,1.92726961669159,2.04446502397573
"Georgia",2020-04-02,1.79445232784875,1.74296981284786,1.84656321066631
"Georgia",2020-04-03,1.66967037201641,1.62365815621017,1.71622176260984
"Georgia",2020-04-04,1.5328602514978,1.49165222631868,1.57453919833226
"Georgia",2020-04-05,1.36972746094772,1.3329543094234,1.4069202829407
"Georgia",2020-04-06,1.1553580667782,1.12315796734968,1.18793982075449
"Georgia",2020-04-07,1.38006887508018,1.3460609875576,1.41443266168317
"Georgia",2020-04-08,1.42113421973593,1.3874271163771,1.45518071658873
"Georgia",2020-04-09,1.38222425687643,1.34996820005136,1.41479981192181
"Georgia",2020-04-10,1.43031610564581,1.39867545511042,1.46225368785755
"Georgia",2020-04-11,1.33892855285988,1.30942457073329,1.36870832948635
"Georgia",2020-04-12,1.05919520477571,1.03392176022841,1.08472467011125
"Georgia",2020-04-13,0.874840633389338,0.852564943455614,0.897357288951329
"Georgia",2020-04-14,0.800199155351323,0.779154180949615,0.821479351289006
"Georgia",2020-04-15,0.808568254755323,0.787273045296957,0.830101823726246
"Georgia",2020-04-16,0.857321621532089,0.834991420852259,0.879898978944837
"Guam",2020-04-06,1.52637023293305,1.31144076078503,1.75485276532012
"Guam",2020-04-07,1.17700966151936,1.01127394432226,1.3531963705534
"Guam",2020-04-08,2.08034152498715,1.87198763106581,2.29786174477354
"Guam",2020-04-09,2.9131373839808,2.6745207103458,3.16026783837516
"Guam",2020-04-10,2.27047682876713,2.07596682350183,2.47225783199886
"Guam",2020-04-11,2.1034163073583,1.93690435532297,2.27566287537759
"Guam",2020-04-12,1.85461807901263,1.71334767306276,2.00056365445354
"Guam",2020-04-13,1.53899045204848,1.42072651224617,1.66120396962412
"Guam",2020-04-14,0.947556452747421,0.86121399808688,1.03734048177866
"Guam",2020-04-15,0.577578582974957,0.513471676930769,0.644826892610938
"Guam",2020-04-16,0.582891502384629,0.518935897762652,0.64994335350049
"Hawaii",2020-04-01,3.12684736058485,2.72298238756858,3.55394145935559
"Hawaii",2020-04-02,2.37472220801257,2.07816049253338,2.68774267662771
"Hawaii",2020-04-03,1.85486610169945,1.62525493461782,2.09710213092745
"Hawaii",2020-04-04,1.59324369175477,1.40045025020036,1.79638572307404
"Hawaii",2020-04-05,1.30942837145634,1.1468628006988,1.48096003767455
"Hawaii",2020-04-06,1.1531756022899,1.00830375239012,1.30613853450244
"Hawaii",2020-04-07,1.0073863477405,0.876439271397881,1.14591631282081
"Hawaii",2020-04-08,0.973680774078057,0.847114982371116,1.10757574290997
"Hawaii",2020-04-09,0.792335635479464,0.679041617784922,0.912891866383728
"Hawaii",2020-04-10,0.741009180382429,0.63113003318215,0.858211382828055
"Hawaii",2020-04-11,0.773306287218773,0.659115880097463,0.895073076763273
"Hawaii",2020-04-12,0.7938354057383,0.675122971919246,0.920531736860524
"Hawaii",2020-04-13,0.704987909598307,0.59038103626906,0.828027766928479
"Hawaii",2020-04-14,0.618352816442202,0.508539623358635,0.737059697611258
"Hawaii",2020-04-15,0.709736739498876,0.588034546670115,0.840926878451185
"Hawaii",2020-04-16,0.660426160868369,0.538630896937282,0.792500388606465
"Idaho",2020-03-31,3.13639556771914,2.8842188832978,3.39739822951363
"Idaho",2020-04-01,2.72357722775403,2.52258141568552,2.9310105404511
"Idaho",2020-04-02,2.8445299946853,2.6650235557915,3.02892909361013
"Idaho",2020-04-03,2.5370895274812,2.38695127168668,2.69105850975494
"Idaho",2020-04-04,2.03254177821476,1.91342644910028,2.15466608661572
"Idaho",2020-04-05,1.4673199743979,1.3764683378954,1.56059992812383
"Idaho",2020-04-06,1.1733584740029,1.09841286793748,1.25037234466775
"Idaho",2020-04-07,0.896137618321902,0.833777059432465,0.960377942355733
"Idaho",2020-04-08,0.542450850573896,0.49512178582989,0.591583086965069
"Idaho",2020-04-09,0.547332958118505,0.49950934093211,0.59698131029949
"Idaho",2020-04-10,0.553960132947253,0.504102672593712,0.605779470212591
"Idaho",2020-04-11,0.588241472309961,0.53412986063749,0.644531356424286
"Idaho",2020-04-12,0.551037342561009,0.495744114288146,0.608767977041048
"Idaho",2020-04-13,0.583835838939341,0.523747432992945,0.646644289607038
"Idaho",2020-04-14,0.622543907901593,0.557012830723306,0.691112263654155
"Idaho",2020-04-15,0.460872253842033,0.401719467634595,0.52340466471325
"Idaho",2020-04-16,0.43535557010883,0.374957968583293,0.499501720884478
"Illinois",2020-03-22,4.90051713283841,4.64115013046596,5.16578637107861
"Illinois",2020-03-23,3.70707187336498,3.52732739036824,3.89055623729878
"Illinois",2020-03-24,2.7916727582191,2.66307643340795,2.92280834339221
"Illinois",2020-03-25,2.37770809830737,2.27614929586321,2.48112364701786
"Illinois",2020-03-26,2.50127844309261,2.4089849843343,2.59502586269815
"Illinois",2020-03-27,2.36434381159748,2.28347386699916,2.44639333654483
"Illinois",2020-03-28,2.10425174864096,2.03552348520198,2.17393664681125
"Illinois",2020-03-29,2.29628549112512,2.23121693096362,2.36213834107742
"Illinois",2020-03-30,2.03513368008464,1.97916852665955,2.09175323694953
"Illinois",2020-03-31,1.97329204769186,1.92299847172706,2.0241302015147
"Illinois",2020-04-01,1.79900055847678,1.75483833946991,1.84362316255133
"Illinois",2020-04-02,1.62206673943309,1.58321028982869,1.66131837127526
"Illinois",2020-04-03,1.63040275844235,1.59393949159518,1.6672120119374
"Illinois",2020-04-04,1.56099733167982,1.52727710942216,1.59502649779851
"Illinois",2020-04-05,1.51629002040942,1.48477258820458,1.54808521170236
"Illinois",2020-04-06,1.38620340893565,1.35753214621491,1.41512608971962
"Illinois",2020-04-07,1.32722232070282,1.30040443766509,1.35426989594865
"Illinois",2020-04-08,1.38371733163767,1.35733753757525,1.41031019655196
"Illinois",2020-04-09,1.31985829224599,1.29492193164353,1.34499424140031
"Illinois",2020-04-10,1.23710341533697,1.21374911370363,1.26064449327119
"Illinois",2020-04-11,1.22204041560723,1.19952065659458,1.24473594765592
"Illinois",2020-04-12,1.26370055965653,1.24135861245986,1.28620975805811
"Illinois",2020-04-13,1.19223007038985,1.1710109827137,1.21360907212537
"Illinois",2020-04-14,1.09716922202109,1.07727991641491,1.11721122100955
"Illinois",2020-04-15,1.05571459353784,1.03657910367281,1.07499697157391
"Illinois",2020-04-16,0.989251512001564,0.970955765232705,1.00769058189445
"Indiana",2020-03-27,4.73735994099075,4.4743607914448,5.00664400942467
"Indiana",2020-03-28,3.77173260321706,3.5807121435829,3.96690843538616
"Indiana",2020-03-29,3.13338944588841,2.98939389817161,3.28022145948922
"Indiana",2020-03-30,2.56808580536949,2.45714272981258,2.68108079728266
"Indiana",2020-03-31,2.31618770243027,2.22405590507046,2.40988611953247
"Indiana",2020-04-01,2.10428905641801,2.02572200971106,2.1841087575075
"Indiana",2020-04-02,1.86748336159403,1.80029183268254,1.93570663340344
"Indiana",2020-04-03,1.68953577153166,1.63080569354283,1.74913665823455
"Indiana",2020-04-04,1.6197566540312,1.56620026223992,1.67406782837196
"Indiana",2020-04-05,1.54423876759193,1.49498950705715,1.59415716228389
"Indiana",2020-04-06,1.47929333698437,1.43359587767223,1.52559192813006
"Indiana",2020-04-07,1.4124483716803,1.36989722900669,1.45554520419649
"Indiana",2020-04-08,1.27836416204469,1.23960298927818,1.31762568249724
"Indiana",2020-04-09,1.19030560663678,1.1542760047661,1.22679949216089
"Indiana",2020-04-10,1.13979807708739,1.10553008285925,1.17450463636336
"Indiana",2020-04-11,1.12026069292212,1.08696955309629,1.15397290583573
"Indiana",2020-04-12,1.06841360606659,1.03638854287835,1.10084727844581
"Indiana",2020-04-13,0.958110314060614,0.928149060510188,0.98847060702626
"Indiana",2020-04-14,0.894459334265479,0.865720110540465,0.92359198348333
"Indiana",2020-04-15,0.90365322517413,0.874729499551924,0.932971368671826
"Indiana",2020-04-16,0.929838875034569,0.900251326183186,0.959827498259318
"Iowa",2020-03-29,3.91878982173399,3.50541823648783,4.35136286072585
"Iowa",2020-03-30,3.28448596818273,2.97941696864563,3.60195989774414
"Iowa",2020-03-31,2.75984098065551,2.52308028752609,3.00546477914418
"Iowa",2020-04-01,2.1850732700772,2.00188343120678,2.37495887477279
"Iowa",2020-04-02,1.77026347384127,1.62358501974744,1.92223812304763
"Iowa",2020-04-03,1.56305978383002,1.43707798134239,1.69346199669423
"Iowa",2020-04-04,1.53523334824169,1.41829119136951,1.65604556126858
"Iowa",2020-04-05,1.36584188114034,1.26111563293871,1.47405759657162
"Iowa",2020-04-06,1.25913553345646,1.16301464399206,1.3584446211761
"Iowa",2020-04-07,1.30542243222145,1.21090248948975,1.40291065991539
"Iowa",2020-04-08,1.31385434311901,1.22158375468772,1.40893271069132
"Iowa",2020-04-09,1.33710825470889,1.24649693229343,1.43037724671575
"Iowa",2020-04-10,1.32966651688842,1.2418717712287,1.41996828359706
"Iowa",2020-04-11,1.33339111482275,1.24809331576263,1.42104657602326
"Iowa",2020-04-12,1.25137169086381,1.17125928623046,1.33370017954012
"Iowa",2020-04-13,1.21700075618151,1.14031521281848,1.29577325610047
"Iowa",2020-04-14,1.31672269041321,1.2389044454164,1.39652377589641
"Iowa",2020-04-15,1.20889377614339,1.13605406414243,1.28362666282285
"Iowa",2020-04-16,1.19237605666887,1.12186058705893,1.26468949556836
"Kansas",2020-03-31,2.83141035991622,2.56927491146667,3.10416897779825
"Kansas",2020-04-01,2.1419971913161,1.94832478714266,2.34332713705539
"Kansas",2020-04-02,1.81280593791434,1.65486404060719,1.97675625375708
"Kansas",2020-04-03,1.56629837542115,1.43192907964958,1.70569776807971
"Kansas",2020-04-04,1.43100456223951,1.31087458693818,1.55553144458792
"Kansas",2020-04-05,1.36475896273872,1.25325181018085,1.48023428835668
"Kansas",2020-04-06,1.35196370385512,1.2453148379284,1.46227215027666
"Kansas",2020-04-07,1.25559641537857,1.15631696136791,1.35829085658473
"Kansas",2020-04-08,1.41597826496487,1.3136545915236,1.52150878054912
"Kansas",2020-04-09,1.31363256233151,1.21785625298394,1.41243823137364
"Kansas",2020-04-10,1.19729753141802,1.10884834273127,1.28858257114208
"Kansas",2020-04-11,1.22364288670204,1.13681959569378,1.31313637522748
"Kansas",2020-04-12,1.09069180361292,1.01060872657302,1.17332634174403
"Kansas",2020-04-13,1.03443256521891,0.957936460337284,1.11338388286391
"Kansas",2020-04-14,0.811772760895554,0.744941879627385,0.881000731464778
"Kansas",2020-04-15,0.811543754796896,0.744901391581429,0.880570148250307
"Kansas",2020-04-16,0.891422238639718,0.820688108754415,0.964598394364519
"Kentucky",2020-03-28,4.08571935563948,3.70055100590865,4.48679428018663
"Kentucky",2020-03-29,2.97182721469344,2.70229278381667,3.25205302124315
"Kentucky",2020-03-30,2.18187283412881,1.98639287162741,2.38500846975167
"Kentucky",2020-03-31,2.05032449232146,1.88322241752717,2.22335775610155
"Kentucky",2020-04-01,1.87972405676976,1.73397720058547,2.03038363662499
"Kentucky",2020-04-02,1.67044814754586,1.5436203077275,1.80145907443135
"Kentucky",2020-04-03,1.20439557961424,1.10421432631556,1.30820875876908
"Kentucky",2020-04-04,1.37143805021817,1.27002044944307,1.47611074206281
"Kentucky",2020-04-05,1.52696635340871,1.42322067909175,1.6337630644174
"Kentucky",2020-04-06,1.17725931893852,1.08920105863702,1.26817745779896
"Kentucky",2020-04-07,1.41568359680234,1.32258886198351,1.51142558493868
"Kentucky",2020-04-08,1.40433238346346,1.31421968988806,1.49694371773547
"Kentucky",2020-04-09,1.55594428313819,1.46404809782898,1.65018045141844
"Kentucky",2020-04-10,1.49779442885185,1.41101546789553,1.58673995271196
"Kentucky",2020-04-11,1.39907476282874,1.31891638526554,1.48121159996938
"Kentucky",2020-04-12,1.44392972025946,1.365982761996,1.52368670278435
"Kentucky",2020-04-13,1.11827951871294,1.05240418202249,1.18582778395546
"Kentucky",2020-04-14,1.12153525215373,1.05782351196324,1.18680583554559
"Kentucky",2020-04-15,1.01499140054226,0.955623060772782,1.07585648953276
"Kentucky",2020-04-16,0.936838153641347,0.880467220534561,0.994672181475586
"Louisiana",2020-03-21,5.17878666509054,4.85197501122224,5.51450595662584
"Louisiana",2020-03-22,3.4405260929824,3.22960893880609,3.65702338399838
"Louisiana",2020-03-23,3.2247736087717,3.05697174337498,3.3963282459261
"Louisiana",2020-03-24,2.68710055478931,2.55576951104544,2.8211864787478
"Louisiana",2020-03-25,2.59029482063662,2.47764482366581,2.70504248626384
"Louisiana",2020-03-26,2.57001142472909,2.47033663495848,2.67133804497173
"Louisiana",2020-03-27,2.30163549486636,2.21730519997933,2.38728481944043
"Louisiana",2020-03-28,2.31331557592704,2.23742679581618,2.3902653683196
"Louisiana",2020-03-29,1.81068573849358,1.74993230335165,1.8723082133745
"Louisiana",2020-03-30,1.67711390263737,1.62376809604665,1.73118256290559
"Louisiana",2020-03-31,1.8955574530493,1.84273545027136,1.94900544185285
"Louisiana",2020-04-01,2.00390253689008,1.95282878701964,2.05552931232636
"Louisiana",2020-04-02,2.70704442082328,2.65164881609044,2.76292058167521
"Louisiana",2020-04-03,2.48436489150102,2.43566655083662,2.53346775357148
"Louisiana",2020-04-04,2.54860803618756,2.50447596932242,2.59306362919706
"Louisiana",2020-04-05,2.04584183268253,2.01047273801527,2.08146979307794
"Louisiana",2020-04-06,1.7769503890711,1.74727275801152,1.80683780444447
"Louisiana",2020-04-07,1.53604576324594,1.51069147476816,1.56157716550066
"Louisiana",2020-04-08,1.07731751136464,1.05743461891629,1.09735583241535
"Louisiana",2020-04-09,0.996442092973584,0.978173793602749,1.01485224483669
"Louisiana",2020-04-10,0.811825759969262,0.795650789174271,0.828137318811229
"Louisiana",2020-04-11,0.839762999028192,0.823327786493757,0.856334518127488
"Louisiana",2020-04-12,0.705100890625334,0.689848344923215,0.720493375683705
"Louisiana",2020-04-13,0.606063436109441,0.591646308731261,0.620626159053042
"Louisiana",2020-04-14,0.610008971495618,0.595110870527969,0.625061581154993
"Louisiana",2020-04-15,0.541349044744763,0.526732948967959,0.556132902983953
"Louisiana",2020-04-16,0.53233853578301,0.51714238882038,0.547719217610775
"Maine",2020-03-29,3.4415702707895,2.98835269649158,3.92139819714923
"Maine",2020-03-30,2.62801769513253,2.29383419172052,2.98110693923887
"Maine",2020-03-31,2.01163023354789,1.75891192016205,2.27846284641264
"Maine",2020-04-01,1.88514866565186,1.66597373567704,2.1156017922161
"Maine",2020-04-02,1.7551348812403,1.56032802682578,1.95948777351449
"Maine",2020-04-03,1.61897941089987,1.44449261865784,1.80175619107567
"Maine",2020-04-04,1.31275051834032,1.16531632920878,1.46749960432829
"Maine",2020-04-05,1.13740273026512,1.00714932459612,1.27425257647239
"Maine",2020-04-06,1.06927185367833,0.94712362188949,1.19758992653127
"Maine",2020-04-07,0.922590946705856,0.81125977167149,1.0398805854581
"Maine",2020-04-08,0.837533009096565,0.732314899956023,0.948627542003617
"Maine",2020-04-09,0.673090514195826,0.578667893988336,0.773443379485283
"Maine",2020-04-10,0.706376838979429,0.608019003029347,0.810863212252385
"Maine",2020-04-11,0.84155839083784,0.7307342546106,0.958889488509634
"Maine",2020-04-12,0.825967675091098,0.712618556691393,0.946270659349795
"Maine",2020-04-13,1.15812209941302,1.01988694374632,1.30367071021795
"Maine",2020-04-14,1.31572939056739,1.16579708420176,1.47321529823918
"Maine",2020-04-15,1.38467950219902,1.23170190228715,1.54511689583274
"Maine",2020-04-16,1.31555030613534,1.17021001036559,1.4679779704253
"Maryland",2020-03-25,3.2258502424471,2.93327680315266,3.53002892468303
"Maryland",2020-03-26,3.13253458476339,2.88882224479049,3.38449075889044
"Maryland",2020-03-27,3.16072888478059,2.948177457367,3.37946534768408
"Maryland",2020-03-28,3.3935227113855,3.20120853720326,3.59053065649178
"Maryland",2020-03-29,2.9683556256465,2.81214800075946,3.12809719311743
"Maryland",2020-03-30,2.47748539236467,2.35400759199862,2.60360562211738
"Maryland",2020-03-31,2.2253329076715,2.12241626475608,2.33029000027711
"Maryland",2020-04-01,2.03399624942456,1.94557045049008,2.12406804382679
"Maryland",2020-04-02,1.87409738411954,1.79666532803042,1.95289798805638
"Maryland",2020-04-03,1.73230628893361,1.66364227614894,1.80213369186214
"Maryland",2020-04-04,1.66959925430932,1.60680381795582,1.73340336662864
"Maryland",2020-04-05,1.71837314931647,1.6585058288574,1.77913017466406
"Maryland",2020-04-06,1.65939432110695,1.6038912917393,1.71568876684002
"Maryland",2020-04-07,1.47643832060317,1.42708557861525,1.52649433662093
"Maryland",2020-04-08,1.77127361096153,1.72007862178603,1.82309815792501
"Maryland",2020-04-09,1.71827872754031,1.67029279493984,1.76683458484066
"Maryland",2020-04-10,1.7128724407994,1.66768484562068,1.75856668483053
"Maryland",2020-04-11,1.6096205297918,1.56842650630558,1.65126246344718
"Maryland",2020-04-12,1.46210768553155,1.42511409942032,1.49949888879026
"Maryland",2020-04-13,1.43616000097398,1.40138047717129,1.47129715425259
"Maryland",2020-04-14,1.13555881108797,1.10598151419205,1.16546347754828
"Maryland",2020-04-15,1.03001653602308,1.00285753182986,1.05747989109532
"Maryland",2020-04-16,0.981804857673008,0.955812761692678,1.00808941494503
"Massachusetts",2020-03-18,3.38792132751594,2.94468065603382,3.85700604580459
"Massachusetts",2020-03-19,3.25140455691177,2.8879723485448,3.63277836187877
"Massachusetts",2020-03-20,3.22954675478214,2.91658319625629,3.55581237047448
"Massachusetts",2020-03-21,3.18659982843482,2.91620772847797,3.46699942708846
"Massachusetts",2020-03-22,2.98040693907651,2.75313488027099,3.21520877895226
"Massachusetts",2020-03-23,2.80670537106074,2.61450824657713,3.00460070440649
"Massachusetts",2020-03-24,3.48523404021212,3.29678412714545,3.67806733263883
"Massachusetts",2020-03-25,4.48213790623256,4.29417726296742,4.67347124190635
"Massachusetts",2020-03-26,4.3153695193679,4.15808107553274,4.4751051291932
"Massachusetts",2020-03-27,3.99911572711143,3.87373888275805,4.12616673195734
"Massachusetts",2020-03-28,3.67315195232075,3.57320419069746,3.77425597575261
"Massachusetts",2020-03-29,3.01370635417847,2.93743677661612,3.09079589515079
"Massachusetts",2020-03-30,2.42484064402971,2.36629651493351,2.48398492149458
"Massachusetts",2020-03-31,1.94477095123271,1.89874966215842,1.9912545518084
"Massachusetts",2020-04-01,1.76245938817392,1.72291028045868,1.8023850361035
"Massachusetts",2020-04-02,1.6215629780316,1.58647968420901,1.65696821120696
"Massachusetts",2020-04-03,1.5313598917973,1.49937235068454,1.56363073672398
"Massachusetts",2020-04-04,1.51531157615308,1.48517346057807,1.54570373764711
"Massachusetts",2020-04-05,1.3692927123289,1.3419925567912,1.39682355582149
"Massachusetts",2020-04-06,1.34051450987611,1.31466735597707,1.36657282925219
"Massachusetts",2020-04-07,1.28791009277332,1.26348984183494,1.31252650988426
"Massachusetts",2020-04-08,1.26674957283491,1.2432873588801,1.29039585337227
"Massachusetts",2020-04-09,1.30688321861498,1.283709183217,1.33023125338892
"Massachusetts",2020-04-10,1.34110268257628,1.3182358130996,1.36413459845157
"Massachusetts",2020-04-11,1.4212544877612,1.39836605426522,1.44429889067054
"Massachusetts",2020-04-12,1.49785648164715,1.4750928489591,1.52076644119314
"Massachusetts",2020-04-13,1.39248000014073,1.3713422477134,1.4137534702743
"Massachusetts",2020-04-14,1.24877067043365,1.22957342103301,1.2680927555718
"Massachusetts",2020-04-15,1.11981078259575,1.10228931204837,1.13744823520076
"Massachusetts",2020-04-16,1.08527575896766,1.06846921235841,1.10219240408018
"Michigan",2020-03-25,3.14814876156902,3.03213374995951,3.2659890855831
"Michigan",2020-03-26,2.67646236928925,2.58593608002889,2.76829416890886
"Michigan",2020-03-27,2.50185374907692,2.42555033832215,2.57914797369749
"Michigan",2020-03-28,2.48398743268405,2.41631338702066,2.55244535935807
"Michigan",2020-03-29,2.31076479583125,2.2521732980507,2.36998741837427
"Michigan",2020-03-30,2.12197577546874,2.07141813009672,2.17304480707987
"Michigan",2020-03-31,1.97573380688814,1.93146092723749,2.02042760537213
"Michigan",2020-04-01,1.9956866760741,1.95488281106984,2.03684420916448
"Michigan",2020-04-02,1.89321419358046,1.85649931985373,1.93023076640595
"Michigan",2020-04-03,1.82649760796254,1.79311331146878,1.86014033734812
"Michigan",2020-04-04,1.7163793017356,1.68629289837273,1.74668899582098
"Michigan",2020-04-05,1.56536657452278,1.53851462411995,1.59241351359779
"Michigan",2020-04-06,1.44384468844373,1.41956657697056,1.46829559055946
"Michigan",2020-04-07,1.31262527235713,1.29062157281088,1.33478508953089
"Michigan",2020-04-08,1.19294874942811,1.1728143271764,1.21322701150055
"Michigan",2020-04-09,1.03553754998764,1.01735034027577,1.05386000308113
"Michigan",2020-04-10,0.962520750679599,0.945334353857806,0.979837093707839
"Michigan",2020-04-11,0.92494857408779,0.908231119789301,0.941793986337973
"Michigan",2020-04-12,0.83128341145447,0.815415114335536,0.847280043452047
"Michigan",2020-04-13,0.760679124659979,0.74538512204843,0.776103462888393
"Michigan",2020-04-14,0.7836525843558,0.767883665047476,0.799555998519642
"Michigan",2020-04-15,0.807640191313351,0.791257561800705,0.824163686400063
"Michigan",2020-04-16,0.842822241869758,0.825666903649435,0.860125603769562
"Minnesota",2020-03-26,2.82714897906427,2.52892858236901,3.13922196107876
"Minnesota",2020-03-27,2.32225366747211,2.09098135968506,2.56364061829218
"Minnesota",2020-03-28,1.89171373528433,1.70674886940078,2.0846140385174
"Minnesota",2020-03-29,1.55513947223196,1.40280858204894,1.71401808090867
"Minnesota",2020-03-30,1.56907938955533,1.42654827211301,1.71727330727495
"Minnesota",2020-03-31,1.5346299909879,1.40092435412312,1.67342205166136
"Minnesota",2020-04-01,1.39707776244102,1.27553001539045,1.52324256737312
"Minnesota",2020-04-02,1.27889220665517,1.16778496860655,1.39421367462086
"Minnesota",2020-04-03,1.19990238858542,1.09624500699639,1.30746840100231
"Minnesota",2020-04-04,1.17640146446071,1.07658043907514,1.27991697197655
"Minnesota",2020-04-05,1.12180189960621,1.02635483448606,1.22079154657772
"Minnesota",2020-04-06,1.07835348401055,0.986352177109695,1.17377918687899
"Minnesota",2020-04-07,1.11848918466974,1.02593412342347,1.21438171030256
"Minnesota",2020-04-08,1.18932292611134,1.09472630510491,1.28719343914077
"Minnesota",2020-04-09,1.27815900581342,1.18111549932095,1.37840324045469
"Minnesota",2020-04-10,1.28123285742776,1.18569803270848,1.37986031801643
"Minnesota",2020-04-11,1.27844102128638,1.18523051003046,1.37459973724794
"Minnesota",2020-04-12,1.56424604192305,1.46363898901326,1.66764938691058
"Minnesota",2020-04-13,1.34804130834032,1.25746551633923,1.4412504672178
"Minnesota",2020-04-14,1.15613137231842,1.07567832911017,1.23900955136696
"Minnesota",2020-04-15,1.13026865546177,1.05340900608672,1.20939067416802
"Minnesota",2020-04-16,1.10343523889768,1.02904243408951,1.1799984941969
"Mississippi",2020-03-27,2.86774839711839,2.64663884636869,3.09626774773249
"Mississippi",2020-03-28,2.19413580570432,2.02914691026793,2.36451239957185
"Mississippi",2020-03-29,1.88994327925203,1.75455790797344,2.02953352860959
"Mississippi",2020-03-30,1.62657376351129,1.51202285316402,1.74462046272399
"Mississippi",2020-03-31,1.494369959887,1.39212858564362,1.5996398155074
"Mississippi",2020-04-01,1.39820410096377,1.30465283656891,1.4944634608062
"Mississippi",2020-04-02,1.30403248636841,1.21764751371148,1.39289256550853
"Mississippi",2020-04-03,1.39502631362814,1.30883626833019,1.4835149980023
"Mississippi",2020-04-04,1.3227122449679,1.24139584333098,1.40618624402741
"Mississippi",2020-04-05,1.40482612388913,1.32368791400371,1.48798357366981
"Mississippi",2020-04-06,1.33441849177751,1.25787045672988,1.41285826016531
"Mississippi",2020-04-07,1.30925400450962,1.23597584197648,1.3842979608789
"Mississippi",2020-04-08,1.20385780764827,1.13583801387004,1.27353265785284
"Mississippi",2020-04-09,1.24167157812729,1.17449649464958,1.3104100414286
"Mississippi",2020-04-10,1.33315483558194,1.26508006787804,1.40272295785469
"Mississippi",2020-04-11,1.25977606406315,1.19513257838078,1.32584474853645
"Mississippi",2020-04-12,1.23797658372956,1.17563629273959,1.30166509532253
"Mississippi",2020-04-13,1.15667384461425,1.09798118109884,1.21664579068655
"Mississippi",2020-04-14,1.16678767802241,1.10914089578744,1.22565713791046
"Mississippi",2020-04-15,1.14266031785527,1.08661286556905,1.19988776474216
"Mississippi",2020-04-16,1.16230549803896,1.10665281795115,1.21910135562423
"Missouri",2020-03-28,4.09193730297335,3.84248630171607,4.34795007606798
"Missouri",2020-03-29,2.71749195672637,2.55319520051305,2.88607392130601
"Missouri",2020-03-30,2.15123953457242,2.02737677869435,2.27817497315986
"Missouri",2020-03-31,2.07599943397186,1.96786483586524,2.18655489417135
"Missouri",2020-04-01,1.908021894708,1.81332071085698,2.00474109438131
"Missouri",2020-04-02,1.75486853299632,1.67112939827461,1.84032179455747
"Missouri",2020-04-03,1.66112859251225,1.58538572772179,1.73835160720237
"Missouri",2020-04-04,1.59048116668216,1.5209433944118,1.66132084877619
"Missouri",2020-04-05,1.34644561300239,1.28602788695249,1.40802486017755
"Missouri",2020-04-06,1.26918436009027,1.21335464049948,1.32606585992653
"Missouri",2020-04-07,1.25322691654692,1.19971616544993,1.30771563772932
"Missouri",2020-04-08,1.21658826561667,1.16528325682773,1.26881914189248
"Missouri",2020-04-09,1.10776486133337,1.05997514477667,1.15643720788308
"Missouri",2020-04-10,1.12467640813208,1.07748159417049,1.17271863350806
"Missouri",2020-04-11,1.20124869010442,1.15313880051568,1.25018234929936
"Missouri",2020-04-12,1.01572682803637,0.972089068612594,1.06016713605036
"Missouri",2020-04-13,0.926353099462605,0.885306678538817,0.968178550100903
"Missouri",2020-04-14,0.920469445504955,0.879802704510204,0.961905715031326
"Missouri",2020-04-15,0.925511663503235,0.884577417504619,0.967221363908918
"Missouri",2020-04-16,0.909852894365205,0.868949062793869,0.95154460596982
"Montana",2020-04-02,2.02944023835541,1.73580366718287,2.34213877416
"Montana",2020-04-03,1.52359002351824,1.29860883825303,1.76349841274534
"Montana",2020-04-04,1.34705224654285,1.15214933913541,1.55460763900298
"Montana",2020-04-05,1.22648420281865,1.04972987190878,1.41466417259447
"Montana",2020-04-06,1.14750797285351,0.982135272993749,1.32357058756377
"Montana",2020-04-07,0.925786222720616,0.781022866071685,1.08076405484474
"Montana",2020-04-08,0.805402642874803,0.672438880309869,0.948314509052438
"Montana",2020-04-09,0.818122857670474,0.683758227277154,0.962484113631262
"Montana",2020-04-10,0.772290125370013,0.639861583170136,0.915042843695296
"Montana",2020-04-11,0.758967509903076,0.624991038608126,0.90372375372473
"Montana",2020-04-12,0.68843887138541,0.558019447143301,0.830193917317097
"Montana",2020-04-13,0.802959645198223,0.657698886763116,0.960224815927675
"Montana",2020-04-14,0.766656968946396,0.620406091804237,0.925716873542857
"Montana",2020-04-15,0.608956283759823,0.475806675202927,0.755667871595663
"Montana",2020-04-16,0.6457057783791,0.504520813338141,0.801271165496671
"Nebraska",2020-04-03,2.64088418813897,2.32131904313771,2.97760265828501
"Nebraska",2020-04-04,2.20461525918751,1.95642307060306,2.46515248424537
"Nebraska",2020-04-05,1.66017467898278,1.46862180393212,1.86150546465149
"Nebraska",2020-04-06,1.77701592722617,1.594852831888,1.9673907044831
"Nebraska",2020-04-07,1.53748856906599,1.37861313694561,1.70358622347898
"Nebraska",2020-04-08,1.50157384163492,1.35341296072966,1.65615196080203
"Nebraska",2020-04-09,1.52569666202396,1.38352407378111,1.67367007692461
"Nebraska",2020-04-10,1.58898751645348,1.45014857102973,1.73312393407258
"Nebraska",2020-04-11,1.45681754523259,1.32989136835284,1.58857224200997
"Nebraska",2020-04-12,1.42277413913371,1.30317642872828,1.54675531323804
"Nebraska",2020-04-13,1.35072587223255,1.23909687501735,1.46637475643868
"Nebraska",2020-04-14,1.29047693773184,1.1854337773826,1.39924372268057
"Nebraska",2020-04-15,1.23217115986559,1.13285880770925,1.3349681530044
"Nebraska",2020-04-16,1.20565440690511,1.11009903856534,1.30450469263818
"Nevada",2020-03-26,3.6021144104629,3.30012419005157,3.91514266557001
"Nevada",2020-03-27,3.07049882590463,2.83812636363413,3.31050987172968
"Nevada",2020-03-28,2.70213856401651,2.51528582567185,2.89458712569343
"Nevada",2020-03-29,2.47212806368135,2.31553728877609,2.63300336511072
"Nevada",2020-03-30,2.17518412290711,2.04447711876175,2.30927888605489
"Nevada",2020-03-31,1.71407863282346,1.60958567520145,1.82132026230115
"Nevada",2020-04-01,1.51229909578076,1.42233230998029,1.60457380509406
"Nevada",2020-04-02,1.49640560659248,1.4124062793205,1.58243518051137
"Nevada",2020-04-03,1.31599724821849,1.2409663592187,1.39287078168585
"Nevada",2020-04-04,1.25043515816422,1.18028447752834,1.32228034336274
"Nevada",2020-04-05,1.16887178639597,1.10321956447322,1.23611176839779
"Nevada",2020-04-06,1.14191306382986,1.07859158960463,1.20674595420055
"Nevada",2020-04-07,1.05479625537662,0.995055817341458,1.11599386846221
"Nevada",2020-04-08,1.07374079483237,1.01426796547849,1.13463150767549
"Nevada",2020-04-09,1.11350181351118,1.05342490096178,1.17497300843195
"Nevada",2020-04-10,1.02571776981682,0.968509680794884,1.08429947074458
"Nevada",2020-04-11,0.998450746231041,0.942502467506438,1.05574883993701
"Nevada",2020-04-12,1.04625782564797,0.989247772546203,1.10460445532496
"Nevada",2020-04-13,1.09662855530807,1.03834327505575,1.15624591502183
"Nevada",2020-04-14,0.953631550376096,0.899523297162156,1.00906204159752
"Nevada",2020-04-15,0.869897914905661,0.81855406444463,0.922548275861307
"Nevada",2020-04-16,0.824758218581744,0.774722718111793,0.876103360294951
"New Hampshire",2020-03-29,3.05797330376413,2.66911586422517,3.46882954888122
"New Hampshire",2020-03-30,2.87445040648758,2.55390997608362,3.21077575472871
"New Hampshire",2020-03-31,2.44541009693535,2.18691306311786,2.7159411140761
"New Hampshire",2020-04-01,2.14129174592894,1.92683346207159,2.36518491231859
"New Hampshire",2020-04-02,1.97330351981748,1.78758744537846,2.16667586949029
"New Hampshire",2020-04-03,1.84591171077047,1.6812764155854,2.01696446042459
"New Hampshire",2020-04-04,1.76033890530936,1.61137218564343,1.9148035883877
"New Hampshire",2020-04-05,1.49829237235778,1.37011173103343,1.63125768444533
"New Hampshire",2020-04-06,1.2990700141848,1.18684572206553,1.41552597144058
"New Hampshire",2020-04-07,1.12932657892999,1.02949617908996,1.23301243908293
"New Hampshire",2020-04-08,0.989212116137039,0.898647897316266,1.0834039684941
"New Hampshire",2020-04-09,0.866100966572221,0.782758737285369,0.952959593879235
"New Hampshire",2020-04-10,0.816637378863004,0.735910990980933,0.900866976593998
"New Hampshire",2020-04-11,0.821110347952311,0.739336298984837,0.906460766795558
"New Hampshire",2020-04-12,0.883756148795505,0.797345697527539,0.973873816129097
"New Hampshire",2020-04-13,0.929007561946578,0.838660154828191,1.02320934773201
"New Hampshire",2020-04-14,1.06261583456011,0.964396090698362,1.1648092948817
"New Hampshire",2020-04-15,1.14109481035375,1.03839411786139,1.24783674594188
"New Hampshire",2020-04-16,1.1569735861614,1.05378409623748,1.26418538401467
"New Jersey",2020-03-22,4.86422238349394,4.67396285965124,5.05766223497319
"New Jersey",2020-03-23,4.6291028097425,4.4801393843052,4.78010865409526
"New Jersey",2020-03-24,3.89715478114777,3.78538031644429,4.01029308214928
"New Jersey",2020-03-25,3.01181280969173,2.93048467149835,3.09407455419081
"New Jersey",2020-03-26,3.53856767308185,3.46364489199127,3.61416315398505
"New Jersey",2020-03-27,3.33716423743648,3.27399304271502,3.40084203095907
"New Jersey",2020-03-28,3.03457556519186,2.98275533557108,3.08677038824141
"New Jersey",2020-03-29,2.59011010405646,2.54875833491267,2.63174120689258
"New Jersey",2020-03-30,2.44738370179665,2.41213291164399,2.48284917599188
"New Jersey",2020-03-31,2.1489600424474,2.11948173128994,2.17860928194204
"New Jersey",2020-04-01,1.88324241176235,1.85833435335133,1.90828969602842
"New Jersey",2020-04-02,1.72096301018484,1.6991598146727,1.74288291680799
"New Jersey",2020-04-03,1.66502663292284,1.64508808884218,1.68506602816818
"New Jersey",2020-04-04,1.62423262290014,1.60572564538792,1.64282864977493
"New Jersey",2020-04-05,1.45840785199638,1.44184243993457,1.47505272010421
"New Jersey",2020-04-06,1.40885112394914,1.39340177086738,1.42437200642022
"New Jersey",2020-04-07,1.27685596419845,1.26278081951242,1.29099661825543
"New Jersey",2020-04-08,1.16928426832592,1.15630284159521,1.18232654761962
"New Jersey",2020-04-09,1.06946003493371,1.05738815271327,1.08158945767988
"New Jersey",2020-04-10,0.998267965864906,0.9868177037207,1.00977369131708
"New Jersey",2020-04-11,0.988627308786526,0.977337594233226,0.999971466839911
"New Jersey",2020-04-12,0.989632091119944,0.978361897791319,1.00095648402595
"New Jersey",2020-04-13,0.962844033295584,0.951719540934733,0.974022805919409
"New Jersey",2020-04-14,1.02430869537364,1.01281544160869,1.03585640330522
"New Jersey",2020-04-15,0.962342806690734,0.951178456739791,0.973561856136381
"New Jersey",2020-04-16,0.997945480269371,0.986572137957855,1.00937355919263
"New Mexico",2020-03-31,3.01812633985682,2.67916245951809,3.37390779715883
"New Mexico",2020-04-01,2.41622049677746,2.15917517097865,2.68531257703917
"New Mexico",2020-04-02,1.73878765658349,1.54756968028952,1.93928520614098
"New Mexico",2020-04-03,1.9282044665671,1.74519828061206,2.11882180580584
"New Mexico",2020-04-04,1.78094782780382,1.61712062111501,1.95136992750221
"New Mexico",2020-04-05,1.73760363372097,1.58642965284202,1.89452004123337
"New Mexico",2020-04-06,1.64667351684309,1.50880363095698,1.78957577653617
"New Mexico",2020-04-07,1.69111047223519,1.55954145705311,1.82712995201461
"New Mexico",2020-04-08,1.61631445193319,1.49477505796814,1.74182270453238
"New Mexico",2020-04-09,1.54220097761146,1.42998354089369,1.65796050622968
"New Mexico",2020-04-10,1.53659231794491,1.43033704068014,1.64602970409906
"New Mexico",2020-04-11,1.39816429998019,1.30165423875843,1.49755929259192
"New Mexico",2020-04-12,1.29690643838608,1.20809708534455,1.38834878733689
"New Mexico",2020-04-13,1.18484151188913,1.10312930156164,1.2689940611028
"New Mexico",2020-04-14,1.09986683995967,1.02339855767568,1.17863798750908
"New Mexico",2020-04-15,0.965625317332711,0.895431816831746,1.03803217302154
"New Mexico",2020-04-16,0.965981890838533,0.896516087053842,1.03761383301637
"New York",2020-03-14,5.5609378259295,5.16026064730259,5.97413435083878
"New York",2020-03-15,4.02192050408696,3.75371987500992,4.29785822531157
"New York",2020-03-16,3.47034840407341,3.26826609216097,3.67750219708481
"New York",2020-03-17,3.65889338677751,3.4838506417288,3.83752859595165
"New York",2020-03-18,4.76561110090459,4.59410439814668,4.93975197741983
"New York",2020-03-19,6.15717650149188,5.99233748589309,6.32389139774766
"New York",2020-03-20,7.01145431050604,6.86894677881987,7.15518965064396
"New York",2020-03-21,6.29564028978592,6.19046137746359,6.40156292004864
"New York",2020-03-22,5.52837715960594,5.45233996323641,5.6048564335534
"New York",2020-03-23,4.69133044711247,4.63621100218028,4.74672341085473
"New York",2020-03-24,3.6285299940212,3.58950506523922,3.66773211461467
"New York",2020-03-25,3.08441929823492,3.05464417075095,3.1143157145841
"New York",2020-03-26,2.4845689958966,2.46172693744369,2.50749965192005
"New York",2020-03-27,2.05173023459633,2.0335368246954,2.06999169796967
"New York",2020-03-28,1.84858180057224,1.83305124830158,1.86416738185337
"New York",2020-03-29,1.58315295900276,1.56993807921082,1.59641435991587
"New York",2020-03-30,1.4810006212141,1.4690643823161,1.49297742716622
"New York",2020-03-31,1.37052092658616,1.35963837161884,1.38143991899419
"New York",2020-04-01,1.31900591733605,1.30878414467829,1.32926108968052
"New York",2020-04-02,1.31642773772673,1.30657394333537,1.32631262765558
"New York",2020-04-03,1.27256368445462,1.26317093156763,1.28198566373318
"New York",2020-04-04,1.34412286385799,1.33474597590447,1.3535273241138
"New York",2020-04-05,1.27851948750404,1.26962498383394,1.28744007234471
"New York",2020-04-06,1.18628126879233,1.1779636824904,1.19462343657187
"New York",2020-04-07,1.15134020449603,1.1433629176442,1.15934078794899
"New York",2020-04-08,1.11386679811855,1.10617908042652,1.12157687944965
"New York",2020-04-09,1.08791524478558,1.08043533640146,1.0954168288895
"New York",2020-04-10,1.03300165298709,1.02580091830931,1.04022354427747
"New York",2020-04-11,1.05172872138377,1.0445277879489,1.05895043477452
"New York",2020-04-12,1.04838694417495,1.041236382604,1.05555806108483
"New York",2020-04-13,0.984005453688276,0.977111073863585,0.990920194227168
"New York",2020-04-14,0.937941786787981,0.93123833323929,0.944665435494438
"New York",2020-04-15,0.956383070704255,0.949613733141644,0.963172604655723
"New York",2020-04-16,0.927669778440807,0.920973896372938,0.934386033798045
"North Carolina",2020-03-25,3.9189788030471,3.62334650271163,4.2242969038134
"North Carolina",2020-03-26,2.93329463935742,2.71985500966888,3.15347139302299
"North Carolina",2020-03-27,2.57301531753552,2.40270722723319,2.74819895639458
"North Carolina",2020-03-28,2.32586362159367,2.18357946520603,2.47190398691264
"North Carolina",2020-03-29,2.29175347235387,2.16510707793061,2.42141215247609
"North Carolina",2020-03-30,1.96761748715892,1.8613426398456,2.07636154474492
"North Carolina",2020-03-31,1.74193488203075,1.65078418208594,1.83513580921812
"North Carolina",2020-04-01,1.45672214996698,1.37966333939449,1.53553359596253
"North Carolina",2020-04-02,1.46388018797121,1.39122316700021,1.53808547911115
"North Carolina",2020-04-03,1.39298150747216,1.32529140345932,1.46208318365407
"North Carolina",2020-04-04,1.41519964367213,1.3496450934287,1.48205601638921
"North Carolina",2020-04-05,1.36195863181508,1.30000113727677,1.42512402111623
"North Carolina",2020-04-06,1.32578417231447,1.26684448053672,1.3858462723591
"North Carolina",2020-04-07,1.51110117386912,1.45023501308942,1.57301560134521
"North Carolina",2020-04-08,1.35084151084679,1.29520558473498,1.4074575855989
"North Carolina",2020-04-09,1.24133921817069,1.19008343573358,1.29350031791861
"North Carolina",2020-04-10,1.11788976894041,1.07091801524319,1.16570605909901
"North Carolina",2020-04-11,1.22009744080031,1.17219661224,1.26880200207602
"North Carolina",2020-04-12,1.12893372501592,1.08362512954515,1.17501978160199
"North Carolina",2020-04-13,1.03628873601694,0.993634986998994,1.0796934408653
"North Carolina",2020-04-14,1.00867579726334,0.967171705342736,1.05091036949863
"North Carolina",2020-04-15,0.933914330779394,0.89425286363853,0.974296672774048
"North Carolina",2020-04-16,0.985611299616616,0.944901764426061,1.02704010932453
"North Dakota",2020-04-05,2.55789133899019,2.15022603870256,2.99491827098067
"North Dakota",2020-04-06,1.9483710907546,1.6393453532915,2.27953834456032
"North Dakota",2020-04-07,1.43125723677682,1.1937286887282,1.68665841827363
"North Dakota",2020-04-08,1.25914147032847,1.05234602794795,1.48132233520066
"North Dakota",2020-04-09,1.20074366777107,1.00748799616588,1.40806651554897
"North Dakota",2020-04-10,1.09083952033542,0.911685194558918,1.28332279070349
"North Dakota",2020-04-11,0.983615186316945,0.816818987046002,1.16325851908083
"North Dakota",2020-04-12,0.931073155659154,0.770509645873695,1.10423157476363
"North Dakota",2020-04-13,1.05189045152055,0.880889113636118,1.23547438157093
"North Dakota",2020-04-14,1.0166195021567,0.847903391551034,1.19803051291828
"North Dakota",2020-04-15,1.08410153354374,0.909619022765967,1.27128471280789
"North Dakota",2020-04-16,1.29066281615827,1.10007686739596,1.49389389045004
"Ohio",2020-03-25,3.7956242832598,3.54166604452911,4.05693403300029
"Ohio",2020-03-26,3.04298575460702,2.85617625316513,3.23474474841495
"Ohio",2020-03-27,2.83583076156036,2.68198939854033,2.99326257836102
"Ohio",2020-03-28,2.54791615466085,2.42033481937844,2.67824077222284
"Ohio",2020-03-29,2.30977762406406,2.202179718238,2.41952460339965
"Ohio",2020-03-30,2.07918609138394,1.98765938637398,2.17243834492534
"Ohio",2020-03-31,1.86788294364002,1.78911204509647,1.94807536837749
"Ohio",2020-04-01,1.77690248621945,1.70622202296652,1.8487848082476
"Ohio",2020-04-02,1.60956467238537,1.54696395350907,1.67320579228051
"Ohio",2020-04-03,1.53609303104888,1.47869577605704,1.59440613960363
"Ohio",2020-04-04,1.49866971636936,1.44496761966709,1.5531930113712
"Ohio",2020-04-05,1.38481334627769,1.33561275217296,1.43475981084875
"Ohio",2020-04-06,1.35374182167998,1.30716379057551,1.40100333711184
"Ohio",2020-04-07,1.24733971290354,1.20427051554718,1.29104317997666
"Ohio",2020-04-08,1.17515275246847,1.13467478798473,1.21622535449774
"Ohio",2020-04-09,1.09423504114532,1.0561554016059,1.13287994482435
"Ohio",2020-04-10,1.02588676879157,0.989684275684,1.06263432428137
"Ohio",2020-04-11,1.03538515596592,0.999410237358575,1.07189324218323
"Ohio",2020-04-12,1.00028430788092,0.965107427388893,1.03598894878777
"Ohio",2020-04-13,1.01244468297823,0.977155629443219,1.04825841771624
"Ohio",2020-04-14,0.981994447619511,0.947284488510294,1.0172278609368
"Ohio",2020-04-15,1.04855917646986,1.01270209773314,1.08493915603167
"Ohio",2020-04-16,1.16696504704364,1.12911957294181,1.20533351869435
"Oklahoma",2020-03-30,2.65814290828078,2.43675109594994,2.88757182272844
"Oklahoma",2020-03-31,2.08097997646152,1.91345852968913,2.25437193623349
"Oklahoma",2020-04-01,1.93913559608047,1.7946951031917,2.08824685285864
"Oklahoma",2020-04-02,1.92811860276106,1.79585240860822,2.06431331684106
"Oklahoma",2020-04-03,1.8175683217039,1.69843136130936,1.94008182642897
"Oklahoma",2020-04-04,1.87624162063727,1.76357421554214,1.99182719699505
"Oklahoma",2020-04-05,1.72441712651841,1.62361793652569,1.8277559212149
"Oklahoma",2020-04-06,1.48355666697357,1.39627694606122,1.57304994057653
"Oklahoma",2020-04-07,1.30041503499967,1.22351028974924,1.37928066019524
"Oklahoma",2020-04-08,1.01706256119753,0.952149589223224,1.08376552193817
"Oklahoma",2020-04-09,1.03566250824902,0.971993067823513,1.10102131290849
"Oklahoma",2020-04-10,0.925330965866059,0.865816785265991,0.986499295225204
"Oklahoma",2020-04-11,0.893762998405447,0.835413523985459,0.953759385802395
"Oklahoma",2020-04-12,0.942184053442586,0.881958145158903,1.0040733166366
"Oklahoma",2020-04-13,0.891402573756019,0.83230343574733,0.952196458997295
"Oklahoma",2020-04-14,1.00278888523504,0.939507055868799,1.06779553561126
"Oklahoma",2020-04-15,0.895592823497632,0.835315236994845,0.95762596170378
"Oklahoma",2020-04-16,0.879731425199371,0.819700068519534,0.941536158035043
"Oregon",2020-03-26,3.11065967168622,2.76046639935002,3.4782714967351
"Oregon",2020-03-27,3.06932957586374,2.77294029941237,3.3782700641071
"Oregon",2020-03-28,2.66021967514983,2.42006085012032,2.90985885596353
"Oregon",2020-03-29,2.29925272080199,2.10308860732186,2.50271829142238
"Oregon",2020-03-30,2.03129104370039,1.86676434946518,2.20162005620133
"Oregon",2020-03-31,1.78771354340566,1.64750814274191,1.93270111639297
"Oregon",2020-04-01,1.50687263669165,1.3881426269002,1.62967185688652
"Oregon",2020-04-02,1.29813131658494,1.19488027056914,1.40495577539627
"Oregon",2020-04-03,1.20414575017951,1.10926829788001,1.30227491884479
"Oregon",2020-04-04,1.21425751481422,1.12186542985695,1.30970376053527
"Oregon",2020-04-05,1.19005226951628,1.10056582617553,1.2824608850985
"Oregon",2020-04-06,1.09446416177018,1.01035990786068,1.1813771864042
"Oregon",2020-04-07,1.06376048062073,0.982286313947611,1.14794626100632
"Oregon",2020-04-08,0.964383194476212,0.887768917126055,1.04364575269333
"Oregon",2020-04-09,0.973070284759519,0.896578070407297,1.05217778880774
"Oregon",2020-04-10,0.858665821247896,0.786867522389307,0.933081241372501
"Oregon",2020-04-11,0.882647331702942,0.80951395464506,0.958421373584637
"Oregon",2020-04-12,0.940255849564172,0.863910211918009,1.01930086098741
"Oregon",2020-04-13,0.983668024985233,0.904577828689471,1.06552631336114
"Oregon",2020-04-14,0.978302961162473,0.898769377970547,1.06065225672316
"Oregon",2020-04-15,0.856250201322805,0.781648845194113,0.93368953887749
"Oregon",2020-04-16,0.921005730040904,0.843275820851692,1.00159644611133
"Pennsylvania",2020-03-23,4.55629153804707,4.23980197988603,4.88230337593411
"Pennsylvania",2020-03-24,3.77583814938085,3.54629493389785,4.01140227875155
"Pennsylvania",2020-03-25,3.51446128648578,3.33046494985201,3.70259836954457
"Pennsylvania",2020-03-26,3.73495406817247,3.57354528988369,3.89934919628731
"Pennsylvania",2020-03-27,3.51265364848007,3.37872675604836,3.64876179213483
"Pennsylvania",2020-03-28,3.21424497937053,3.1050866831675,3.32498398672034
"Pennsylvania",2020-03-29,2.86064234156217,2.77227306162165,2.95017408410083
"Pennsylvania",2020-03-30,2.55350034052709,2.48089350472748,2.62698538454505
"Pennsylvania",2020-03-31,2.3152292310107,2.25417443832182,2.37696830903966
"Pennsylvania",2020-04-01,1.98752861999545,1.93684772078781,2.03875855903034
"Pennsylvania",2020-04-02,1.91212032274901,1.86694679276835,1.95774688704981
"Pennsylvania",2020-04-03,1.89948202852284,1.85794674416657,1.94140256890142
"Pennsylvania",2020-04-04,1.94865486437592,1.90957239100061,1.98806957032992
"Pennsylvania",2020-04-05,1.87596832948902,1.84032403332585,1.91189955258539
"Pennsylvania",2020-04-06,1.75585855103672,1.72384859359104,1.78811565488929
"Pennsylvania",2020-04-07,1.65487135426436,1.62592574539639,1.68403132005642
"Pennsylvania",2020-04-08,1.55910754505256,1.53274994240619,1.58565375715171
"Pennsylvania",2020-04-09,1.47528769744691,1.45105719535539,1.49968661678177
"Pennsylvania",2020-04-10,1.34370208501536,1.321698722754,1.36585792431785
"Pennsylvania",2020-04-11,1.2542660646175,1.23389469863914,1.27477743936085
"Pennsylvania",2020-04-12,1.13736389528342,1.1186102201379,1.15624843549892
"Pennsylvania",2020-04-13,1.06327446779676,1.04559201230262,1.08108137945136
"Pennsylvania",2020-04-14,0.973073273223826,0.956426753658341,0.989840342580403
"Pennsylvania",2020-04-15,0.879636957731432,0.863934216074002,0.895458399398963
"Pennsylvania",2020-04-16,0.856110897490029,0.840607516924037,0.871733175877248
"Puerto Rico",2020-04-04,2.91438634508284,2.65406441365151,3.18487144033791
"Puerto Rico",2020-04-05,1.98131167986297,1.79758236736833,2.17249928670898
"Puerto Rico",2020-04-06,1.41525810299669,1.27786700868473,1.55849964312621
"Puerto Rico",2020-04-07,1.26269210468977,1.1428498005558,1.38751860179993
"Puerto Rico",2020-04-08,1.22171232133032,1.10896835260697,1.33900998091537
"Puerto Rico",2020-04-09,1.16021820534637,1.05332055721105,1.27142620740225
"Puerto Rico",2020-04-10,0.996407170250957,0.899505048079081,1.09744330671725
"Puerto Rico",2020-04-11,1.10844463092964,1.00759949106271,1.21330288019227
"Puerto Rico",2020-04-12,1.34243890868213,1.23191983285488,1.45692208148371
"Puerto Rico",2020-04-13,1.13030804013961,1.03009552800349,1.23440267550415
"Puerto Rico",2020-04-14,0.991998763170314,0.900306298912902,1.0874008670596
"Puerto Rico",2020-04-15,0.921562226376038,0.834684844204014,1.01202744638659
"Puerto Rico",2020-04-16,0.999492027942444,0.909260069544685,1.09328592527212
"Rhode Island",2020-03-29,3.50882866901609,3.09982957371737,3.93893091782285
"Rhode Island",2020-03-30,3.6649583696289,3.31533035821146,4.02920523059748
"Rhode Island",2020-03-31,3.34820468879576,3.06215562239353,3.64491601984139
"Rhode Island",2020-04-01,2.75941981763792,2.53701202105685,2.98963138994235
"Rhode Island",2020-04-02,2.34196744276174,2.16434705847067,2.52543962508216
"Rhode Island",2020-04-03,1.91445450489764,1.77200074285804,2.0615098339261
"Rhode Island",2020-04-04,1.70886292866566,1.58668422190228,1.83482881223204
"Rhode Island",2020-04-05,1.47443582223841,1.36921959746644,1.58290699864598
"Rhode Island",2020-04-06,1.51208055670426,1.41158238016611,1.61546801568632
"Rhode Island",2020-04-07,1.53664401432167,1.43988905952828,1.63603009320816
"Rhode Island",2020-04-08,1.6804420576557,1.58356635894203,1.77972402981988
"Rhode Island",2020-04-09,1.95445565414519,1.8547525388153,2.05634377881884
"Rhode Island",2020-04-10,2.06793499194917,1.97113137774372,2.16668174407901
"Rhode Island",2020-04-11,2.10374510643408,2.01301962086083,2.19614561198902
"Rhode Island",2020-04-12,1.97548924934888,1.8945603854321,2.05783611314738
"Rhode Island",2020-04-13,1.84115472514487,1.76932373420332,1.91418330275112
"Rhode Island",2020-04-14,1.62355029793004,1.56115725230986,1.68696774328345
"Rhode Island",2020-04-15,1.41682703002536,1.36239333618077,1.47215419311907
"Rhode Island",2020-04-16,1.28440224168941,1.23533875784053,1.33426636109554
"South Carolina",2020-03-26,2.63618253233479,2.4024599853537,2.87895923542174
"South Carolina",2020-03-27,2.09864104631698,1.92199531477524,2.28177010578253
"South Carolina",2020-03-28,2.10879098654306,1.95088877911968,2.27182698109011
"South Carolina",2020-03-29,1.80067120749492,1.66709988630163,1.9385433323852
"South Carolina",2020-03-30,1.87904378604475,1.75300272937327,2.00874294078479
"South Carolina",2020-03-31,1.84286396841852,1.72648166384263,1.96242084564831
"South Carolina",2020-04-01,2.03556093929735,1.92129663236826,2.15258699127297
"South Carolina",2020-04-02,2.13867265313462,2.02951895492747,2.25021966167566
"South Carolina",2020-04-03,1.86625265764293,1.77214069879872,1.96240291915522
"South Carolina",2020-04-04,1.73353853004229,1.65010485209826,1.81869510163579
"South Carolina",2020-04-05,1.47263772153271,1.40117129222301,1.54559246306089
"South Carolina",2020-04-06,1.33350040042388,1.26948608836574,1.39883311011031
"South Carolina",2020-04-07,1.19138506694124,1.13356769921921,1.25040650062336
"South Carolina",2020-04-08,0.991630500357188,0.940595642453709,1.0437939383969
"South Carolina",2020-04-09,1.04310073241688,0.991751788948078,1.09553474181178
"South Carolina",2020-04-10,1.08286531775716,1.03086029423647,1.13594187415508
"South Carolina",2020-04-11,1.08441115951177,1.03255470001466,1.13733142346188
"South Carolina",2020-04-12,1.00476230460585,0.955188359928675,1.05538623738181
"South Carolina",2020-04-13,0.931221720448927,0.883855040963092,0.979623365807629
"South Carolina",2020-04-14,0.9080507812039,0.861386626469464,0.955745299518374
"South Carolina",2020-04-15,0.791139934635648,0.747420127328912,0.835899617976055
"South Carolina",2020-04-16,0.809453471823414,0.764772621789787,0.855195815077412
"South Dakota",2020-04-05,3.33129455557235,2.88210990199632,3.80752428957038
"South Dakota",2020-04-06,2.95198872971236,2.60058270050105,3.32193338745411
"South Dakota",2020-04-07,2.33904510637652,2.06848031595641,2.62345787329647
"South Dakota",2020-04-08,2.17795818300534,1.94675403846987,2.41997375024378
"South Dakota",2020-04-09,2.02689930988068,1.82504122365431,2.23758561469077
"South Dakota",2020-04-10,2.11334327240742,1.92428866200289,2.30979028973855
"South Dakota",2020-04-11,2.13254661055938,1.95742611341455,2.31393177990869
"South Dakota",2020-04-12,2.0597061961481,1.90142778105627,2.22327052435336
"South Dakota",2020-04-13,2.14778794081835,1.99926851865776,2.3007551888721
"South Dakota",2020-04-14,1.9678338736549,1.83715288100104,2.10226869348491
"South Dakota",2020-04-15,2.01006817782538,1.88862459614132,2.1346770427427
"South Dakota",2020-04-16,1.84110912883104,1.73376297158295,1.95115277123029
"Tennessee",2020-03-25,3.23481641446937,3.02929632390388,3.44597726387803
"Tennessee",2020-03-26,2.5855915525413,2.43177451858025,2.7433544643749
"Tennessee",2020-03-27,2.27779995036335,2.15221116660765,2.40636889903153
"Tennessee",2020-03-28,1.97167093487715,1.86715310498819,2.07857103692346
"Tennessee",2020-03-29,1.82109195786588,1.72960436100325,1.91455336554116
"Tennessee",2020-03-30,1.54706079788732,1.46911915193271,1.62668888844344
"Tennessee",2020-03-31,1.61659631378754,1.54195145172631,1.69271869749058
"Tennessee",2020-04-01,1.99736200160874,1.91858302315992,2.07746904241514
"Tennessee",2020-04-02,1.76408189852836,1.69409688513604,1.83525374507706
"Tennessee",2020-04-03,1.51067056370608,1.45036633400244,1.57200392494619
"Tennessee",2020-04-04,1.34781848009914,1.29444140526133,1.40209912792546
"Tennessee",2020-04-05,1.31133912054673,1.26116475536955,1.36233361015405
"Tennessee",2020-04-06,1.14594822087292,1.1006846339559,1.19197599253742
"Tennessee",2020-04-07,0.839739220408172,0.802100822728605,0.878100380182709
"Tennessee",2020-04-08,0.85030014059416,0.812977315156462,0.888324546544103
"Tennessee",2020-04-09,0.889176532234932,0.850790205871927,0.928272319021527
"Tennessee",2020-04-10,0.982527465068736,0.941565733753063,1.02421981945493
"Tennessee",2020-04-11,0.953403624915681,0.912541737521073,0.995015171366022
"Tennessee",2020-04-12,0.929364809135819,0.888775240536664,0.970713482370945
"Tennessee",2020-04-13,0.993405028192264,0.951231291297119,1.03634503974854
"Tennessee",2020-04-14,0.96022994426981,0.918543716031131,1.00269102513763
"Tennessee",2020-04-15,0.976250472546322,0.934075779741386,1.0192051954843
"Tennessee",2020-04-16,0.896150036380767,0.855632409888896,0.937452644454917
"Texas",2020-03-23,3.5359507516723,3.30620380806437,3.77215055126516
"Texas",2020-03-24,2.60267506676669,2.44210124185919,2.76752502691513
"Texas",2020-03-25,2.43227734378586,2.29839938152145,2.56932663430617
"Texas",2020-03-26,2.58658848795784,2.46331828333073,2.71237873520011
"Texas",2020-03-27,2.50477437079068,2.39553488160471,2.61605389628154
"Texas",2020-03-28,2.20308422094291,2.11126702599994,2.29653859368555
"Texas",2020-03-29,2.3112777736643,2.2266153566983,2.39726407888555
"Texas",2020-03-30,2.10278233388228,2.02937292824915,2.17728495639152
"Texas",2020-03-31,1.95804858215475,1.89354254592975,2.02346035840397
"Texas",2020-04-01,1.82246498166618,1.76535993968831,1.88033212525
"Texas",2020-04-02,1.68939809660792,1.63846922370575,1.74098054529533
"Texas",2020-04-03,1.76085818511402,1.71225063658104,1.81003629959553
"Texas",2020-04-04,1.71131657493807,1.66623411792894,1.75690377623439
"Texas",2020-04-05,1.58981362318211,1.54895710108119,1.63111625585112
"Texas",2020-04-06,1.58125830049652,1.54285600366551,1.62005661386525
"Texas",2020-04-07,1.47523265633578,1.44006931201558,1.51075182649937
"Texas",2020-04-08,1.42278105463678,1.38991585213522,1.45596844910288
"Texas",2020-04-09,1.48013313980411,1.44804554935061,1.5125157755424
"Texas",2020-04-10,1.37011656944053,1.34046312991441,1.40004221716369
"Texas",2020-04-11,1.34962491221112,1.32135785972057,1.37814299513663
"Texas",2020-04-12,1.16211847875732,1.13682780167229,1.18764260986222
"Texas",2020-04-13,1.0645688722419,1.04109996607464,1.08825725869556
"Texas",2020-04-14,1.00308823811942,0.980751879180117,1.02563561074517
"Texas",2020-04-15,0.862417956288616,0.841902629363668,0.883140463225579
"Texas",2020-04-16,0.844320100733645,0.824036037564484,0.864811061580838
"Utah",2020-03-26,2.8652004174638,2.59463892505466,3.14695507038147
"Utah",2020-03-27,2.4173101305667,2.20670041199927,2.63593185455126
"Utah",2020-03-28,2.34107394810228,2.15789295302263,2.53048803806269
"Utah",2020-03-29,2.06107360002806,1.90609036890916,2.22111779545577
"Utah",2020-03-30,1.87043544028117,1.73618874222804,2.00885996384225
"Utah",2020-03-31,1.68492652953102,1.56767560967124,1.80571180181204
"Utah",2020-04-01,1.64816313496775,1.54004316940332,1.75934994714918
"Utah",2020-04-02,1.42278058645811,1.32821759911001,1.52006222193096
"Utah",2020-04-03,1.40370317895557,1.31458797140587,1.49526236650687
"Utah",2020-04-04,1.40207193926724,1.31665880691113,1.48973024759234
"Utah",2020-04-05,1.46643811494343,1.38221310716503,1.55274721005717
"Utah",2020-04-06,1.3423943219818,1.26476501989305,1.4219580177079
"Utah",2020-04-07,1.16607529976496,1.09652087747238,1.23741887805966
"Utah",2020-04-08,1.1826953621308,1.11485082416246,1.25221654371702
"Utah",2020-04-09,1.01875206682506,0.957159369356103,1.08195123266614
"Utah",2020-04-10,0.926037313622417,0.868241928486192,0.985390164710772
"Utah",2020-04-11,0.815535818649792,0.761643862078363,0.870967982047634
"Utah",2020-04-12,0.861455596492938,0.805746631581678,0.918721661111466
"Utah",2020-04-13,0.863727525233302,0.80711239240081,0.921947227337619
"Utah",2020-04-14,0.793799433288404,0.738660461207259,0.850597381795221
"Utah",2020-04-15,0.859860649202911,0.801490194671685,0.919946180329827
"Utah",2020-04-16,0.911278158255769,0.849996890431516,0.974342650125943
"Vermont",2020-03-31,2.30100756401572,2.01942453343856,2.59788581689622
"Vermont",2020-04-01,1.69803294747465,1.48597801231459,1.92185662973486
"Vermont",2020-04-02,1.32754784453161,1.15715756138247,1.50767317551736
"Vermont",2020-04-03,1.35532518806584,1.19311290914612,1.52614404488741
"Vermont",2020-04-04,1.59454156235827,1.42454502326744,1.77252315572853
"Vermont",2020-04-05,1.68550245726392,1.51637259087262,1.86208781502439
"Vermont",2020-04-06,1.49757152235443,1.34555542980837,1.65637014398813
"Vermont",2020-04-07,1.36420181206866,1.22678908991617,1.50769613247651
"Vermont",2020-04-08,1.30634163197805,1.17791541929954,1.44030906910199
"Vermont",2020-04-09,1.08891742693381,0.975938093753499,1.20705447364423
"Vermont",2020-04-10,0.941098686706046,0.838996001565287,1.04808626585587
"Vermont",2020-04-11,0.837576033465661,0.742596950906669,0.937315567140434
"Vermont",2020-04-12,0.778058928596693,0.686417635626363,0.874480850802077
"Vermont",2020-04-13,0.752999047989763,0.661626927763261,0.849290220243956
"Vermont",2020-04-14,0.670176543057921,0.582210978162217,0.763288938940111
"Vermont",2020-04-15,0.632616141706431,0.544852253361425,0.725827055256625
"Vermont",2020-04-16,0.463275738338475,0.385982744092021,0.54641806627773
"Virginia",2020-03-26,4.94633566531971,4.58461647126403,5.319531401884
"Virginia",2020-03-27,3.10653080612233,2.87092411684025,3.34989968309218
"Virginia",2020-03-28,2.4388097266301,2.26592776799346,2.61700338997041
"Virginia",2020-03-29,2.25224503673819,2.10750032327048,2.40100960945894
"Virginia",2020-03-30,2.09580164542096,1.97003461930227,2.22482387791544
"Virginia",2020-03-31,2.04541403533435,1.93205669470496,2.16147550238677
"Virginia",2020-04-01,1.81955635512871,1.72138558728679,1.92000549855916
"Virginia",2020-04-02,1.88042722378908,1.78819232820712,1.97460398602761
"Virginia",2020-04-03,1.8856632271945,1.79958196083285,1.97342867471902
"Virginia",2020-04-04,1.95259607135554,1.87090029232916,2.0357543531475
"Virginia",2020-04-05,1.79898970459936,1.7260406407672,1.87320372513837
"Virginia",2020-04-06,1.56345112491075,1.50028504092175,1.6277084490483
"Virginia",2020-04-07,1.53352161854445,1.47492597531758,1.59307371090894
"Virginia",2020-04-08,1.46740930160027,1.41304304730987,1.52263557670207
"Virginia",2020-04-09,1.39914786925373,1.34847602696008,1.45060298545143
"Virginia",2020-04-10,1.33133796924373,1.28394809505464,1.37944763939654
"Virginia",2020-04-11,1.43464546582521,1.38721932500968,1.48273985625847
"Virginia",2020-04-12,1.3169442653841,1.27301417284188,1.36149904294845
"Virginia",2020-04-13,1.23527992537979,1.19422670350972,1.27691472804027
"Virginia",2020-04-14,1.21406142759179,1.1746113044717,1.25405780851666
"Virginia",2020-04-15,1.12449606583104,1.08745809912855,1.16205398230347
"Virginia",2020-04-16,1.04574127402269,1.01074169764127,1.08124022508577
"Washington",2020-03-13,3.71826533903035,3.41857509404784,4.02847102229459
"Washington",2020-03-14,2.90950684629074,2.69210580823895,3.13396078807182
"Washington",2020-03-15,2.25146024916986,2.08795854319377,2.42011225050737
"Washington",2020-03-16,1.82368063856088,1.69366634477922,1.95771307238933
"Washington",2020-03-17,1.6721146143976,1.5587033565807,1.78885522877302
"Washington",2020-03-18,1.54639196232403,1.4447019024945,1.65097369318916
"Washington",2020-03-19,1.62809516895658,1.5294595447712,1.72930885983838
"Washington",2020-03-20,1.63082696697555,1.53692820803051,1.72705508708325
"Washington",2020-03-21,1.80964552988191,1.71567017501226,1.90571824044563
"Washington",2020-03-22,1.73235919234907,1.64541126603853,1.82118118261133
"Washington",2020-03-23,1.73351328191777,1.65182820919137,1.81684907954563
"Washington",2020-03-24,1.84787178387838,1.76861960703688,1.92857895036989
"Washington",2020-03-25,1.53158657368265,1.46387108273739,1.60058438343924
"Washington",2020-03-26,1.79014144201618,1.72140301546815,1.86000750385113
"Washington",2020-03-27,1.87751115849926,1.81088391161012,1.94514725700362
"Washington",2020-03-28,1.93259984696276,1.86906039502891,1.99702964487022
"Washington",2020-03-29,1.89990038815759,1.84118893603678,1.95938444399774
"Washington",2020-03-30,1.58738027585971,1.53756853060046,1.63785777595338
"Washington",2020-03-31,1.37795459918416,1.3346908165611,1.42179694274153
"Washington",2020-04-01,1.08732881484828,1.05093735851739,1.12423950523281
"Washington",2020-04-02,1.19732258550436,1.16045321513322,1.23467539491029
"Washington",2020-04-03,1.08898271419375,1.05446101259134,1.12397059790562
"Washington",2020-04-04,1.03562752063605,1.00246697713863,1.06924043218146
"Washington",2020-04-05,1.092545874594,1.05884341592459,1.12669103902574
"Washington",2020-04-06,1.18901272717055,1.15406656117034,1.22439598281807
"Washington",2020-04-07,1.16906351111949,1.13471470397623,1.20384179672937
"Washington",2020-04-08,0.920903342383506,0.890896544772429,0.951326801851158
"Washington",2020-04-09,0.941926140231545,0.911993418218062,0.972264074274971
"Washington",2020-04-10,0.850541888206607,0.822128638115799,0.87935976962973
"Washington",2020-04-11,0.808606745075266,0.780717421503541,0.83690632616913
"Washington",2020-04-12,0.751985045957231,0.724731014686079,0.779660677810722
"Washington",2020-04-13,0.716547779285758,0.689418323658135,0.744115959660597
"Washington",2020-04-14,0.649547578483034,0.623053676009851,0.676503639540659
"Washington",2020-04-15,0.509365779204731,0.485182807446563,0.534041214406242
"Washington",2020-04-16,0.594117719224192,0.566921883194854,0.621847125709844
"West Virginia",2020-04-03,2.9608436381268,2.54703750528283,3.4005356199149
"West Virginia",2020-04-04,2.56991880217056,2.24412194583874,2.91408720499313
"West Virginia",2020-04-05,2.23919283307579,1.97191948598668,2.52060651678299
"West Virginia",2020-04-06,1.84222317790219,1.62466990216666,2.07115712877536
"West Virginia",2020-04-07,1.85286761464865,1.65317333543018,2.06204950690585
"West Virginia",2020-04-08,1.9246327748184,1.73507644591276,2.12238355834244
"West Virginia",2020-04-09,1.77538354536995,1.60543194835789,1.95246686070218
"West Virginia",2020-04-10,1.39263837201555,1.25262923541283,1.53883163047956
"West Virginia",2020-04-11,1.29670782701107,1.16969114386278,1.42918413482417
"West Virginia",2020-04-12,1.19613257333339,1.07917909518342,1.31810363681899
"West Virginia",2020-04-13,0.945760748212924,0.844931733905908,1.05132588924634
"West Virginia",2020-04-14,0.864117164670644,0.769520289592233,0.963282777833171
"West Virginia",2020-04-15,0.809733832810944,0.718355772194163,0.905668546323178
"West Virginia",2020-04-16,0.832786720550357,0.739032874868625,0.931203866278176
"Wisconsin",2020-03-24,2.80740319393811,2.57357976814971,3.04971502194238
"Wisconsin",2020-03-25,2.50024891712121,2.31342800942581,2.69313065087523
"Wisconsin",2020-03-26,2.2403564989256,2.08402771310718,2.40141087753113
"Wisconsin",2020-03-27,2.18831917836127,2.04907629042682,2.33138972044076
"Wisconsin",2020-03-28,1.84178190008677,1.72555471643206,1.96117699292342
"Wisconsin",2020-03-29,1.64617097666427,1.54539622803103,1.74960802977184
"Wisconsin",2020-03-30,1.59840162833717,1.50585180696934,1.69326060348963
"Wisconsin",2020-03-31,1.31918130266716,1.23985795539834,1.40056203820064
"Wisconsin",2020-04-01,1.30727677557816,1.23205382754719,1.38436460525724
"Wisconsin",2020-04-02,1.22374714891318,1.1535044508715,1.29572685318038
"Wisconsin",2020-04-03,1.2634215782271,1.19399791350092,1.33448690938114
"Wisconsin",2020-04-04,1.36716298077645,1.29659127046476,1.43930006796309
"Wisconsin",2020-04-05,1.31023510190074,1.24286970497321,1.37908870538587
"Wisconsin",2020-04-06,1.34193196606033,1.27578252929883,1.40948116411009
"Wisconsin",2020-04-07,1.19107386976861,1.13066470654683,1.25279908187751
"Wisconsin",2020-04-08,1.12071756368306,1.06382204460583,1.17885380449476
"Wisconsin",2020-04-09,1.01374602332996,0.960807691113369,1.06787259711166
"Wisconsin",2020-04-10,0.974460019800314,0.923232740499849,1.02684500719415
"Wisconsin",2020-04-11,0.955853513267967,0.905342838838927,1.00751178120835
"Wisconsin",2020-04-12,0.912903519942665,0.863487917093648,0.963469827335788
"Wisconsin",2020-04-13,0.869313204109464,0.820884686293207,0.918903145503977
"Wisconsin",2020-04-14,0.831076862328569,0.783343886432227,0.879990956436331
"Wisconsin",2020-04-15,0.892286921848673,0.842169689408147,0.943616209854288
"Wisconsin",2020-04-16,0.889668394428763,0.838820601623297,0.94176805729756
"Wyoming",2020-04-06,1.91436971802873,1.59996268589725,2.25216839249045
"Wyoming",2020-04-07,1.36102336015845,1.12764171566389,1.61259952044373
"Wyoming",2020-04-08,1.07003716577845,0.878848429467683,1.27681327940929
"Wyoming",2020-04-09,0.939576698104275,0.767422358627341,1.12615726736422
"Wyoming",2020-04-10,0.829761129966107,0.670351530831515,1.00324082456393
"Wyoming",2020-04-11,0.774070028888492,0.619771850930458,0.942551552048054
"Wyoming",2020-04-12,0.760547930906397,0.60533355191039,0.93040581860288
"Wyoming",2020-04-13,0.743814173677857,0.586880389586571,0.916109787231925
"Wyoming",2020-04-14,0.758008264791978,0.595252890265216,0.937008757559263
"Wyoming",2020-04-15,0.75920364849472,0.591643342785233,0.944009861578641
"Wyoming",2020-04-16,0.709185695116817,0.542956069727081,0.893719059305366
