"CountryCode","geoId","Country","Date","Rt","Rt.lo.05","Rt.hi.95"
"DZA","DZ","Algeria",2020-03-31,3.66376906822885,2.52632733966657,4.97438848461645
"DZA","DZ","Algeria",2020-04-01,3.80590659963013,2.79959317437556,4.93929239987727
"DZA","DZ","Algeria",2020-04-02,4.9885404160957,3.98644758455628,6.08353576297071
"DZA","DZ","Algeria",2020-04-03,4.44491973267556,3.64581098781862,5.3096185381549
"DZA","DZ","Algeria",2020-04-04,3.86305309486629,3.25034495258021,4.51966142312735
"DZA","DZ","Algeria",2020-04-05,3.13927545909111,2.67952115783363,3.62926540345275
"DZA","DZ","Algeria",2020-04-06,2.50024557476097,2.15081241350608,2.87153770162894
"DZA","DZ","Algeria",2020-04-07,1.99923665137364,1.72585544010998,2.28932582968192
"DZA","DZ","Algeria",2020-04-08,1.42798884690738,1.22054597963857,1.64895613585362
"DZA","DZ","Algeria",2020-04-09,1.33705856834872,1.15088288978131,1.53483458951914
"DZA","DZ","Algeria",2020-04-10,1.18064233497192,1.01376378689971,1.35808664025609
"DZA","DZ","Algeria",2020-04-11,1.0841099171203,0.929095851573784,1.24906047549683
"DZA","DZ","Algeria",2020-04-12,1.01776547626812,0.870506562671664,1.17458397636813
"DZA","DZ","Algeria",2020-04-13,0.997762077756002,0.853397424970919,1.15149843071631
"DZA","DZ","Algeria",2020-04-14,0.99967990633252,0.855611395248751,1.15306120070779
"ARG","AR","Argentina",2020-04-05,2.18361065711903,1.47827846369225,3.00151610211812
"ARG","AR","Argentina",2020-04-06,1.63548388310391,1.10720315191084,2.24807989184652
"ARG","AR","Argentina",2020-04-07,1.7984922355716,1.28660272350312,2.38076349724864
"ARG","AR","Argentina",2020-04-08,1.54292732070083,1.09661569027791,2.05177164057508
"ARG","AR","Argentina",2020-04-09,1.67518153444504,1.2322495749444,2.17404479193033
"ARG","AR","Argentina",2020-04-10,1.78261027357301,1.34568087264925,2.27014246196249
"ARG","AR","Argentina",2020-04-11,1.60100168820234,1.20858573566659,2.03886512264787
"ARG","AR","Argentina",2020-04-12,1.52996195725197,1.16745487247121,1.93287375564011
"ARG","AR","Argentina",2020-04-13,1.34541450040013,1.02309581400962,1.70410905750374
"ARG","AR","Argentina",2020-04-14,1.17326448883331,0.88568971276992,1.4941446118083
"AUT","AT","Austria",2020-03-29,3.56685105611797,2.87668257631426,4.31841756338969
"AUT","AT","Austria",2020-03-30,3.02074297786044,2.49066721627573,3.59319365225308
"AUT","AT","Austria",2020-03-31,2.72706354493901,2.29243633384337,3.19299428883772
"AUT","AT","Austria",2020-04-01,2.07833233237515,1.74547650425442,2.43528831164603
"AUT","AT","Austria",2020-04-02,1.70848739910768,1.43880257890319,1.99739554102981
"AUT","AT","Austria",2020-04-03,1.44073858321713,1.2133179268052,1.68436994233057
"AUT","AT","Austria",2020-04-04,1.27616125363375,1.07471913681281,1.49196230476992
"AUT","AT","Austria",2020-04-05,1.12772510454061,0.946221526121926,1.32244041844104
"AUT","AT","Austria",2020-04-06,1.02412414631126,0.855926838161469,1.20483520533512
"AUT","AT","Austria",2020-04-07,1.04816524713738,0.880296083044375,1.22818883932297
"AUT","AT","Austria",2020-04-08,1.22739957723732,1.04615540563058,1.42066905981969
"AUT","AT","Austria",2020-04-09,1.33919215598874,1.15061938577798,1.53965598091884
"AUT","AT","Austria",2020-04-10,1.35470345936435,1.16812509117786,1.55277222791092
"AUT","AT","Austria",2020-04-11,1.28047854147871,1.1041229006073,1.467695017607
"AUT","AT","Austria",2020-04-12,1.17584333886982,1.01211570816968,1.34977260613342
"AUT","AT","Austria",2020-04-13,1.0719395849853,0.919845854704102,1.23370237586892
"AUT","AT","Austria",2020-04-14,0.918500789466401,0.780555694036644,1.06576602759857
"BEL","BE","Belgium",2020-03-25,4.08784975298227,3.56803135358423,4.63707580346668
"BEL","BE","Belgium",2020-03-26,3.3364847488173,2.94246995448961,3.75111129609841
"BEL","BE","Belgium",2020-03-27,2.88181222067095,2.57190251006202,3.20641210186736
"BEL","BE","Belgium",2020-03-28,2.69334350554073,2.43371751023057,2.96394374900537
"BEL","BE","Belgium",2020-03-29,2.5787045233371,2.35435357198197,2.81157756871139
"BEL","BE","Belgium",2020-03-30,2.32583073771208,2.13603763497599,2.52236917662255
"BEL","BE","Belgium",2020-03-31,2.5150612904677,2.33777393152848,2.69776418818743
"BEL","BE","Belgium",2020-04-01,2.36353105308904,2.2082320786343,2.52324244875843
"BEL","BE","Belgium",2020-04-02,2.27350161832735,2.13623576565004,2.41434263528098
"BEL","BE","Belgium",2020-04-03,2.03135906464149,1.91403434001063,2.1516035821173
"BEL","BE","Belgium",2020-04-04,1.81586054027315,1.71481808070723,1.91932334579613
"BEL","BE","Belgium",2020-04-05,1.69134452268147,1.60140287773257,1.78334284833764
"BEL","BE","Belgium",2020-04-06,1.46369031444275,1.38556520335856,1.54360870276858
"BEL","BE","Belgium",2020-04-07,1.69775758734894,1.61821752811117,1.77889558791723
"BEL","BE","Belgium",2020-04-08,1.568915951581,1.49606574640204,1.64321642053503
"BEL","BE","Belgium",2020-04-09,1.58292857406266,1.51352275734844,1.65363762405477
"BEL","BE","Belgium",2020-04-10,1.79366616391472,1.72346854883975,1.86503786470699
"BEL","BE","Belgium",2020-04-11,1.76369722849674,1.69767507208397,1.83077481531048
"BEL","BE","Belgium",2020-04-12,1.61392666915604,1.55457051776713,1.67421478142613
"BEL","BE","Belgium",2020-04-13,1.35088846705662,1.29990513786451,1.40269360196092
"BEL","BE","Belgium",2020-04-14,1.24696954878129,1.2005083294082,1.29416997593482
"BRA","BR","Brazil",2020-03-28,3.03526420957139,2.52056034877059,3.58961207447985
"BRA","BR","Brazil",2020-03-29,2.55927810507907,2.15908886052474,2.98770462817239
"BRA","BR","Brazil",2020-03-30,2.17547364295185,1.85152613069906,2.52110886693776
"BRA","BR","Brazil",2020-03-31,2.19929733409021,1.90577742947557,2.5102977740443
"BRA","BR","Brazil",2020-04-01,2.09807481571375,1.83606157287955,2.37462942062224
"BRA","BR","Brazil",2020-04-02,2.49677994336311,2.23396044245879,2.77178077980122
"BRA","BR","Brazil",2020-04-03,2.22850450932792,2.00140709731015,2.46577590954381
"BRA","BR","Brazil",2020-04-04,2.26607217569859,2.05860903100415,2.48184544851027
"BRA","BR","Brazil",2020-04-05,1.976850195518,1.80080015195997,2.15975196148315
"BRA","BR","Brazil",2020-04-06,1.82724268071089,1.67261430355118,1.98757797792664
"BRA","BR","Brazil",2020-04-07,1.91481920291648,1.76832316880308,2.06618535181407
"BRA","BR","Brazil",2020-04-08,1.84472820746511,1.71063071847992,1.98305408470287
"BRA","BR","Brazil",2020-04-09,1.90887586299102,1.78168897950341,2.0397287072631
"BRA","BR","Brazil",2020-04-10,1.71549748500402,1.60314142762033,1.83103526860938
"BRA","BR","Brazil",2020-04-11,1.55329421862788,1.45362299577219,1.65572912064826
"BRA","BR","Brazil",2020-04-12,1.4185671749652,1.32898046653341,1.51059754968953
"BRA","BR","Brazil",2020-04-13,1.25087458876334,1.17085541949212,1.33310551693075
"BRA","BR","Brazil",2020-04-14,1.28573110623378,1.20762212136637,1.36588743388072
"CAN","CA","Canada",2020-03-28,5.00384031113706,3.79146415210507,6.3548001988731
"CAN","CA","Canada",2020-03-29,2.959933940179,2.23443483225335,3.76945640997345
"CAN","CA","Canada",2020-03-30,2.77740483741958,2.1914135152396,3.42075728684265
"CAN","CA","Canada",2020-03-31,2.78471497566254,2.26776902297481,3.34560412645938
"CAN","CA","Canada",2020-04-01,2.19687957906781,1.78905758763716,2.63936864249991
"CAN","CA","Canada",2020-04-02,2.08769762811889,1.73171001574189,2.47126981189562
"CAN","CA","Canada",2020-04-03,2.39193115388268,2.04305084853089,2.76365561912717
"CAN","CA","Canada",2020-04-04,2.61594013823576,2.28018517264923,2.97087806772703
"CAN","CA","Canada",2020-04-05,2.48506039016805,2.18843993015772,2.79737382217893
"CAN","CA","Canada",2020-04-06,2.6420378575756,2.36735716516554,2.92928504706947
"CAN","CA","Canada",2020-04-07,2.36754900714729,2.1343700318275,2.61080822902098
"CAN","CA","Canada",2020-04-08,1.91004944710006,1.72261434250723,2.10555646381169
"CAN","CA","Canada",2020-04-09,1.89536749067471,1.72581246986886,2.07155244611987
"CAN","CA","Canada",2020-04-10,1.69511078905038,1.5467859065496,1.84910356330744
"CAN","CA","Canada",2020-04-11,1.71758639362031,1.57812410950467,1.86197968419867
"CAN","CA","Canada",2020-04-12,1.44148749761758,1.32142866686185,1.56590477809486
"CAN","CA","Canada",2020-04-13,1.38618553315784,1.2748667782968,1.50139545462387
"CAN","CA","Canada",2020-04-14,1.54428730317414,1.43169406918197,1.66044180829129
"CHN","CN","China",2020-01-30,3.45196103443765,2.99586932105628,3.93492618652478
"CHN","CN","China",2020-01-31,2.78021044434755,2.44094778756338,3.13784626225565
"CHN","CN","China",2020-02-01,2.46304809066473,2.18642470109774,2.75339605507208
"CHN","CN","China",2020-02-02,2.65699453280802,2.40132012980673,2.92345641980409
"CHN","CN","China",2020-02-03,2.25123856466527,2.04006889758932,2.47108366785546
"CHN","CN","China",2020-02-04,2.20021062346878,2.01275301636772,2.39463571247759
"CHN","CN","China",2020-02-05,1.98162304520172,1.82012015941292,2.14885838008516
"CHN","CN","China",2020-02-06,1.77685907116777,1.63685620046667,1.92166023287354
"CHN","CN","China",2020-02-07,1.66105760719332,1.53575397426158,1.79046656278588
"CHN","CN","China",2020-02-08,1.40854186952007,1.3005415896439,1.52014070700612
"CHN","CN","China",2020-02-09,1.36368884949396,1.26305070899267,1.46755023174375
"CHN","CN","China",2020-02-10,1.36219295758278,1.26563003839459,1.46172272025248
"CHN","CN","China",2020-02-11,1.33975983307511,1.24719847470074,1.43509063849354
"CHN","CN","China",2020-02-12,1.10627207659854,1.0249627119166,1.19017468468357
"CHN","CN","China",2020-02-13,1.40309016724982,1.31394655558924,1.49468043808811
"CHN","CN","China",2020-02-14,1.48028994339006,1.3905471910885,1.57237998376788
"CHN","CN","China",2020-02-15,1.47294390830828,1.38611969202295,1.56197452844431
"CHN","CN","China",2020-02-16,1.34993847093613,1.27015717497551,1.43175262671895
"CHN","CN","China",2020-02-17,1.23906163047313,1.16573723651458,1.31425687137888
"CHN","CN","China",2020-02-18,1.36332673715999,1.28891574908428,1.43948524210004
"CHN","CN","China",2020-02-19,1.08854826695067,1.0239187361118,1.15483237184991
"CHN","CN","China",2020-02-20,0.98943514951382,0.929491753437168,1.05094530277756
"CHN","CN","China",2020-02-21,0.770279645787326,0.718259222697773,0.823820464708552
"CHN","CN","China",2020-02-22,0.90615941911243,0.849686966375737,0.964151410630828
"CHN","CN","China",2020-02-23,0.800954598128412,0.747137926017888,0.856335916140483
"CHN","CN","China",2020-02-24,0.842642377270669,0.786544442824248,0.900355862094812
"CHN","CN","China",2020-02-25,0.811108605763145,0.755070715624091,0.868823156356695
"CHN","CN","China",2020-02-26,0.735513705067388,0.681178346667253,0.791591159520288
"CHN","CN","China",2020-02-27,0.813817297709302,0.75540721699592,0.87404512983605
"CHN","CN","China",2020-02-28,0.58581909062089,0.535140008422174,0.638411936219956
"CHN","CN","China",2020-02-29,0.698421073161641,0.641499541549235,0.757363000761169
"CHN","CN","China",2020-03-01,0.532839563844327,0.481386004072062,0.586472030134013
"CHN","CN","China",2020-03-02,0.52072493980803,0.467763835354323,0.576053848576998
"CHN","CN","China",2020-03-03,0.532500264595186,0.476211244165693,0.591409745008797
"CHN","CN","China",2020-03-04,0.616467449954156,0.552244840394657,0.683634521002287
"CHN","CN","China",2020-03-05,0.659067276068717,0.588651636321018,0.732797955534016
"CHN","CN","China",2020-03-06,0.674089057423284,0.599095193096101,0.752766859992366
"CHN","CN","China",2020-03-07,0.713061929143396,0.63239855954671,0.797757903353756
"CHN","CN","China",2020-03-08,0.719088139788266,0.634834305069701,0.807713028627507
"CHN","CN","China",2020-03-09,0.731711981619546,0.643657384660956,0.824465578481926
"CHN","CN","China",2020-03-10,0.694307844684393,0.605746066327916,0.787896218871562
"CHN","CN","China",2020-03-11,0.694106500614808,0.602700183218621,0.790879675839385
"CHN","CN","China",2020-03-12,0.652784165846908,0.561210164922431,0.750109503341215
"CHN","CN","China",2020-03-13,0.593598222865123,0.503274559454622,0.69011089833053
"CHN","CN","China",2020-03-14,0.555395502433284,0.464647193666039,0.652858023413245
"CHN","CN","China",2020-03-15,0.52603887626741,0.433730308473234,0.62572670528268
"CHN","CN","China",2020-03-16,0.571283147668819,0.469829050699879,0.680953935803
"CHN","CN","China",2020-03-17,0.56868220977,0.461686020312151,0.684908481577118
"CHN","CN","China",2020-03-18,0.637874498957548,0.517859946773129,0.768242169373427
"CHN","CN","China",2020-03-19,0.712048315350336,0.57807813808177,0.857575500160953
"CHN","CN","China",2020-03-20,0.683816505434969,0.546452154136191,0.833915698608121
"CHN","CN","China",2020-03-21,0.692852290472924,0.549122582834393,0.850389725265694
"CHN","CN","China",2020-03-22,0.76066453703794,0.60416281142724,0.932064290530265
"CHN","CN","China",2020-03-23,0.635182880332008,0.487863012351078,0.798532650945462
"CHN","CN","China",2020-03-24,0.619439386374057,0.469355950990674,0.786678489111335
"CHN","CN","China",2020-03-25,0.60514503382417,0.451317420402998,0.777541585994741
"CHN","CN","China",2020-03-26,0.698981112215792,0.525615376980486,0.892696803290355
"CHN","CN","China",2020-03-27,0.749484023162456,0.56132227972357,0.960039433400614
"CHN","CN","China",2020-03-28,0.557836092120366,0.390883186521203,0.749132681313532
"CHN","CN","China",2020-03-29,0.716849353692919,0.519010766611919,0.940934324855419
"CHN","CN","China",2020-03-30,0.708120738179908,0.503287680294974,0.941652940619837
"CHN","CN","China",2020-03-31,0.687884069995936,0.478275498768205,0.928709621471735
"CHN","CN","China",2020-04-01,0.772722662653787,0.541457071246814,1.03770947839757
"CHN","CN","China",2020-04-02,0.865287594455064,0.610768345129768,1.15617190461777
"CHN","CN","China",2020-04-03,0.956184602565545,0.679595872020231,1.2715261596427
"CHN","CN","China",2020-04-04,0.96264721152614,0.679490204292001,1.28626096936718
"CHN","CN","China",2020-04-05,0.949026367540994,0.66499542764799,1.27447233586281
"CHN","CN","China",2020-04-06,1.00086463853316,0.706466200247306,1.33732597440764
"CHN","CN","China",2020-04-07,0.752085633218163,0.49843165202143,1.04837877989359
"CHN","CN","China",2020-04-08,0.611362499870581,0.383475474777257,0.88254493687462
"CHN","CN","China",2020-04-09,0.560166979201778,0.338658450997833,0.826989278826131
"CHN","CN","China",2020-04-10,0.478351624353818,0.268268605230254,0.737627738550286
"CHN","CN","China",2020-04-11,0.534354630385616,0.299676146361001,0.82398549002036
"CHN","CN","China",2020-04-12,0.498902303657574,0.260273315119372,0.80016444393351
"CHN","CN","China",2020-04-13,0.699812208855227,0.392467874330521,1.07912437367611
"CHN","CN","China",2020-04-14,0.65619536340168,0.342331838009992,1.05243891282658
"COL","CO","Colombia",2020-04-09,2.81002797589096,2.15828977064431,3.53268193822578
"COL","CO","Colombia",2020-04-10,2.31152744519979,1.79647650715814,2.88015693695683
"COL","CO","Colombia",2020-04-11,2.46471829090975,1.98780718662804,2.98405584893043
"COL","CO","Colombia",2020-04-12,1.95417591894767,1.57047658493374,2.372563774834
"COL","CO","Colombia",2020-04-13,1.58416464783279,1.27077904625782,1.92611667975477
"COL","CO","Colombia",2020-04-14,1.59571990338481,1.30334344650623,1.91259699128373
"CZE","CZ","Czechia",2020-04-05,2.37987765297457,1.82790550053916,2.99190999946709
"CZE","CZ","Czechia",2020-04-06,1.924221759811,1.49128258897296,2.4026903100759
"CZE","CZ","Czechia",2020-04-07,1.64048091147721,1.27841800044839,2.03980863532003
"CZE","CZ","Czechia",2020-04-08,1.58689124751051,1.25492468266901,1.9510468551265
"CZE","CZ","Czechia",2020-04-09,1.51956792132524,1.21191413642182,1.8559921241095
"CZE","CZ","Czechia",2020-04-10,1.40039992838399,1.11908904133695,1.70779072357469
"CZE","CZ","Czechia",2020-04-11,1.32422231008188,1.06225951105608,1.61006413231191
"CZE","CZ","Czechia",2020-04-12,1.19132221413198,0.952010641756335,1.45282000151973
"CZE","CZ","Czechia",2020-04-13,1.03182020200132,0.815970622813213,1.26859957374447
"CZE","CZ","Czechia",2020-04-14,1.11812729275746,0.896935010277506,1.35948219247
"DNK","DK","Denmark",2020-03-29,2.44248709311834,1.89825593069903,3.04333230361636
"DNK","DK","Denmark",2020-03-30,1.69717609986068,1.30759248690433,2.12866079631326
"DNK","DK","Denmark",2020-03-31,1.70870497068014,1.35424029003554,2.09722212159389
"DNK","DK","Denmark",2020-04-01,1.68099158462111,1.35093156021477,2.04089084345105
"DNK","DK","Denmark",2020-04-02,1.68889602367418,1.37537454245291,2.0290685241928
"DNK","DK","Denmark",2020-04-03,1.57179730530614,1.28564401291131,1.88176237899139
"DNK","DK","Denmark",2020-04-04,1.68710507922619,1.40562821266401,1.98988338630542
"DNK","DK","Denmark",2020-04-05,1.7389658695276,1.46704722330822,2.03007104476476
"DNK","DK","Denmark",2020-04-06,1.47909820118964,1.24221286338314,1.73313502610881
"DNK","DK","Denmark",2020-04-07,1.34547583786343,1.13207364512534,1.5741681749657
"DNK","DK","Denmark",2020-04-08,1.17904946092519,0.98833816089271,1.38371758496324
"DNK","DK","Denmark",2020-04-09,1.13952345984143,0.957911298933749,1.33421603102089
"DNK","DK","Denmark",2020-04-10,0.961327231784107,0.798310504564141,1.13689998645153
"DNK","DK","Denmark",2020-04-11,0.884663528035592,0.730332942987147,1.05125291156806
"DNK","DK","Denmark",2020-04-12,0.938670497023501,0.779495777631931,1.11010532112767
"DNK","DK","Denmark",2020-04-13,0.911817419723719,0.75367017654096,1.08244760381672
"DNK","DK","Denmark",2020-04-14,0.918509317371844,0.758274294868757,1.091472140073
"DOM","DO","Dominican Republic",2020-04-03,2.05842047928379,1.55968755433564,2.61416233487768
"DOM","DO","Dominican Republic",2020-04-04,1.18428082070382,0.852444514706888,1.56092050201538
"DOM","DO","Dominican Republic",2020-04-05,1.38678573599186,1.05078261449734,1.76119654563335
"DOM","DO","Dominican Republic",2020-04-06,1.13407495956837,0.842087404080291,1.46182688169907
"DOM","DO","Dominican Republic",2020-04-07,1.25674077151578,0.955665501041216,1.59179444776115
"DOM","DO","Dominican Republic",2020-04-08,1.41430805843474,1.09917414397944,1.76222401077426
"DOM","DO","Dominican Republic",2020-04-09,1.41039925578015,1.10201240794834,1.75019690598323
"DOM","DO","Dominican Republic",2020-04-10,1.53087986061197,1.21845436153896,1.87278075715473
"DOM","DO","Dominican Republic",2020-04-11,1.30030249387766,1.02356563873558,1.60439101478935
"DOM","DO","Dominican Republic",2020-04-12,1.95381017026486,1.62430382823717,2.30854568767529
"DOM","DO","Dominican Republic",2020-04-13,1.6399798496253,1.35048298660981,1.95276968565567
"DOM","DO","Dominican Republic",2020-04-14,1.37665440829175,1.12760843861276,1.64628164528946
"ECU","EC","Ecuador",2020-03-30,2.40240402574994,1.76718837851552,3.11783162176771
"ECU","EC","Ecuador",2020-03-31,2.43963832276002,1.8907332980584,3.04626809685442
"ECU","EC","Ecuador",2020-04-01,2.43530683878018,1.94225130908823,2.97447073548652
"ECU","EC","Ecuador",2020-04-02,2.82523505873017,2.340777536992,3.34746106071148
"ECU","EC","Ecuador",2020-04-03,2.63380205137915,2.21198483318864,3.08616059664668
"ECU","EC","Ecuador",2020-04-04,2.43602462620153,2.07480331400704,2.82132005702906
"ECU","EC","Ecuador",2020-04-05,2.03918224351738,1.74413611667623,2.35338183892077
"ECU","EC","Ecuador",2020-04-06,1.61021543122525,1.37342523840936,1.86264675678047
"ECU","EC","Ecuador",2020-04-07,1.16036493016685,0.975431148778604,1.35861835778132
"ECU","EC","Ecuador",2020-04-08,1.29603428239065,1.10999158022968,1.49405242013524
"ECU","EC","Ecuador",2020-04-09,1.27674417120979,1.09696475408969,1.46786015025236
"ECU","EC","Ecuador",2020-04-10,1.19858217829653,1.02851957672913,1.37945617621617
"ECU","EC","Ecuador",2020-04-11,1.23238071097664,1.06386152577999,1.41119911527338
"ECU","EC","Ecuador",2020-04-12,1.24211512958293,1.07634149420206,1.41776138977072
"ECU","EC","Ecuador",2020-04-13,1.37395897801563,1.20288084345572,1.55450206989897
"ECU","EC","Ecuador",2020-04-14,1.01620349057087,0.873111025118583,1.16831910573197
"EGY","EG","Egypt",2020-03-31,2.86241271647086,2.00573075058672,3.84400891875795
"EGY","EG","Egypt",2020-04-01,2.32827115835413,1.66559518809384,3.08206111534566
"EGY","EG","Egypt",2020-04-02,1.83649151916338,1.31378659496688,2.43106524751901
"EGY","EG","Egypt",2020-04-03,1.63092142405666,1.18081403606323,2.14074259972671
"EGY","EG","Egypt",2020-04-04,1.4679702203308,1.06874895764317,1.9192623585739
"EGY","EG","Egypt",2020-04-05,1.57043260550514,1.17616758067075,2.01162023764208
"EGY","EG","Egypt",2020-04-06,1.51658360382405,1.14485907418726,1.93135924727749
"EGY","EG","Egypt",2020-04-07,1.49135842819212,1.13799801056567,1.88410408013204
"EGY","EG","Egypt",2020-04-08,1.46064278597876,1.1253549547119,1.8319919990542
"EGY","EG","Egypt",2020-04-09,1.54718408156952,1.21498120680694,1.9125451546162
"EGY","EG","Egypt",2020-04-10,1.74747774568006,1.406883998972,2.11861410119687
"EGY","EG","Egypt",2020-04-11,1.688291908249,1.36845805258169,2.03592465669959
"EGY","EG","Egypt",2020-04-12,1.63633637696213,1.33843343480004,1.95902882842942
"EGY","EG","Egypt",2020-04-13,1.3795068782208,1.12170539490533,1.65938354281035
"EGY","EG","Egypt",2020-04-14,1.33135176003106,1.09050134175346,1.59210616169287
"FRA","FR","France",2020-03-16,3.36067438091331,2.86441981515924,3.88985478049345
"FRA","FR","France",2020-03-17,2.18534851139317,1.84039114109765,2.55489468317568
"FRA","FR","France",2020-03-18,1.6763639011807,1.41174977670818,1.95983990464928
"FRA","FR","France",2020-03-19,2.2683038700199,1.98586662050427,2.56636705864275
"FRA","FR","France",2020-03-20,4.30278546454625,3.93668852303033,4.68247033963788
"FRA","FR","France",2020-03-21,4.54166253131189,4.20336748073208,4.89089700943455
"FRA","FR","France",2020-03-22,3.50721828155353,3.25976274839065,3.76224003735136
"FRA","FR","France",2020-03-23,3.25390660200473,3.05609298956797,3.45690886148465
"FRA","FR","France",2020-03-24,3.18058399088155,3.01303449102532,3.35192804568937
"FRA","FR","France",2020-03-25,2.73131045996504,2.59661161358926,2.86886093615386
"FRA","FR","France",2020-03-26,2.3812239005719,2.27140406069992,2.49321487366158
"FRA","FR","France",2020-03-27,2.15765246433582,2.0647952282451,2.2522204541426
"FRA","FR","France",2020-03-28,2.01522707666029,1.9341041032962,2.0977463303711
"FRA","FR","France",2020-03-29,1.79587603386961,1.72579167023405,1.86712920109013
"FRA","FR","France",2020-03-30,1.68962735595108,1.62678665678741,1.75346602980489
"FRA","FR","France",2020-03-31,1.68158272301035,1.62295740760579,1.74107988571106
"FRA","FR","France",2020-04-01,1.58961541657645,1.5359182334986,1.64408598303227
"FRA","FR","France",2020-04-02,2.05979745533441,2.0019798772064,2.11830528163558
"FRA","FR","France",2020-04-03,2.26591720380971,2.20867443405913,2.32377427501105
"FRA","FR","France",2020-04-04,2.28498228840634,2.23185225492896,2.33863665340817
"FRA","FR","France",2020-04-05,1.93034934959372,1.88590915785772,1.97522373315029
"FRA","FR","France",2020-04-06,1.70742287059115,1.66934654585308,1.74585944208873
"FRA","FR","France",2020-04-07,1.71009767041854,1.67480558380406,1.74569854119925
"FRA","FR","France",2020-04-08,1.31274373947005,1.2837197769782,1.34203992755754
"FRA","FR","France",2020-04-09,1.22333274941317,1.19681229716741,1.25009705712687
"FRA","FR","France",2020-04-10,1.12408272518089,1.09957234428887,1.14881980035533
"FRA","FR","France",2020-04-11,1.09583237240819,1.07218099211399,1.11970025686327
"FRA","FR","France",2020-04-12,1.01407555791546,0.991654966544963,1.03670643962251
"FRA","FR","France",2020-04-13,0.842133525572121,0.821901992987819,0.862571420021883
"FRA","FR","France",2020-04-14,0.878997502935095,0.858363519025099,0.899837089500313
"DEU","DE","Germany",2020-03-23,3.53435813176911,2.97378338637725,4.13509773523479
"DEU","DE","Germany",2020-03-24,3.17271767262186,2.72930012303995,3.64387342808479
"DEU","DE","Germany",2020-03-25,2.93714367841322,2.56925476052045,3.3255142335458
"DEU","DE","Germany",2020-03-26,2.75048583108363,2.43934391465896,3.07718266833487
"DEU","DE","Germany",2020-03-27,2.74288168726738,2.46869063787722,3.02911167039018
"DEU","DE","Germany",2020-03-28,2.82564700005334,2.57839840605059,3.08234362626803
"DEU","DE","Germany",2020-03-29,2.68281887389308,2.46892299298995,2.90413577931624
"DEU","DE","Germany",2020-03-30,2.49885057188313,2.31592913354843,2.68758172609902
"DEU","DE","Germany",2020-03-31,2.30635765768317,2.14979374826909,2.46752182417804
"DEU","DE","Germany",2020-04-01,2.13557406012924,2.00009768440662,2.27476298737428
"DEU","DE","Germany",2020-04-02,2.06020328490531,1.93931140233851,2.18415305961301
"DEU","DE","Germany",2020-04-03,1.90093457577205,1.79454040601698,2.0098925402875
"DEU","DE","Germany",2020-04-04,1.74631437530435,1.6522996402388,1.84250618521842
"DEU","DE","Germany",2020-04-05,1.55519400974839,1.47271019878656,1.6395588833532
"DEU","DE","Germany",2020-04-06,1.51266724905853,1.43620418668444,1.59079040475612
"DEU","DE","Germany",2020-04-07,1.44529725811314,1.37427773448523,1.51781474329443
"DEU","DE","Germany",2020-04-08,1.49574758402308,1.42665530642891,1.56620803082925
"DEU","DE","Germany",2020-04-09,1.47486767680866,1.40905716827521,1.54193617426368
"DEU","DE","Germany",2020-04-10,1.34446851123014,1.28427501677352,1.40581656550378
"DEU","DE","Germany",2020-04-11,1.10669292844489,1.05432684270442,1.16012175441834
"DEU","DE","Germany",2020-04-12,1.09034112959016,1.03999562123795,1.1416831777725
"DEU","DE","Germany",2020-04-13,1.02457726433431,0.976615030218425,1.07350224386847
"DEU","DE","Germany",2020-04-14,0.812230396736912,0.7699657939339,0.855440217922175
"GRC","EL","Greece",2020-03-31,3.4470959418971,2.4499789750697,4.5839188930256
"GRC","EL","Greece",2020-04-01,2.14312154768077,1.49008033743821,2.89342010976688
"GRC","EL","Greece",2020-04-02,1.68979366407584,1.18406094784341,2.26926811713469
"GRC","EL","Greece",2020-04-03,1.73968063160491,1.26656647111055,2.27450360091566
"GRC","EL","Greece",2020-04-04,1.49248252027499,1.08058198422348,1.95902810728493
"GRC","EL","Greece",2020-04-05,1.33905706532479,0.969499421923227,1.7576423124516
"GRC","EL","Greece",2020-04-06,1.22777445194255,0.888928972658607,1.61157308583999
"GRC","EL","Greece",2020-04-07,1.19137798164984,0.867377252217254,1.55763848840135
"GRC","EL","Greece",2020-04-08,1.10566926276723,0.800522799848795,1.45129817850256
"GRC","EL","Greece",2020-04-09,0.863988189755306,0.60071805760453,1.1664671122104
"GRC","EL","Greece",2020-04-10,0.851600905684719,0.592105364382432,1.14974308791322
"GRC","EL","Greece",2020-04-11,0.727761403629652,0.487670308703051,1.00715312493455
"GRC","EL","Greece",2020-04-12,0.7201749569248,0.477283407194623,1.00389651032162
"GRC","EL","Greece",2020-04-13,0.725260965213167,0.474929592403425,1.01886837365029
"GRC","EL","Greece",2020-04-14,0.777518506455944,0.509149899234833,1.09228133617109
"HUN","HU","Hungary",2020-04-08,4.11618715459564,3.08279761273267,5.27256333896837
"HUN","HU","Hungary",2020-04-09,3.07247437901055,2.32804720813176,3.9019951838415
"HUN","HU","Hungary",2020-04-10,2.47137499780443,1.90407546966844,3.09968957920567
"HUN","HU","Hungary",2020-04-11,2.14503433781777,1.68029958764263,2.65662312835577
"HUN","HU","Hungary",2020-04-12,2.07720959349723,1.66315189386791,2.52932816568456
"HUN","HU","Hungary",2020-04-13,1.77145476799996,1.42101870764981,2.15383456558235
"HUN","HU","Hungary",2020-04-14,1.56012048499256,1.25604377636883,1.89146515155479
"IND","IN","India",2020-04-03,3.68911176337574,2.86710963737332,4.59662326681885
"IND","IN","India",2020-04-04,2.79948029257225,2.23269371088312,3.4192702423479
"IND","IN","India",2020-04-05,2.3096549143521,1.86905491878445,2.78884378917896
"IND","IN","India",2020-04-06,2.73789654380591,2.30776277861693,3.19853433684984
"IND","IN","India",2020-04-07,2.03184005954998,1.69814025387882,2.39036687512298
"IND","IN","India",2020-04-08,1.88376814093054,1.59456015834994,2.19298371654621
"IND","IN","India",2020-04-09,2.29418146304111,1.99972410642434,2.60546229338849
"IND","IN","India",2020-04-10,2.04272089762943,1.78532445627633,2.31453877272986
"IND","IN","India",2020-04-11,2.01938729816438,1.78460524742666,2.26625064909548
"IND","IN","India",2020-04-12,1.75873351029866,1.55732637166167,1.9703405374313
"IND","IN","India",2020-04-13,1.60593501190089,1.42768822790359,1.79291634763413
"IND","IN","India",2020-04-14,1.4577386131638,1.29851715220332,1.62463171922742
"IDN","ID","Indonesia",2020-03-25,2.01975777470083,1.48571698540735,2.62123464278981
"IDN","ID","Indonesia",2020-03-26,2.16979899073447,1.67674143435105,2.71528763752225
"IDN","ID","Indonesia",2020-03-27,1.93513976393395,1.50804406822931,2.40619367979673
"IDN","ID","Indonesia",2020-03-28,1.80830794442777,1.42678172650403,2.2271807460031
"IDN","ID","Indonesia",2020-03-29,1.87031825079036,1.50842068804155,2.26441055605273
"IDN","ID","Indonesia",2020-03-30,1.68360675003604,1.36243447360892,2.03290811933908
"IDN","ID","Indonesia",2020-03-31,1.71312587721001,1.40889208425517,2.04199933670788
"IDN","ID","Indonesia",2020-04-01,1.53832984180168,1.26677671047116,1.83173219006084
"IDN","ID","Indonesia",2020-04-02,1.44242433205696,1.1936783426067,1.71068243347327
"IDN","ID","Indonesia",2020-04-03,1.24717398356217,1.02701703714708,1.48504480002914
"IDN","ID","Indonesia",2020-04-04,1.12553858195363,0.924433138110306,1.34303989981545
"IDN","ID","Indonesia",2020-04-05,1.05534137737122,0.865611849238865,1.26064371875602
"IDN","ID","Indonesia",2020-04-06,0.985855102633479,0.805221382835762,1.18162560931835
"IDN","ID","Indonesia",2020-04-07,0.855698966819709,0.688918177831796,1.03743575674454
"IDN","ID","Indonesia",2020-04-08,0.938155254893236,0.762833319127599,1.12848976337015
"IDN","ID","Indonesia",2020-04-09,1.34950043875118,1.13545991522322,1.57887684267727
"IDN","ID","Indonesia",2020-04-10,1.58118517979742,1.34769919578373,1.83016264991698
"IDN","ID","Indonesia",2020-04-11,1.69302773993476,1.45641096867452,1.94444619128706
"IDN","ID","Indonesia",2020-04-12,1.95635268898496,1.71275795731677,2.2134243839447
"IDN","ID","Indonesia",2020-04-13,1.88088243600451,1.65576876659815,2.11794007380475
"IDN","ID","Indonesia",2020-04-14,2.0006113614533,1.78404042687384,2.2275195368029
"IRN","IR","Iran",2020-03-04,3.01795133627104,2.43815747108682,3.64892000571063
"IRN","IR","Iran",2020-03-05,2.39329369415076,1.95478144079014,2.8685525003364
"IRN","IR","Iran",2020-03-06,2.04950161572775,1.69196366667796,2.43543954567837
"IRN","IR","Iran",2020-03-07,1.87998811805087,1.56962125252734,2.21357606032956
"IRN","IR","Iran",2020-03-08,2.23769197652604,1.92378361623173,2.5713154591685
"IRN","IR","Iran",2020-03-09,2.39896235442257,2.09667711629484,2.71818406032563
"IRN","IR","Iran",2020-03-10,2.48791834420856,2.20579446246749,2.78418257044904
"IRN","IR","Iran",2020-03-11,2.51460363629723,2.25784704755623,2.78288664758199
"IRN","IR","Iran",2020-03-12,2.50366501637756,2.27298780347387,2.74364365402136
"IRN","IR","Iran",2020-03-13,2.43649528742801,2.23195637369983,2.64852058071231
"IRN","IR","Iran",2020-03-14,2.21972974800379,2.04421669720665,2.40128004817026
"IRN","IR","Iran",2020-03-15,2.10966543370242,1.95507765921544,2.26916813588442
"IRN","IR","Iran",2020-03-16,2.01976148115858,1.88181595066222,2.16178570899391
"IRN","IR","Iran",2020-03-17,1.91884251468313,1.795333257319,2.04578735257039
"IRN","IR","Iran",2020-03-18,1.82014980932793,1.70903587021659,1.93419077064057
"IRN","IR","Iran",2020-03-19,1.71156272298868,1.61145090211918,1.81419848659404
"IRN","IR","Iran",2020-03-20,1.59602734896341,1.50563323497489,1.68862633542929
"IRN","IR","Iran",2020-03-21,1.43182262056988,1.35121072986685,1.5143887946742
"IRN","IR","Iran",2020-03-22,1.29109326278888,1.21840446217059,1.36554426641802
"IRN","IR","Iran",2020-03-23,1.17887239316921,1.11218463136186,1.24718479033433
"IRN","IR","Iran",2020-03-24,1.07806504009261,1.01614627552823,1.14151594002217
"IRN","IR","Iran",2020-03-25,1.029808693423,0.970441316688841,1.09065068292752
"IRN","IR","Iran",2020-03-26,1.01905189375619,0.960594655221751,1.07895378736298
"IRN","IR","Iran",2020-03-27,1.03632933919464,0.977634810884934,1.09645553096486
"IRN","IR","Iran",2020-03-28,1.04384558373471,0.985076875308125,1.10403902876519
"IRN","IR","Iran",2020-03-29,1.03253448874068,0.974264262674897,1.09222081253325
"IRN","IR","Iran",2020-03-30,1.01838982601454,0.96074590972116,1.07743891550571
"IRN","IR","Iran",2020-03-31,1.00897842367758,0.951798652442742,1.0675537693614
"IRN","IR","Iran",2020-04-01,0.98127569232358,0.925020078049078,1.03892067611697
"IRN","IR","Iran",2020-04-02,0.955208464954026,0.899761196096999,1.01204273848261
"IRN","IR","Iran",2020-04-03,0.951774300200654,0.896351406413497,1.00858809334774
"IRN","IR","Iran",2020-04-04,1.00223698403748,0.945129682732432,1.0607458802487
"IRN","IR","Iran",2020-04-05,1.05327608319395,0.99446250168542,1.11350351231985
"IRN","IR","Iran",2020-04-06,1.04928149229667,0.990519402265729,1.10946043126315
"IRN","IR","Iran",2020-04-07,1.03608169922686,0.977887920884864,1.0956828596101
"IRN","IR","Iran",2020-04-08,1.02251183840672,0.964978319112371,1.08143930274955
"IRN","IR","Iran",2020-04-09,0.993679630773531,0.937196960418673,1.05154512574998
"IRN","IR","Iran",2020-04-10,0.945326661543521,0.890383689741684,1.00164580408428
"IRN","IR","Iran",2020-04-11,0.914459531782779,0.860415019295791,0.969881120396723
"IRN","IR","Iran",2020-04-12,0.899368008756793,0.845542720531418,0.954582607191264
"IRN","IR","Iran",2020-04-13,0.88672653968284,0.832857336757115,0.942007727719314
"IRN","IR","Iran",2020-04-14,0.876295187487437,0.82219298330668,0.931839207882032
"IRL","IE","Ireland",2020-04-02,3.27624058866774,2.68723726304779,3.91358872853587
"IRL","IE","Ireland",2020-04-03,2.53015053172298,2.09629266476944,2.99783211188377
"IRL","IE","Ireland",2020-04-04,2.072534934279,1.730380553055,2.44028867558649
"IRL","IE","Ireland",2020-04-05,1.90871842680772,1.61300562937766,2.22508975958128
"IRL","IE","Ireland",2020-04-06,1.5968237189702,1.34828983277556,1.86280652018709
"IRL","IE","Ireland",2020-04-07,1.68097132416926,1.4424642265961,1.93464104268861
"IRL","IE","Ireland",2020-04-08,1.64384968795029,1.42064742569744,1.88059086480363
"IRL","IE","Ireland",2020-04-09,1.53631187407195,1.33196532632743,1.75278462555623
"IRL","IE","Ireland",2020-04-10,1.44652436150261,1.2584950751995,1.64544205552957
"IRL","IE","Ireland",2020-04-11,1.4191778010968,1.24142014171494,1.60683183875749
"IRL","IE","Ireland",2020-04-12,1.29057900653183,1.12795745409566,1.46231193569108
"IRL","IE","Ireland",2020-04-13,1.16217880233485,1.01347805737605,1.31934731497267
"IRL","IE","Ireland",2020-04-14,1.21081691652745,1.06306372582367,1.36657185197115
"ISR","IL","Israel",2020-04-07,2.44252964190366,1.84384970103448,3.11054543827662
"ISR","IL","Israel",2020-04-08,1.78262539836044,1.33508830285489,2.28342516253552
"ISR","IL","Israel",2020-04-09,1.80467983845215,1.39459068503226,2.25837733170668
"ISR","IL","Israel",2020-04-10,1.73431156464419,1.35856240412458,2.14794333739942
"ISR","IL","Israel",2020-04-11,1.56030522599,1.22528505110872,1.92876480260983
"ISR","IL","Israel",2020-04-12,1.23098990951848,0.951264055044572,1.54046144251304
"ISR","IL","Israel",2020-04-13,1.24056272542709,0.971787257308255,1.5364358371524
"ISR","IL","Israel",2020-04-14,1.14946561517083,0.89813247223216,1.42639834427117
"ITA","IT","Italy",2020-03-05,5.5523786466427,4.77054355451326,6.38351483272976
"ITA","IT","Italy",2020-03-06,4.4223579125876,3.87807613912114,4.99638368846903
"ITA","IT","Italy",2020-03-07,3.41209337733854,3.02517029735942,3.81840944741802
"ITA","IT","Italy",2020-03-08,3.74855424890055,3.40804526672576,4.10259174606411
"ITA","IT","Italy",2020-03-09,3.35434334231734,3.0781900486348,3.64040169924575
"ITA","IT","Italy",2020-03-10,3.33382859389671,3.09816620080156,3.57671054697226
"ITA","IT","Italy",2020-03-11,3.1972641383602,2.99829772386583,3.40157627743106
"ITA","IT","Italy",2020-03-12,2.21600840783677,2.07292669559744,2.36308290884096
"ITA","IT","Italy",2020-03-13,2.78512057071337,2.64420232164892,2.92910129280726
"ITA","IT","Italy",2020-03-14,2.34228741753062,2.22608570412816,2.46096414465865
"ITA","IT","Italy",2020-03-15,2.34130556827437,2.23737253639804,2.44721486248598
"ITA","IT","Italy",2020-03-16,2.15793897941926,2.06794498237584,2.24953870439921
"ITA","IT","Italy",2020-03-17,1.94979967058058,1.87215017559145,2.02877111381867
"ITA","IT","Italy",2020-03-18,2.0968064807158,2.02301734596874,2.17170345458875
"ITA","IT","Italy",2020-03-19,1.77661481590911,1.71391989909726,1.84025366331184
"ITA","IT","Italy",2020-03-20,1.83476798308331,1.77589548939437,1.89444531505317
"ITA","IT","Italy",2020-03-21,1.85706425009717,1.80180463618146,1.91302373076904
"ITA","IT","Italy",2020-03-22,1.78355847391798,1.73294315803651,1.83478479450337
"ITA","IT","Italy",2020-03-23,1.67408735280143,1.6283011080549,1.72040603307952
"ITA","IT","Italy",2020-03-24,1.57974022959167,1.5380594280031,1.62188842257514
"ITA","IT","Italy",2020-03-25,1.49965302776712,1.46133390946139,1.53838813203089
"ITA","IT","Italy",2020-03-26,1.38149057267571,1.34654918967563,1.41680737979169
"ITA","IT","Italy",2020-03-27,1.30168285585931,1.26924222651166,1.33446688022947
"ITA","IT","Italy",2020-03-28,1.27656404769193,1.24558866505593,1.30785857567663
"ITA","IT","Italy",2020-03-29,1.24324203118029,1.2135739099008,1.27321072357443
"ITA","IT","Italy",2020-03-30,1.19661616899235,1.16826685054345,1.22525060308079
"ITA","IT","Italy",2020-03-31,1.17850507488042,1.1510225282429,1.20625964338178
"ITA","IT","Italy",2020-04-01,1.13539098626645,1.10895387295435,1.162089374283
"ITA","IT","Italy",2020-04-02,1.06111304222366,1.03600012604386,1.08647825924532
"ITA","IT","Italy",2020-04-03,1.0058331924229,0.981717985622975,1.03019386996858
"ITA","IT","Italy",2020-04-04,0.974113990266809,0.950569967597105,0.997899632212459
"ITA","IT","Italy",2020-04-05,0.909034896553985,0.886345805976505,0.931964523786
"ITA","IT","Italy",2020-04-06,0.87056926020228,0.848316383584178,0.893063799271734
"ITA","IT","Italy",2020-04-07,0.857675062254505,0.835416880392673,0.880178697959546
"ITA","IT","Italy",2020-04-08,0.831086408804433,0.80890454159921,0.853519928663328
"ITA","IT","Italy",2020-04-09,0.821339043450523,0.79895002737148,0.843987540567175
"ITA","IT","Italy",2020-04-10,0.824803445851875,0.801967158461729,0.847908601038061
"ITA","IT","Italy",2020-04-11,0.880444072242562,0.856387352261228,0.904780266066214
"ITA","IT","Italy",2020-04-12,0.862094970625835,0.837839445413869,0.886640756797124
"ITA","IT","Italy",2020-04-13,0.879643985535643,0.854755130987555,0.904832380214358
"ITA","IT","Italy",2020-04-14,0.921893863985299,0.896039434037564,0.948056679738743
"JPN","JP","Japan",2020-03-20,2.00897126514955,1.15921199779845,3.04819774498886
"JPN","JP","Japan",2020-03-21,1.91415362750199,1.15723405079221,2.82591546225378
"JPN","JP","Japan",2020-03-22,1.76935879036381,1.09067174218791,2.58166974934081
"JPN","JP","Japan",2020-03-23,1.45035296705008,0.876835492733254,2.14119432026006
"JPN","JP","Japan",2020-03-24,1.39014239264085,0.856914399458297,2.02835545956126
"JPN","JP","Japan",2020-03-25,1.4555055164342,0.927425884902894,2.08061805337818
"JPN","JP","Japan",2020-03-26,1.20512759642587,0.74286720269,1.75840054415913
"JPN","JP","Japan",2020-03-27,1.1333613444724,0.698628903779303,1.65368647333252
"JPN","JP","Japan",2020-03-28,0.87202157990968,0.503171894643905,1.32311211194175
"JPN","JP","Japan",2020-03-29,0.931778915550294,0.551152840124222,1.3935520127492
"JPN","JP","Japan",2020-03-30,0.876699191954207,0.505870959631606,1.33020941927183
"JPN","JP","Japan",2020-03-31,0.904267968301756,0.521778631812434,1.37203932662416
"JPN","JP","Japan",2020-04-01,0.859626412599979,0.48209469140782,1.32556106103072
"JPN","JP","Japan",2020-04-02,1.13597550401095,0.686773263765081,1.6770705837835
"JPN","JP","Japan",2020-04-03,1.00807399021723,0.581676544806819,1.5295434619038
"JPN","JP","Japan",2020-04-04,2.03279110995895,1.40169744907068,2.75996999284096
"JPN","JP","Japan",2020-04-05,1.99144265488353,1.3731858997441,2.70383018846096
"JPN","JP","Japan",2020-04-06,2.20736762704869,1.58886168949434,2.90938206910898
"JPN","JP","Japan",2020-04-07,2.25768373029396,1.67640332381656,2.9101628066759
"JPN","JP","Japan",2020-04-08,1.68331136759249,1.22552708807537,2.20080496241387
"JPN","JP","Japan",2020-04-09,1.41811426601621,1.03245155973409,1.85407939018561
"JPN","JP","Japan",2020-04-10,0.902130678881957,0.616567003115479,1.23218539381825
"JPN","JP","Japan",2020-04-11,0.842077945180714,0.575523576798401,1.15016168809832
"JPN","JP","Japan",2020-04-12,0.874733235796431,0.603166424344487,1.18764661588252
"JPN","JP","Japan",2020-04-13,1.20289746172738,0.875763956630568,1.57269935557493
"JPN","JP","Japan",2020-04-14,1.9721008861987,1.54089676197025,2.4472253903754
"KOR","KR","Korea, South",2020-03-08,1.66009503633154,1.13460260846727,2.26745958651247
"KOR","KR","Korea, South",2020-03-09,1.51268222689025,1.0599566026525,2.03142053483535
"KOR","KR","Korea, South",2020-03-10,1.02402605092287,0.678655426630664,1.42745338353558
"KOR","KR","Korea, South",2020-03-11,1.23325123675359,0.864155582639217,1.65616534815948
"KOR","KR","Korea, South",2020-03-12,1.1523807413442,0.801233082546199,1.55582478031714
"KOR","KR","Korea, South",2020-03-13,1.0335661139304,0.706397394862529,1.41170796974655
"KOR","KR","Korea, South",2020-03-14,1.01056120801366,0.690674544248893,1.38028645873896
"KOR","KR","Korea, South",2020-03-15,1.00321388497356,0.685652969155837,1.37025103444223
"KOR","KR","Korea, South",2020-03-16,0.96229434379961,0.651461834340318,1.32273670604928
"KOR","KR","Korea, South",2020-03-17,0.969380566387915,0.656259122816204,1.33247718388247
"KOR","KR","Korea, South",2020-03-18,0.847676555782044,0.555092167423044,1.19084146975604
"KOR","KR","Korea, South",2020-03-19,1.18039029308502,0.82711521469682,1.5851770040445
"KOR","KR","Korea, South",2020-03-20,1.06852599820707,0.730290952173362,1.45945832319719
"KOR","KR","Korea, South",2020-03-21,1.29481744371201,0.920274795688472,1.72183723438347
"KOR","KR","Korea, South",2020-03-22,1.68198765482312,1.25442709944642,2.1611601775695
"KOR","KR","Korea, South",2020-03-23,1.34359312000304,0.972783600396469,1.7635963243011
"KOR","KR","Korea, South",2020-03-24,1.46784043209225,1.09471601078624,1.88600569080739
"KOR","KR","Korea, South",2020-03-25,1.32218069330227,0.981762006430109,1.70429587887947
"KOR","KR","Korea, South",2020-03-26,1.29880890622541,0.972736380812343,1.66368825471018
"KOR","KR","Korea, South",2020-03-27,1.22206251815807,0.915257560478413,1.56538121061228
"KOR","KR","Korea, South",2020-03-28,1.03873501011853,0.764084816110671,1.34806669755467
"KOR","KR","Korea, South",2020-03-29,1.235865828728,0.939791533146926,1.5653541358209
"KOR","KR","Korea, South",2020-03-30,1.12513380065701,0.84607096880072,1.43695348782236
"KOR","KR","Korea, South",2020-03-31,1.0381992860213,0.774289463585867,1.33396636229549
"KOR","KR","Korea, South",2020-04-01,0.959340950389006,0.709080116799044,1.240718740694
"KOR","KR","Korea, South",2020-04-02,0.842971783955855,0.610325488290201,1.10648225086976
"KOR","KR","Korea, South",2020-04-03,0.851360310515249,0.616398920006233,1.11749300582689
"KOR","KR","Korea, South",2020-04-04,0.735170887738494,0.515144041943487,0.987280217495058
"KOR","KR","Korea, South",2020-04-05,0.765445505573308,0.536357870265355,1.02793679378099
"KOR","KR","Korea, South",2020-04-06,0.777782986334541,0.540780869841592,1.05008180060075
"KOR","KR","Korea, South",2020-04-07,0.925166375975025,0.657550067589009,1.23027838548931
"KOR","KR","Korea, South",2020-04-08,1.11676091277792,0.813052638901,1.46008219631206
"KOR","KR","Korea, South",2020-04-09,1.11479776921427,0.807131989219888,1.46328022885448
"KOR","KR","Korea, South",2020-04-10,1.14686095471204,0.834966835794488,1.49943577220588
"KOR","KR","Korea, South",2020-04-11,1.0210452445782,0.7304338414765,1.35161397933893
"KOR","KR","Korea, South",2020-04-12,1.00138201723879,0.716367190896987,1.32558467937206
"KOR","KR","Korea, South",2020-04-13,0.891862758858951,0.624940124969821,1.19770583034188
"KOR","KR","Korea, South",2020-04-14,0.793510508651732,0.542329850556004,1.08382530545765
"MEX","MX","Mexico",2020-04-06,3.66940932777851,2.96446057942511,4.43657952477656
"MEX","MX","Mexico",2020-04-07,3.56485213198566,2.99110112131497,4.1803667632494
"MEX","MX","Mexico",2020-04-08,2.7890250181091,2.35692860272172,3.2513077465227
"MEX","MX","Mexico",2020-04-09,2.47374422892231,2.12139964139343,2.84858080211749
"MEX","MX","Mexico",2020-04-10,2.08976926266452,1.80298624351586,2.39414616056541
"MEX","MX","Mexico",2020-04-11,1.95152408929478,1.70104668200811,2.21631222778551
"MEX","MX","Mexico",2020-04-12,1.90854803547403,1.68074093731501,2.1484074728844
"MEX","MX","Mexico",2020-04-13,1.56585738459458,1.37477942590166,1.76728339089042
"MEX","MX","Mexico",2020-04-14,1.52173568833671,1.34571167902317,1.70676891256177
"MAR","MA","Morocco",2020-04-02,1.50165650566516,1.01660360785973,2.06412538192641
"MAR","MA","Morocco",2020-04-03,1.33444521984131,0.920157733577405,1.81180877159898
"MAR","MA","Morocco",2020-04-04,1.6941326766034,1.24618987716788,2.19863951856941
"MAR","MA","Morocco",2020-04-05,1.76397646120936,1.3211212754166,2.25953710821715
"MAR","MA","Morocco",2020-04-06,1.89313582942162,1.45405516604703,2.37999294262733
"MAR","MA","Morocco",2020-04-07,1.93377708870316,1.51481250787172,2.39498121235659
"MAR","MA","Morocco",2020-04-08,1.61791181921738,1.2608300275577,2.01174574902806
"MAR","MA","Morocco",2020-04-09,1.40765253524854,1.09697609210099,1.75030491171307
"MAR","MA","Morocco",2020-04-10,1.23665656366828,0.961106678039451,1.54087072938671
"MAR","MA","Morocco",2020-04-11,0.982790051349539,0.747344693614478,1.24480702982704
"MAR","MA","Morocco",2020-04-12,0.873418298532732,0.656787544358147,1.11547752780301
"MAR","MA","Morocco",2020-04-13,0.823342591597306,0.614049250638953,1.05790028622064
"MAR","MA","Morocco",2020-04-14,0.773739383237435,0.569156241581859,1.00415629103505
"NLD","NL","Netherlands",2020-03-22,4.27481597423439,3.72785339097836,4.85292535561443
"NLD","NL","Netherlands",2020-03-23,3.09821950218295,2.71907862039661,3.49795482128078
"NLD","NL","Netherlands",2020-03-24,2.80707166740304,2.50252384614578,3.12618995588635
"NLD","NL","Netherlands",2020-03-25,2.73419977586816,2.47155445298313,3.00790654104062
"NLD","NL","Netherlands",2020-03-26,2.50566131575578,2.28285009591318,2.73713071402656
"NLD","NL","Netherlands",2020-03-27,2.47619864527408,2.27877618948472,2.68047058726688
"NLD","NL","Netherlands",2020-03-28,2.23127967170665,2.06314030900777,2.40492170642559
"NLD","NL","Netherlands",2020-03-29,2.1975136155248,2.04690014307122,2.35259648830785
"NLD","NL","Netherlands",2020-03-30,1.91502576376778,1.78710940231521,2.04663862733634
"NLD","NL","Netherlands",2020-03-31,1.86460835484952,1.74890849813605,1.98340754785514
"NLD","NL","Netherlands",2020-04-01,1.73085104303723,1.62753988683417,1.83682150180948
"NLD","NL","Netherlands",2020-04-02,1.61653578720911,1.52334421706952,1.71204212156734
"NLD","NL","Netherlands",2020-04-03,1.52721320498203,1.44203485323944,1.61443675697643
"NLD","NL","Netherlands",2020-04-04,1.42239368710826,1.3444980641924,1.50212495534084
"NLD","NL","Netherlands",2020-04-05,1.32742335809617,1.25560905835608,1.40090900711409
"NLD","NL","Netherlands",2020-04-06,1.12654885035257,1.06297300189422,1.1916697351109
"NLD","NL","Netherlands",2020-04-07,1.18838198817397,1.1249853272235,1.25323305824098
"NLD","NL","Netherlands",2020-04-08,1.12112423359747,1.06070178620466,1.18294742270053
"NLD","NL","Netherlands",2020-04-09,1.08583475007415,1.02731421229831,1.1457119385933
"NLD","NL","Netherlands",2020-04-10,1.00084187973059,0.945406807681637,1.057598571656
"NLD","NL","Netherlands",2020-04-11,1.00292224345813,0.947905831784851,1.05923738108438
"NLD","NL","Netherlands",2020-04-12,0.989098312719441,0.934625273788211,1.04486246943285
"NLD","NL","Netherlands",2020-04-13,0.82066784771282,0.771118874018212,0.871507351551861
"NLD","NL","Netherlands",2020-04-14,0.797162227094095,0.748189712565697,0.84743320335902
"NOR","NO","Norway",2020-04-03,3.09448001201524,2.30786449272448,3.976049974609
"NOR","NO","Norway",2020-04-04,2.2784129612912,1.70640589800337,2.91849621981401
"NOR","NO","Norway",2020-04-05,1.85413888167301,1.39967735252731,2.36123367404635
"NOR","NO","Norway",2020-04-06,1.45914126857434,1.09281649508538,1.86906340020796
"NOR","NO","Norway",2020-04-07,1.54410245730653,1.18965661391901,1.93667019387629
"NOR","NO","Norway",2020-04-08,1.59042436064244,1.24584923898375,1.96973916262878
"NOR","NO","Norway",2020-04-09,1.39947471865381,1.09060316336654,1.74013644172889
"NOR","NO","Norway",2020-04-10,1.32728875208329,1.03972356222379,1.64384594438622
"NOR","NO","Norway",2020-04-11,1.15910827606572,0.900837578861047,1.44424577303957
"NOR","NO","Norway",2020-04-12,1.18361836699618,0.929478327150986,1.46312491168915
"NOR","NO","Norway",2020-04-13,0.989573060861457,0.762418407690035,1.24115899341054
"NOR","NO","Norway",2020-04-14,0.816877360744345,0.614270249096386,1.0432668292067
"PER","PE","Peru",2020-04-05,2.90024394184951,2.31305661489208,3.54234242413759
"PER","PE","Peru",2020-04-06,2.17678584056509,1.74616561363438,2.64665893251834
"PER","PE","Peru",2020-04-07,1.88931845974246,1.53384773744472,2.27545405016482
"PER","PE","Peru",2020-04-08,1.50991334782895,1.21983627285773,1.82559372497706
"PER","PE","Peru",2020-04-09,1.53151054701417,1.25786812084925,1.827462696177
"PER","PE","Peru",2020-04-10,1.72263957060183,1.44538650145319,2.02007402814516
"PER","PE","Peru",2020-04-11,1.59952846069747,1.34460275673607,1.87281489986499
"PER","PE","Peru",2020-04-12,1.47639669725547,1.24444926602773,1.72479326936835
"PER","PE","Peru",2020-04-13,1.43461716581357,1.21727996863026,1.66677614926874
"PER","PE","Peru",2020-04-14,1.31360443589566,1.11460005123585,1.52618036051649
"PHL","PH","Philippines",2020-03-28,3.15880152915975,2.41839404704569,3.98073614655747
"PHL","PH","Philippines",2020-03-29,2.06787361270621,1.55498646457705,2.64096429990716
"PHL","PH","Philippines",2020-03-30,1.80455969218408,1.38157981020019,2.27411438451742
"PHL","PH","Philippines",2020-03-31,1.75357433676742,1.37015151522365,2.1760507643804
"PHL","PH","Philippines",2020-04-01,1.56608672957621,1.22678450387728,1.93959702809973
"PHL","PH","Philippines",2020-04-02,1.44581964464148,1.13811310447516,1.78393878177625
"PHL","PH","Philippines",2020-04-03,1.67363757796356,1.35657987192684,2.0182528831101
"PHL","PH","Philippines",2020-04-04,1.64468741450156,1.34333886460583,1.97128844097604
"PHL","PH","Philippines",2020-04-05,1.50372647159582,1.22996580331131,1.8002676890907
"PHL","PH","Philippines",2020-04-06,1.37026782241062,1.12237722873894,1.63864420262495
"PHL","PH","Philippines",2020-04-07,1.35090795704454,1.11524048715321,1.60529498289252
"PHL","PH","Philippines",2020-04-08,1.16553650452044,0.95468317254677,1.39381484761148
"PHL","PH","Philippines",2020-04-09,0.982827996525917,0.795339377242478,1.18673735063638
"PHL","PH","Philippines",2020-04-10,1.0882204675335,0.893782832403431,1.29851035862005
"PHL","PH","Philippines",2020-04-11,1.32637856744126,1.11183677821602,1.55662116722962
"PHL","PH","Philippines",2020-04-12,1.83631173957102,1.58431117942265,2.10377230608206
"PHL","PH","Philippines",2020-04-13,1.78391319766541,1.5425380470815,2.03987518027368
"PHL","PH","Philippines",2020-04-14,1.75512238768119,1.52914493122251,1.99405388617502
"POL","PL","Poland",2020-04-04,3.45351493367208,2.74297694981042,4.23169188223664
"POL","PL","Poland",2020-04-05,2.57116932783343,2.06632431917218,3.12165509104568
"POL","PL","Poland",2020-04-06,2.24688298116501,1.83782708030823,2.68997780418566
"POL","PL","Poland",2020-04-07,2.08945059490847,1.73513274516062,2.47105904680755
"POL","PL","Poland",2020-04-08,2.05615039247914,1.73463423109625,2.40035267430955
"POL","PL","Poland",2020-04-09,1.75430909690209,1.48126376806587,2.04652422512878
"POL","PL","Poland",2020-04-10,1.48481080521622,1.25263388264328,1.73337008819049
"POL","PL","Poland",2020-04-11,1.46015873814265,1.24364185660908,1.69110570150176
"POL","PL","Poland",2020-04-12,1.4559922628744,1.24940665149952,1.67571114931775
"POL","PL","Poland",2020-04-13,1.24591238812536,1.06269477084578,1.44123241149691
"POL","PL","Poland",2020-04-14,1.03699255159798,0.876333984027047,1.20887474805899
"PRT","PT","Portugal",2020-03-29,3.36695299727735,2.82505318950256,3.94829796079121
"PRT","PT","Portugal",2020-03-30,2.58759328631138,2.1921054550343,3.01030972836083
"PRT","PT","Portugal",2020-03-31,2.11965516166209,1.8092266597813,2.45049892744917
"PRT","PT","Portugal",2020-04-01,1.84412328420784,1.58445073851817,2.12017030669209
"PRT","PT","Portugal",2020-04-02,1.62513316414693,1.40130949871202,1.86274097589475
"PRT","PT","Portugal",2020-04-03,1.55374141909652,1.34913048233143,1.77036594353294
"PRT","PT","Portugal",2020-04-04,1.39996463336302,1.21620905271277,1.59447168156255
"PRT","PT","Portugal",2020-04-05,1.34265615680292,1.1708633394335,1.52423172049826
"PRT","PT","Portugal",2020-04-06,1.21170526703281,1.05470255908366,1.37776884722183
"PRT","PT","Portugal",2020-04-07,1.19121503064193,1.040200877249,1.35074480806836
"PRT","PT","Portugal",2020-04-08,1.23085479074584,1.08065642454916,1.38918732298614
"PRT","PT","Portugal",2020-04-09,1.12928521357945,0.988257029704126,1.27814026094544
"PRT","PT","Portugal",2020-04-10,1.12638439340395,0.988151244579383,1.27214885612275
"PRT","PT","Portugal",2020-04-11,1.13151859205533,0.994975636722259,1.27536934994265
"PRT","PT","Portugal",2020-04-12,1.21639374922464,1.07639735017853,1.36351740932212
"PRT","PT","Portugal",2020-04-13,1.1659178181404,1.03070929674738,1.30806511570907
"PRT","PT","Portugal",2020-04-14,1.10824399343607,0.978730114707364,1.24445862922213
"ROU","RO","Romania",2020-04-01,3.67013880257433,2.97961101761748,4.42023532873501
"ROU","RO","Romania",2020-04-02,3.08046152907519,2.56651686170029,3.6333001982729
"ROU","RO","Romania",2020-04-03,2.41708234209714,2.02806103481502,2.83442070325416
"ROU","RO","Romania",2020-04-04,2.0027235513866,1.69101433684622,2.33631705574937
"ROU","RO","Romania",2020-04-05,1.36583433174779,1.13422345532128,1.61528455859641
"ROU","RO","Romania",2020-04-06,1.28318217923951,1.07458073306968,1.50713290252526
"ROU","RO","Romania",2020-04-07,1.31305756901647,1.11055515752158,1.52963752763867
"ROU","RO","Romania",2020-04-08,1.2408023456767,1.04944328182678,1.44546429426612
"ROU","RO","Romania",2020-04-09,1.2883225544341,1.09808218082548,1.49118512511799
"ROU","RO","Romania",2020-04-10,1.32224136414546,1.13390961075865,1.52259531184891
"ROU","RO","Romania",2020-04-11,1.41637346893481,1.22604961238111,1.61811461845814
"ROU","RO","Romania",2020-04-12,1.33467652188093,1.15533061596877,1.52478116706929
"ROU","RO","Romania",2020-04-13,1.19305306963129,1.02932812285071,1.36682239376351
"ROU","RO","Romania",2020-04-14,1.09668907357152,0.944543576394519,1.25827741077767
"RUS","RU","Russia",2020-04-07,2.24803090791029,1.66159280295761,2.90738561298008
"RUS","RU","Russia",2020-04-08,1.7247161443667,1.26868682115677,2.23833063707973
"RUS","RU","Russia",2020-04-09,1.82832102699215,1.39512115401705,2.30980496816112
"RUS","RU","Russia",2020-04-10,1.93871423320465,1.51867998995521,2.40109586145075
"RUS","RU","Russia",2020-04-11,2.03056201309381,1.62580274434771,2.47252742716266
"RUS","RU","Russia",2020-04-12,2.37857910256422,1.96839327915308,2.82094068780764
"RUS","RU","Russia",2020-04-13,2.18424093332205,1.82174873824415,2.57400854511797
"RUS","RU","Russia",2020-04-14,2.14225293582911,1.81483093635185,2.49221733857904
"ESP","ES","Spain",2020-03-15,6.79207071152349,6.11691384225524,7.49669775221003
"ESP","ES","Spain",2020-03-16,4.47737047773752,4.06615784718146,4.90510909870716
"ESP","ES","Spain",2020-03-17,4.33340372689744,4.01327774831778,4.66379355980865
"ESP","ES","Spain",2020-03-18,3.50411464513086,3.26603688006976,3.74919399364562
"ESP","ES","Spain",2020-03-19,3.02009544722741,2.8345602284983,3.2105499637426
"ESP","ES","Spain",2020-03-20,2.70665211821292,2.55569207843728,2.86123682910564
"ESP","ES","Spain",2020-03-21,2.66175415475193,2.5303661850946,2.79592624674953
"ESP","ES","Spain",2020-03-22,2.76029125009825,2.641375423483,2.88140023708699
"ESP","ES","Spain",2020-03-23,2.71486327881924,2.60986444544139,2.82159723549937
"ESP","ES","Spain",2020-03-24,2.62321858147065,2.53161964519621,2.71618192841844
"ESP","ES","Spain",2020-03-25,2.66634832467827,2.58427192745447,2.74950054060662
"ESP","ES","Spain",2020-03-26,2.49467882290096,2.42392510067619,2.56628613403083
"ESP","ES","Spain",2020-03-27,2.24707796295516,2.18717432404131,2.30766038933829
"ESP","ES","Spain",2020-03-28,2.03068530656019,1.97948818082112,2.08243073872802
"ESP","ES","Spain",2020-03-29,1.79527429187634,1.75144816322753,1.83955473931231
"ESP","ES","Spain",2020-03-30,1.66907256533196,1.63008306513117,1.70844865403434
"ESP","ES","Spain",2020-03-31,1.43146619972122,1.39771445503144,1.46555576098854
"ESP","ES","Spain",2020-04-01,1.33394116718925,1.30313420580523,1.36505008227079
"ESP","ES","Spain",2020-04-02,1.27127022857735,1.24244251259546,1.3003753301049
"ESP","ES","Spain",2020-04-03,1.19250529553282,1.1654791565427,1.21979133465967
"ESP","ES","Spain",2020-04-04,1.11610241716663,1.09063231031743,1.1418191765802
"ESP","ES","Spain",2020-04-05,1.02710606064575,1.00315411439194,1.05129508292998
"ESP","ES","Spain",2020-04-06,0.991497401862035,0.968262932940323,1.01496297959308
"ESP","ES","Spain",2020-04-07,0.93698748602937,0.914522879407955,0.959680761796607
"ESP","ES","Spain",2020-04-08,0.894254952922332,0.872307519930201,0.916431133140116
"ESP","ES","Spain",2020-04-09,0.86407346405611,0.842388306334186,0.885989789792123
"ESP","ES","Spain",2020-04-10,0.857677190614886,0.835856917811579,0.879733301642884
"ESP","ES","Spain",2020-04-11,0.845284618051089,0.823328747477322,0.867482823469467
"ESP","ES","Spain",2020-04-12,0.850492455094915,0.828127657945519,0.873107193067256
"ESP","ES","Spain",2020-04-13,0.843441207980758,0.82080032630734,0.866340441786938
"ESP","ES","Spain",2020-04-14,0.767210890968906,0.745260131828842,0.789428825165838
"SWE","SE","Sweden",2020-03-28,3.85223445375374,3.1916720871453,4.56429449677992
"SWE","SE","Sweden",2020-03-29,2.4147312583176,2.00297890318601,2.85838925242155
"SWE","SE","Sweden",2020-03-30,2.26790321652998,1.92582250908428,2.6332038421629
"SWE","SE","Sweden",2020-03-31,1.96253923914392,1.67628882265263,2.26753290420318
"SWE","SE","Sweden",2020-04-01,2.24525103221443,1.96402441783061,2.5421344963098
"SWE","SE","Sweden",2020-04-02,2.38505256269376,2.11718880205979,2.66620629217525
"SWE","SE","Sweden",2020-04-03,2.47304239574247,2.2234603127543,2.73369267284561
"SWE","SE","Sweden",2020-04-04,2.09807585204906,1.89029293227064,2.31489317971502
"SWE","SE","Sweden",2020-04-05,1.65816937802426,1.49146503637795,1.83223695316064
"SWE","SE","Sweden",2020-04-06,1.62985623218731,1.47772828951815,1.78820181594997
"SWE","SE","Sweden",2020-04-07,1.70523558621617,1.55874413399029,1.85721883712178
"SWE","SE","Sweden",2020-04-08,1.6449339994949,1.50863995078545,1.78614928819902
"SWE","SE","Sweden",2020-04-09,1.6836752257646,1.55327646152283,1.81846424201761
"SWE","SE","Sweden",2020-04-10,1.71692107225145,1.59236097439057,1.84540080237867
"SWE","SE","Sweden",2020-04-11,1.49544439866076,1.38575366176467,1.60862625395873
"SWE","SE","Sweden",2020-04-12,1.15804369620712,1.06701088179803,1.25218894739868
"SWE","SE","Sweden",2020-04-13,0.824225599607983,0.750932888370684,0.900366378244333
"SWE","SE","Sweden",2020-04-14,0.83507488360502,0.762730755565825,0.910154908499645
"CHE","CH","Switzerland",2020-03-23,3.50765875918193,2.93452826256504,4.12319356979804
"CHE","CH","Switzerland",2020-03-24,2.40066086303541,2.01039568019965,2.81964247401695
"CHE","CH","Switzerland",2020-03-25,2.12827894963224,1.81000998338259,2.46795280717742
"CHE","CH","Switzerland",2020-03-26,2.10695861628015,1.82087532467868,2.41039503510588
"CHE","CH","Switzerland",2020-03-27,2.01413717225964,1.757225816303,2.28563032156635
"CHE","CH","Switzerland",2020-03-28,1.81308236503578,1.58864354572178,2.04986165188952
"CHE","CH","Switzerland",2020-03-29,1.68010433865145,1.48010398351333,1.89065582832241
"CHE","CH","Switzerland",2020-03-30,1.92872282596773,1.72779151481768,2.1388663835774
"CHE","CH","Switzerland",2020-03-31,2.01081308874319,1.81765578633404,2.21210530986905
"CHE","CH","Switzerland",2020-04-01,1.84801673844414,1.67552607400046,2.02755729145317
"CHE","CH","Switzerland",2020-04-02,1.62614531521699,1.47631909380284,1.78201286730718
"CHE","CH","Switzerland",2020-04-03,1.51705447790986,1.38195192561658,1.6574151100428
"CHE","CH","Switzerland",2020-04-04,1.51693532632549,1.38908210077929,1.64948758461494
"CHE","CH","Switzerland",2020-04-05,1.34195698662052,1.2273088157786,1.46087858213664
"CHE","CH","Switzerland",2020-04-06,1.14781435841805,1.04634967275416,1.25319762068149
"CHE","CH","Switzerland",2020-04-07,1.07775644289825,0.982624622701236,1.17655665134472
"CHE","CH","Switzerland",2020-04-08,1.11847838966184,1.02331410109092,1.21717476464279
"CHE","CH","Switzerland",2020-04-09,1.08903862746862,0.996125701903619,1.18540988051133
"CHE","CH","Switzerland",2020-04-10,1.00513889917638,0.916804819304897,1.09686374598642
"CHE","CH","Switzerland",2020-04-11,0.944652350934221,0.859761279172074,1.03287856710854
"CHE","CH","Switzerland",2020-04-12,0.99847332602913,0.911356108602336,1.08890958847179
"CHE","CH","Switzerland",2020-04-13,0.933747461917386,0.84932105997179,1.02151196814744
"CHE","CH","Switzerland",2020-04-14,0.827117837339377,0.747526834549479,0.910066965380159
"TUR","TR","Turkey",2020-03-28,2.34146268491638,1.925642643219,2.79095967968931
"TUR","TR","Turkey",2020-03-29,2.1069264505616,1.76441241656755,2.47464329556392
"TUR","TR","Turkey",2020-03-30,2.25233683671983,1.93152812722124,2.59362443294199
"TUR","TR","Turkey",2020-03-31,2.36098582965016,2.05889775938005,2.68027631271489
"TUR","TR","Turkey",2020-04-01,2.55421986844532,2.2666697316886,2.85607269920077
"TUR","TR","Turkey",2020-04-02,2.72350771977362,2.45428303538265,3.00441570364913
"TUR","TR","Turkey",2020-04-03,2.61673433470113,2.38013774543418,2.86268562901436
"TUR","TR","Turkey",2020-04-04,2.41319186361335,2.21087726175878,2.62290125988111
"TUR","TR","Turkey",2020-04-05,2.11125031911183,1.94211421612946,2.28628380181068
"TUR","TR","Turkey",2020-04-06,1.84532229995653,1.70240415050592,1.99305220277549
"TUR","TR","Turkey",2020-04-07,1.60034602017199,1.47817753328362,1.72656666844705
"TUR","TR","Turkey",2020-04-08,1.41763963192793,1.31035399836763,1.52845197544408
"TUR","TR","Turkey",2020-04-09,1.34901573274304,1.24976437724302,1.45143588673432
"TUR","TR","Turkey",2020-04-10,1.30069798529713,1.20707114268392,1.39724730444979
"TUR","TR","Turkey",2020-04-11,1.27054819915797,1.18098690874829,1.36284528891818
"TUR","TR","Turkey",2020-04-12,1.24952236478173,1.16319533470658,1.33843231004377
"TUR","TR","Turkey",2020-04-13,1.2336800125452,1.15007767370646,1.31973444443124
"TUR","TR","Turkey",2020-04-14,1.21685722663826,1.13577899556723,1.30027240950361
"GBR","UK","United Kingdom",2020-03-20,4.74735181609502,4.14180785956902,5.38726528036648
"GBR","UK","United Kingdom",2020-03-21,4.10861739079827,3.65678447154558,4.58237720603813
"GBR","UK","United Kingdom",2020-03-22,2.95136635355415,2.63671662755309,3.2807957636274
"GBR","UK","United Kingdom",2020-03-23,2.61503475458679,2.36383634050751,2.87681251852661
"GBR","UK","United Kingdom",2020-03-24,2.51856667128672,2.30190335138602,2.74336420390573
"GBR","UK","United Kingdom",2020-03-25,1.87640776328308,1.70955173209072,2.04974762096721
"GBR","UK","United Kingdom",2020-03-26,1.8697082414258,1.71901073336016,2.02569337687273
"GBR","UK","United Kingdom",2020-03-27,2.09493904229369,1.94712837981479,2.24726917688073
"GBR","UK","United Kingdom",2020-03-28,2.54035516313724,2.38862506753473,2.69599357533099
"GBR","UK","United Kingdom",2020-03-29,2.58392422945816,2.4434390831128,2.72769552673408
"GBR","UK","United Kingdom",2020-03-30,2.30132323984818,2.18217460076313,2.42312286959927
"GBR","UK","United Kingdom",2020-03-31,2.47687448514773,2.36602323995435,2.5898511364422
"GBR","UK","United Kingdom",2020-04-01,2.7054943237052,2.60074099652331,2.81198068282762
"GBR","UK","United Kingdom",2020-04-02,2.66002058067777,2.56664778517897,2.75479164008789
"GBR","UK","United Kingdom",2020-04-03,2.51835956734047,2.4374750506259,2.60035092129002
"GBR","UK","United Kingdom",2020-04-04,2.38227149563811,2.31217550642588,2.4532452114344
"GBR","UK","United Kingdom",2020-04-05,2.18976028832634,2.12946665494574,2.25075984252074
"GBR","UK","United Kingdom",2020-04-06,1.81975727926612,1.7700560210663,1.87003568824242
"GBR","UK","United Kingdom",2020-04-07,1.61927155468834,1.57635295886405,1.66267364119589
"GBR","UK","United Kingdom",2020-04-08,1.54415324504296,1.50506517851858,1.58366164296387
"GBR","UK","United Kingdom",2020-04-09,1.44684677293088,1.41105172683408,1.48301792473349
"GBR","UK","United Kingdom",2020-04-10,1.39676679130235,1.36323223540121,1.43064317798715
"GBR","UK","United Kingdom",2020-04-11,1.36736495683688,1.33552963009893,1.39951487616008
"GBR","UK","United Kingdom",2020-04-12,1.34631840702714,1.31587306343084,1.37705588559175
"GBR","UK","United Kingdom",2020-04-13,1.2405270342651,1.21228839822461,1.26903844161199
"GBR","UK","United Kingdom",2020-04-14,1.12900773020611,1.10290259661197,1.15536904034054
"USA","US","US",2020-03-14,3.10393262731005,2.283226970936,4.02827301050782
"USA","US","US",2020-03-15,2.71007732601946,2.06082866437688,3.43259814461029
"USA","US","US",2020-03-16,2.86089923197536,2.27228803110884,3.50554269732794
"USA","US","US",2020-03-17,2.84070463112617,2.31682415697392,3.40879822374629
"USA","US","US",2020-03-18,2.40672935266886,1.979318612268,2.86875576813363
"USA","US","US",2020-03-19,3.69070097738406,3.21551176820265,4.19313016477767
"USA","US","US",2020-03-20,3.6098211918309,3.19119941742565,4.04992624824327
"USA","US","US",2020-03-21,3.39289401101807,3.04439379292988,3.75713694736251
"USA","US","US",2020-03-22,3.35160333603031,3.05532774366968,3.65932112225031
"USA","US","US",2020-03-23,3.35141596114776,3.0958524689893,3.61544656165035
"USA","US","US",2020-03-24,3.26316532065085,3.04519841778547,3.48743098865079
"USA","US","US",2020-03-25,3.06544807947686,2.88284229705456,3.2527446418259
"USA","US","US",2020-03-26,2.99340247462514,2.8367658898749,3.15356224233976
"USA","US","US",2020-03-27,3.01001454842249,2.87271294238678,3.15000033371753
"USA","US","US",2020-03-28,2.91458009429433,2.79613944090003,3.03507904003557
"USA","US","US",2020-03-29,2.6559355131709,2.55679758962712,2.75665365134452
"USA","US","US",2020-03-30,2.45075545374845,2.36682014344122,2.53591668295135
"USA","US","US",2020-03-31,2.50775566522638,2.43206684638811,2.58441697323568
"USA","US","US",2020-04-01,2.44920627591796,2.38197707370643,2.51722014312131
"USA","US","US",2020-04-02,2.4212123128533,2.36111979881723,2.48193827242255
"USA","US","US",2020-04-03,2.28282517679353,2.23030651454382,2.33585660289761
"USA","US","US",2020-04-04,2.1816510817472,2.13530402155646,2.22841567735344
"USA","US","US",2020-04-05,2.01123884892246,1.97081963088177,2.05200236359346
"USA","US","US",2020-04-06,1.75005790219358,1.71557591204823,1.78482781752544
"USA","US","US",2020-04-07,1.72242745407873,1.69080784860167,1.75429290899331
"USA","US","US",2020-04-08,1.66140648886448,1.63233337118729,1.69069500627492
"USA","US","US",2020-04-09,1.57689738267853,1.55022913589445,1.60375653317676
"USA","US","US",2020-04-10,1.5268241542006,1.50201871020576,1.5518001319944
"USA","US","US",2020-04-11,1.46789407411535,1.44478627330867,1.4911557734711
"USA","US","US",2020-04-12,1.38497023253016,1.36355117879508,1.40652941295141
"USA","US","US",2020-04-13,1.22411718966981,1.20481411392051,1.24354904500306
"USA","US","US",2020-04-14,1.17557990078342,1.15731797825764,1.1939618324593
