"SubredditName","SubredditCovidSubmissions","SubredditTotalSubmissions","CovidPct"
"u_toronto_news","1974","7883","25.041227958898897"
"AutoNewspaper","215","3325","6.466165413533835"
"DDnews","196","950","20.63157894736842"
"Coronavirus","169","580","29.137931034482758"
"news","165","3261","5.059797608095677"
"newsbotbot","116","2250","5.155555555555556"
"AskReddit","115","18242","0.6304133318715053"
"u_nnnnews247","112","455","24.615384615384617"
"legaladvice","93","901","10.321864594894562"
"relationship_advice","90","1894","4.7518479408658925"
"InNews","77","381","20.20997375328084"
"conspiracy","72","1057","6.811731315042573"
"worldnews","68","1439","4.72550382209868"
"Advice","60","1110","5.405405405405405"
"China_Flu","58","179","32.402234636871505"
"AmItheAsshole","56","1313","4.265041888804265"
"u_snehawiseguy","49","120","40.833333333333336"
"HTauto","48","213","22.535211267605632"
"Unemployment","48","562","8.540925266903914"
"autotldr","44","372","11.827956989247312"
"personalfinance","44","546","8.058608058608058"
"AskDocs","43","694","6.195965417867435"
"REUTERSauto","43","534","8.05243445692884"
"interestingnewsworld","42","530","7.9245283018867925"
"pennystocks","42","1385","3.032490974729242"
"COVID19positive","40","81","49.382716049382715"
"niuz","40","328","12.195121951219512"
"politics","35","2095","1.6706443914081146"
"COVID19","33","75","44.0"
"Tonnie_Taller","32","240","13.333333333333334"
"india","32","536","5.970149253731344"
"NoStupidQuestions","31","2113","1.4671083767155704"
"offmychest","28","1050","2.6666666666666665"
"u_correcturhealth","28","357","7.8431372549019605"
"u_asHIsh15-2000","27","30","90.0"
"u_lindabrown421","27","50","54.0"
"TheTwitterFeed","26","1853","1.4031300593631948"
"memes","25","14651","0.17063681659954952"
"relationships","25","682","3.665689149560117"
"THEHINDUauto","24","270","8.88888888888889"
"Mexico_News","23","103","22.33009708737864"
"bharatnews","22","310","7.096774193548387"
"unpopularopinion","22","2944","0.7472826086956522"
"IOLauto","21","91","23.076923076923077"
"NZHauto","21","93","22.580645161290324"
"TrueOffMyChest","21","586","3.583617747440273"
"depression","21","654","3.2110091743119265"
"teenagers","21","8525","0.24633431085043989"
"AnythingOntario","19","147","12.92517006802721"
"canada","19","144","13.194444444444445"
"jobs","19","215","8.837209302325581"
"segabgforum","19","182","10.43956043956044"
"stocks","19","522","3.6398467432950192"
"StonkFeed","16","637","2.511773940345369"
"TIMESINDIAauto","16","125","12.8"
"TWTauto","16","287","5.574912891986063"
"rant","16","294","5.442176870748299"
"u_ekjhkhe123","16","18","88.88888888888889"
"u_sakkk18","16","20","80.0"
"ukpolitics","16","216","7.407407407407407"
"Conservative","15","1020","1.4705882352941178"
"CoronavirusUK","15","102","14.705882352941176"
"IRISHTIMESauto","15","116","12.931034482758621"
"Showerthoughts","15","3596","0.41713014460511677"
"ottawa","15","117","12.820512820512821"
"viral","15","63","23.80952380952381"
"ActualidadMundial","14","35","40.0"
"AssistedLiving","14","57","24.56140350877193"
"COVID19_commentary","14","157","8.9171974522293"
"TheNewsFeed","14","578","2.422145328719723"
"CasualConversation","13","444","2.9279279279279278"
"Christianity","13","383","3.3942558746736293"
"Coronavirus_NZ","13","26","50.0"
"LockdownSkepticism","13","73","17.80821917808219"
"Philippines","13","550","2.3636363636363638"
"starbucks","13","156","8.333333333333334"
"u_toutfilm","13","228","5.701754385964913"
"Anxiety","12","315","3.8095238095238093"
"AnythingGoesNews","12","365","3.287671232876712"
"ApplyingToCollege","12","251","4.780876494023905"
"LegalAdviceUK","12","131","9.16030534351145"
"Teachers","12","144","8.333333333333334"
"TooAfraidToAsk","12","507","2.366863905325444"
"careerguidance","12","152","7.894736842105263"
"prisons","12","48","25.0"
"PersonalFinanceCanada","11","158","6.962025316455696"
"TheColorIsBlue","11","180","6.111111111111111"
"WayOfTheBern","11","246","4.471544715447155"
"dirtypenpals","11","2463","0.4466098254161592"
"dirtyr4r","11","1642","0.6699147381242387"
"unitedkingdom","11","184","5.978260869565218"
"IndiaSpeaks","10","277","3.6101083032490973"
"IndustrialPharmacy","10","40","25.0"
"SingaporeR","10","61","16.39344262295082"
"dating_advice","10","366","2.73224043715847"
"ireland","10","178","5.617977528089888"
"GUARDIANauto","9","160","5.625"
"NoRules","9","293","3.0716723549488054"
"TORONTOSTARauto","9","192","4.6875"
"Vent","9","218","4.128440366972477"
